instance,recent_max,z_score,historical_mean,historical_std
instance-117f27cd-e566-4982-93d3-49208c6d3403,0.07,inf,0.06,0.0
instance-1895251e-2d11-44e6-9893-903c8eb90eab,1.36,inf,1.32,0.0
instance-b86691a6-9600-4e07-8f53-a96139c6ea89,0.12,inf,0.11,0.0
instance-c4d00e61-12b2-4e6c-8ac4-eb9c89256b4e,0.26,inf,0.14,0.0
instance-fddf7737-fddb-4773-8896-c158f7d506e8,39.94,907.82,0.63,0.04
instance-7af41c3a-8c07-4cb0-b6a2-402f3a7fc528,13.56,460.01,0.57,0.03
instance-bfdadc04-989a-424b-9078-e8873661e748,17.5,422.45,0.61,0.04
instance-bfdb0a76-a179-4e9e-b01a-6873cddbb36e,41.46,416.31,0.53,0.1
instance-1f36a649-23cd-4e96-9e7d-8ebd6cb8476c,12.62,356.14,0.63,0.03
instance-ced80683-a23d-442c-9967-979d8d9774aa,62.54,346.75,5.2,0.17
instance-69f19e2f-a22f-497a-9e31-8d097ecc1c12,40.44,282.82,2.58,0.13
instance-d1e3a757-00ff-491a-a394-e25653089b77,25.07,274.68,1.21,0.09
instance-0a9cdb04-a336-4041-b6eb-8319f42a7763,5.42,272.78,0.36,0.02
instance-01dcc5b4-25cb-4c49-b5bc-7466d79559da,28.95,243.87,2.45,0.11
instance-da82cf05-eff7-4367-8bd9-796c16ab37ec,81.39,220.25,6.38,0.34
instance-fad5ce24-fd45-47a2-8e6d-6ee9291e0784,86.77,218.36,5.98,0.37
instance-df69980c-1ea3-45a8-b07a-ea96935f16c8,8.61,215.04,0.61,0.04
instance-48af1275-6ef9-4ba7-80ba-a796867a30f7,10.87,204.46,0.99,0.05
instance-efb2dd60-78c1-4a25-be40-837772962285,4.75,201.23,0.78,0.02
instance-ab0d99d3-b85c-4935-a8a2-fcb6ff002960,11.67,198.67,2.57,0.05
instance-085c3397-eb18-48d8-a19c-2a9600c45271,19.43,196.51,1.24,0.09
instance-4516a975-6a2c-476a-951a-2a3dfce65c83,6.76,189.83,0.9,0.03
instance-d096aa9f-af64-4020-a075-c0b9702b8dd3,18.76,185.98,3.98,0.08
instance-41e36834-a9c6-4f06-9aaf-df5ddeaf6836,23.62,179.2,2.03,0.12
instance-0d54994c-faa5-4f79-8179-5331250a8a2b,9.86,171.82,0.85,0.05
instance-6bc6dfa0-4daa-44dc-b79a-2b5b0f4bb239,17.65,171.07,1.03,0.1
instance-b1d43bfc-28cc-44f5-9d81-66b4ea399788,65.7,169.41,7.14,0.35
instance-9824be3c-b73e-4bf7-adfd-0fbd8df38b7b,14.07,166.9,1.25,0.08
instance-de4185d3-07fe-4b1a-ae7a-e4fa43fc233f,4.51,161.47,0.76,0.02
instance-ecc86f65-0d01-447d-8e0e-a34f25549c43,40.31,153.55,8.15,0.21
instance-b241890b-b57f-434c-af17-0d32dab90773,2.28,146.89,0.83,0.01
instance-8fa251cc-69a7-45fb-a496-5764ee76ccbf,38.58,144.03,8.24,0.21
instance-04cee4cf-7ba8-4243-a72e-8442bec210df,11.36,142.11,1.11,0.07
instance-3cb466bf-c653-4cd8-9a3c-dc36999b5fde,8.83,140.43,0.83,0.06
instance-f4ed10a9-4d03-49e1-882d-bcde37f60db7,81.21,136.79,9.64,0.52
instance-6001b059-e18d-4659-9404-c289af1cd43c,13.95,132.52,2.05,0.09
instance-9bb06edf-a34e-442b-b6ff-f759d43e369d,13.95,129.35,1.42,0.1
instance-708d2dcf-d891-4f34-baba-ff474ad2e5fe,30.46,125.93,8.73,0.17
instance-85b8b38b-4445-4121-80dc-aa9e8fa8031a,1.37,124.66,0.51,0.01
instance-0c426b65-473d-4a61-bc17-b781477d68ba,61.97,119.27,3.03,0.49
instance-f624ed7d-f7ea-4931-aef2-fe58b042a81e,8.46,119.23,1.85,0.06
instance-385ba08d-aa1a-4004-906a-f18e5db1e5cb,6.7,113.23,2.89,0.03
instance-5dd9ec3c-8994-46ed-b0d4-c049de06a8cc,13.44,111.43,1.9,0.1
instance-329c8e39-278b-48e2-ae89-3f9206739c16,8.87,110.27,1.0,0.07
instance-7dcaac7d-d4f7-4b4e-8366-3bcc86f205ff,15.02,109.74,1.49,0.12
instance-e73d8fe1-934b-4cef-a0f5-12167845da06,27.23,109.45,7.87,0.18
instance-cd52df58-503c-4fa7-a068-2f3d7648a1d3,45.32,108.88,7.53,0.35
instance-a2c4f41d-8bc2-499b-8726-2bed6b672e83,6.95,106.71,2.13,0.05
instance-5859f9f7-963a-4060-9a97-87336b2155ba,25.23,106.68,4.13,0.2
instance-3dc9ab7e-37bd-436b-8b4f-4892db82578e,9.1,106.49,0.99,0.08
instance-d99ad7ad-5cd3-4d0b-b4a6-cf936d516194,1.96,105.97,0.21,0.02
instance-3d567237-7536-4ebe-a1ee-cd6b9edb0518,6.52,105.9,0.7,0.05
instance-4636895a-8e2b-4b63-b4eb-ffbb55ea9486,8.76,105.81,1.0,0.07
instance-73edfa05-2de0-4c50-a499-7d41f5ad9c3a,7.77,104.42,1.16,0.06
instance-5d83d5e1-f24e-4018-82e9-3b2a177b5352,40.23,102.43,2.01,0.37
instance-cd487ac7-5954-499c-82aa-48902f30f1b2,45.69,99.77,2.24,0.44
instance-251c6534-4aed-46a0-bcf9-90a140931660,99.66,98.91,7.03,0.94
instance-d785ed71-e0f2-4249-9784-796ccb634f17,16.76,97.46,0.97,0.16
instance-60b607c9-d8c9-406a-84b9-500f952401a6,12.05,96.14,1.08,0.11
instance-db489c45-93f6-4bbd-be4a-0d77d30ea5b0,9.66,94.76,1.01,0.09
instance-0b489648-28e2-4d9a-9ac6-86583f5cce3b,15.29,93.03,4.37,0.12
instance-75a6810b-bddd-461b-b3c6-b89bd4d5ec22,5.26,92.85,0.31,0.05
instance-e7ae5307-e4fd-425c-9541-ef743608e7d4,40.4,89.28,16.34,0.27
instance-00c761d6-2c4e-4fd7-89cc-bc3ab2f9d812,12.87,88.18,0.49,0.14
instance-6941a175-1f94-41ce-920e-8ff630edc533,16.93,87.93,3.4,0.15
instance-a0cea856-d611-4509-b803-d1c1225bff08,3.2,85.37,0.53,0.03
instance-68366ff8-3fda-40bb-9592-80d28db095d1,11.26,85.3,1.21,0.12
instance-35a394e2-ee86-4fbc-afaf-9d6a16b853eb,8.36,84.75,3.44,0.06
instance-ce443729-97da-42d8-bfc0-8b82586e8fd1,40.39,83.2,4.8,0.43
instance-ebd3ef7b-c703-4917-915a-1b3463280d17,8.36,82.86,3.5,0.06
instance-19d7dd4f-c638-4f41-8cab-3f141b6e6482,27.22,81.93,1.4,0.32
instance-54f1c84d-56c2-4f16-b085-344bfb637d95,20.5,81.93,4.21,0.2
instance-2197cf19-c8e8-438f-be31-65bd8f1bc878,16.75,81.9,1.02,0.19
instance-5c19acf4-aba7-4e48-8698-68e485f03bee,37.77,81.66,15.19,0.28
instance-47ccaf09-cd36-4cc2-9960-33243beb5c97,47.52,81.33,0.58,0.58
instance-bf769737-18ba-4229-bd33-487404397872,7.92,81.27,3.29,0.06
instance-20044f82-6927-4942-a38c-5a9bdf54026e,50.43,80.76,8.1,0.52
instance-54cacd6f-2da6-4ab0-98be-c591d28cb022,29.92,80.05,8.45,0.27
instance-1ea3c8ff-c642-4238-af31-8e7f66e443b3,10.11,79.4,0.96,0.12
instance-7d179d6f-593c-45b7-b780-2d441eae1d19,9.87,78.75,3.4,0.08
instance-8ab9204c-bba8-4dc6-b60d-cc9018df2359,4.04,77.31,0.64,0.04
instance-adc0d9ad-3c97-45a9-8a1a-784b1425dac4,15.64,76.61,1.04,0.19
instance-c6d7aac4-da16-466f-8bc1-4b1f2f5d4af5,30.26,76.07,6.44,0.31
instance-45c3659f-02f4-4f6b-8927-28668dfef644,10.11,75.03,3.94,0.08
instance-82dcc1e6-5065-4450-966d-df1d756778d5,8.75,73.79,1.27,0.1
instance-bb007f4a-45c8-46fe-b078-3a53ad7c6054,9.71,73.67,3.46,0.08
instance-ff27b1bf-0423-4b10-ab80-e94c614672c1,7.95,73.58,3.64,0.06
instance-d3a297a7-1106-45a3-855b-4ef5d6748618,4.46,73.39,0.28,0.06
instance-4ada6a91-47e4-49df-9dce-4bd9b085734d,7.06,72.74,1.16,0.08
instance-24abee6e-c45b-4073-af43-8adaf662c2b0,99.15,72.42,15.33,1.16
instance-e734accd-61e6-4dc0-a36b-b48be274e0e8,5.85,72.34,1.95,0.05
instance-cb926eb5-1e0a-4c77-acc1-bccad73130ec,11.83,70.46,4.32,0.11
instance-24af25a5-836f-4ea4-9fd8-522f4eee7894,37.8,69.55,8.84,0.42
instance-4212a498-deb4-4159-9110-d6cf6e5df0d8,9.25,69.05,1.48,0.11
instance-0c525886-7558-4a4a-811b-d757104de68e,7.87,68.93,1.21,0.1
instance-edad1b68-f5ab-4975-bd4e-1c5c50543d31,5.19,68.64,2.39,0.04
instance-70e456da-84c0-43b7-8aa6-6a550a205566,26.15,68.55,6.17,0.29
instance-c279c97a-61d4-45a2-8c80-ed98ea63268c,16.01,67.79,1.06,0.22
instance-97ea416e-2c52-4a7f-8897-18815f789426,22.41,67.52,1.1,0.32
instance-f8d75b08-0ef4-41a2-bc7d-5f6f6cbd66e5,31.04,67.34,5.28,0.38
instance-dcca3b35-2925-4221-b3b6-78939f248d33,8.02,67.18,3.35,0.07
instance-f881290e-e065-447a-b17e-6524a995f3a5,7.21,67.11,0.44,0.1
instance-c7ca1d3d-86b2-43ac-a81c-e146224e0a7c,5.61,66.94,1.27,0.06
instance-3c257b89-58e4-432e-ba2d-0c7173b2b81f,5.33,66.67,1.88,0.05
instance-b7153559-7483-4d3c-a198-d3e9af573526,9.28,65.64,1.36,0.12
instance-a8799106-ef98-43f8-a39a-f51e913c610d,9.19,65.19,1.01,0.13
instance-1e74e36f-6a11-4dab-bd00-62dafaafd824,4.84,64.71,0.98,0.06
instance-90caf81d-af82-453f-8471-b2e8987cda6c,32.12,64.6,5.78,0.41
instance-aee72b44-791b-40d6-80fc-e4122a43c0f3,9.57,64.53,2.17,0.11
instance-d5b6ffe7-b2db-4008-b066-0fd71b6b379f,10.21,63.86,3.47,0.11
instance-e4489ad8-d753-46e5-87e1-06b53ead3467,46.92,63.05,1.22,0.72
instance-48ee3aa1-05e8-4a18-8f52-6ab68d040495,7.82,62.26,3.55,0.07
instance-eea0bdbd-96c6-4251-83fa-b9902d7edbc6,15.11,62.24,0.98,0.23
instance-ac7b5611-5d0a-419a-acab-0eeb9c334716,6.55,62.09,1.27,0.09
instance-23e4704e-3cc6-46f1-acd3-cbf01963e3ec,4.32,61.75,0.9,0.06
instance-f36a2fa4-1ef9-4482-9cdd-4e03eabc3cd7,12.19,61.11,2.4,0.16
instance-e354da97-05c4-4feb-9237-3cb47f14b56f,8.62,60.78,1.44,0.12
instance-999f932c-9cf8-429a-9860-5dfba8dcdd56,8.71,60.5,1.28,0.12
instance-b17ffb9d-72c7-4296-9403-3e3ae69d2ad2,32.81,60.28,6.78,0.43
instance-4e2d55f4-24bd-4475-8ca1-a73000d131df,9.86,60.09,1.97,0.13
instance-c2c90667-0001-4a7e-8b70-87a87c36e2a7,17.45,59.54,5.04,0.21
instance-aea57468-8d18-4c51-a35a-3dc4c0c2d716,8.1,59.45,3.2,0.08
instance-cf7f8e57-5f4a-49b7-900d-8582393cdefd,11.44,59.34,6.28,0.09
instance-20304033-3c55-4c3e-a6d8-26bef5c98ade,5.55,59.26,1.24,0.07
instance-80fd811a-9b2e-4d0e-8625-19c3468ca633,6.35,59.16,3.4,0.05
instance-1545a7a4-1ffc-4c2d-b2d8-14c64a4e1a6e,11.71,59.02,2.29,0.16
instance-8eee82ca-c209-4176-9b46-fd0edff41d68,4.12,58.44,2.04,0.04
instance-65e2efa3-87b4-4cc2-819f-7b9c73746832,47.3,57.85,9.88,0.65
instance-fea861d3-9795-4481-b98b-48baa7198788,23.52,57.75,8.51,0.26
instance-0f31a8f7-4740-48e2-8406-b1e9d6077148,14.88,57.62,4.72,0.18
instance-8356c677-1f1e-41ae-9fc8-83b58bd8eb43,41.75,57.39,2.43,0.69
instance-8f2a3d4d-5fe5-43de-a512-fe409ce18590,7.11,56.74,1.85,0.09
instance-55ec3ba1-f949-4f55-bd45-a3b5563f6d3b,2.34,56.35,0.27,0.04
instance-8bb62263-7611-49aa-aeb1-bf7f9275fbf0,5.18,56.21,1.18,0.07
instance-64e3c971-8c15-43af-8c04-c2825d21960d,9.06,56.07,1.02,0.14
instance-94fc08a1-d264-4a46-aeb0-2cde4e46142e,54.17,55.59,13.12,0.74
instance-399effd6-3f74-4f7c-84ef-2c698488d309,8.11,54.93,1.01,0.13
instance-b3d8e413-f1af-4459-bc1a-f59966c02cac,6.26,54.91,1.03,0.1
instance-b3792d4e-a677-4161-8f67-dd6bc9cd519e,2.43,54.04,0.28,0.04
instance-10dfa43e-1541-4821-a3eb-bfcebd5c6eb1,7.05,54.03,1.27,0.11
instance-c6c8e517-b28c-4699-bffb-fb984391af18,6.94,53.81,1.28,0.11
instance-0f573206-5d11-48be-8f76-929ca6e9551e,7.24,53.72,3.05,0.08
instance-8791535d-5832-4b6c-82f9-e3d65f0b2657,6.71,53.62,1.28,0.1
instance-64beb97a-cb83-491f-aeea-f70e43ff2d23,7.86,53.39,3.52,0.08
instance-fae7a40d-7734-4664-92ba-68aca9c43078,69.82,52.1,3.67,1.27
instance-20ec5f36-dd17-4399-a9b8-fb427fedab05,12.02,51.5,4.13,0.15
instance-6cb7c7bc-6876-4f65-80ec-af9c63b2341a,7.66,51.43,1.25,0.12
instance-1cc5f839-81f0-45d1-9fe9-cc98f52da381,14.5,51.05,2.88,0.23
instance-430392e7-e27c-4bc6-88a7-0743355d49f3,26.63,49.71,2.89,0.48
instance-f62b7128-1d22-40d2-af21-051bb24dc8b3,4.12,49.38,0.77,0.07
instance-24564aed-a3e7-4c60-b558-1290f1a7f580,5.72,49.25,1.39,0.09
instance-eaafe7d2-4e16-4b99-a7ea-944e3db12c7a,21.67,49.03,7.73,0.28
instance-44b4b2d7-a18c-4e3d-a386-c3b4924dc1d3,52.94,49.0,14.83,0.78
instance-f00c0d47-5fc9-4e19-9f8c-dccc7e6d336d,9.56,48.98,1.04,0.17
instance-a4e7ad93-8941-49bc-95a3-a6a24857b3fa,10.46,48.97,1.09,0.19
instance-9c2c0f95-e720-4d26-bbdd-e7944203045c,6.02,48.6,2.02,0.08
instance-51414cf5-2521-4e07-bbfa-490da1d8991d,10.16,48.59,1.07,0.19
instance-084b2882-b076-43b2-b5e3-6330b40595a2,43.25,48.19,17.87,0.53
instance-8e997494-2f6d-48e6-be75-4b79689c87f6,11.8,48.09,5.35,0.13
instance-05df32d6-8ab2-4cdf-be6b-e3f04ea7f44c,11.73,47.86,1.21,0.22
instance-a23ca401-bb1f-4063-9725-7c897eef130d,8.32,47.77,3.56,0.1
instance-7f03aa65-398a-44e3-9599-c90e062cb297,31.76,47.65,6.66,0.53
instance-aa70da9a-03b2-4afd-83cb-0850427fd8f9,33.65,47.62,4.23,0.62
instance-f9b7ff23-5320-4e6c-b889-508cd21846c4,8.78,47.51,2.39,0.13
instance-34a2f9cc-765c-480f-842a-f9f8477f0ef5,11.9,46.87,1.33,0.23
instance-46788161-1053-4409-ac81-7a9a4fba93de,8.73,46.78,3.0,0.12
instance-c36e2a7b-31cf-42e7-afa2-c55c7f316fb9,32.07,46.31,15.89,0.35
instance-4a09caca-f882-4a9d-a7c5-af37743ce5c8,8.87,46.2,3.63,0.11
instance-3cc875bc-3973-47a5-bfb0-d1eea175c0b6,19.32,45.96,5.25,0.31
instance-5cb9f32b-754a-44de-90cd-63a6b12a4e36,8.02,45.95,3.17,0.11
instance-e1e5c568-b1ee-4a17-8f0b-a7e360767a2f,32.56,45.53,6.85,0.56
instance-38c9aee0-9591-449a-9b68-ff2135d86e43,7.96,45.42,3.48,0.1
instance-7702317d-f35a-41f0-abca-292f770243dc,10.17,45.31,1.01,0.2
instance-f33ac9f9-ee91-48dd-b5ba-275c443ae46e,31.49,45.24,3.29,0.62
instance-c02f3e65-ba45-49eb-a290-480de86d3124,97.58,44.54,4.04,2.1
instance-f7ba5eae-1bea-4265-a560-796385a19aa5,8.0,44.53,3.57,0.1
instance-d3688391-e8e2-4d64-9c7f-c848216ee64b,9.14,44.48,4.64,0.1
instance-ff54ec15-726b-47da-a473-b1836d14ed96,65.86,44.4,11.88,1.22
instance-af789b6d-f894-40d9-84c3-225a03036f0c,100.0,44.33,8.92,2.05
instance-c5a47e15-be3a-4476-9feb-1655b8529e92,7.25,44.27,1.16,0.14
instance-197d452e-68a5-4990-a8fd-376ba641446c,11.25,44.22,6.36,0.11
instance-6f39321b-9dc6-4225-b1dc-a5ddbc930465,24.91,43.87,13.31,0.26
instance-b75414b5-a238-4f07-989b-c664f294a8b8,35.47,43.68,2.99,0.74
instance-23aa4a2c-f2d7-4be8-b9b1-5b99c5ce75f0,38.07,43.66,9.8,0.65
instance-b48728fd-da71-47ef-8d34-4ca6191b7286,10.01,43.64,1.14,0.2
instance-efd45ee7-e29a-4964-ada4-25521c844378,14.35,43.6,2.72,0.27
instance-09f85d75-3692-4107-92ee-e5a64d7aa281,10.38,43.58,0.99,0.22
instance-20dcd6a3-309d-4c9d-9b9c-c6afc01d8d0d,1.22,43.58,0.73,0.01
instance-7eddee91-811d-4186-b159-df804a4daded,6.8,43.39,0.33,0.15
instance-163498a8-23cb-4046-8f0c-e31fd55f04ca,4.19,43.23,0.89,0.08
instance-02e6357f-4c84-4f44-bb4d-7fd4e286e3c5,7.26,43.05,1.31,0.14
instance-2a4272c2-ffb1-4892-ac2e-305fb84e69a5,6.35,42.97,1.11,0.12
instance-7beda7a6-d102-49f5-a707-05e351d44606,9.1,42.49,1.44,0.18
instance-745cefdb-6082-4c0a-adbf-38c40fad110c,47.46,42.24,11.2,0.86
instance-cddd913a-6a6c-41e5-9500-3ac3186ced33,4.33,41.99,1.89,0.06
instance-44a40196-f650-48f4-9281-d784882863a5,8.81,41.98,1.06,0.18
instance-a4597d07-cf5c-4174-a3da-dbbf8c9c1376,31.47,41.86,8.86,0.54
instance-1d752c13-49ff-42d4-8084-aca2d872a4e7,56.08,41.75,9.03,1.13
instance-c4658957-e0c3-46a5-81df-b2ab501370af,8.3,41.75,0.95,0.18
instance-04cc2141-4551-46b3-a9e5-9b36562b6817,19.14,41.6,8.2,0.26
instance-774a42e0-ae43-4a4d-92cd-cc2b4c778e4e,7.65,41.58,1.82,0.14
instance-bedd19b6-443c-47d9-b8e7-d265a4d04ad0,8.91,41.07,1.96,0.17
instance-8a385b2f-124e-4b06-bf56-61223f5d105c,8.64,40.9,1.0,0.19
instance-ca2c6fec-520e-41e0-a8a5-b42b80e821a2,14.0,40.78,2.54,0.28
instance-150ca5c6-b5af-44da-8b98-c6e24cc54355,8.83,40.67,4.03,0.12
instance-defa253a-5424-45a4-8a8e-ca940c8fb215,5.35,40.43,1.13,0.1
instance-954e3ed8-2709-40d4-8ddd-9da5e8c5a3df,18.92,40.41,5.75,0.33
instance-f4de6b04-26d5-4654-b6b4-d30c052b4ee3,7.93,39.99,3.18,0.12
instance-845b0e5f-28dc-42db-af50-3eb0ff5804c6,44.61,39.95,2.53,1.05
instance-82e43912-a6be-422a-885f-56d82a1261c0,98.48,39.77,12.69,2.16
instance-11f3a601-69d0-4798-9ee1-7d69d36871b3,9.69,39.76,1.04,0.22
instance-7709bcc2-d548-4199-8e11-179c9a0f46cf,8.2,39.67,3.51,0.12
instance-8687d27e-a7a5-48b7-83fe-89c16ad4ac0a,4.66,39.53,2.1,0.06
instance-02ab9e34-0192-41cc-a6c6-61a3e5017340,9.52,39.5,2.15,0.19
instance-ca087401-04d0-43c7-a397-890f7d088ee7,10.19,39.2,1.09,0.23
instance-8cea7567-1a8e-4eb3-838c-9c00f0a23201,29.83,39.16,7.87,0.56
instance-fc235b6c-79b6-49e7-a19c-28931c9a80a4,7.71,39.07,1.29,0.16
instance-16ca2bb2-2c88-4fb0-8da1-e01d72a0212a,22.23,38.88,6.59,0.4
instance-9dd11058-1b7c-41c1-a242-b61ef8669913,5.08,38.76,1.3,0.1
instance-436fcae4-6cf7-46c0-b609-228889b9ee72,8.44,38.7,1.04,0.19
instance-e3bc9dc9-761b-453a-bf7e-c9973e1aa9d2,8.68,38.54,1.0,0.2
instance-d2527a70-acef-4d5e-bf45-df6e3edba36f,8.6,38.47,1.07,0.2
instance-87a6ed96-d7c1-4c7b-b33a-5b16fdf40403,10.52,38.33,1.1,0.25
instance-fcd2688d-ecd6-4ad6-9b9f-1409df92c519,33.19,38.32,3.36,0.78
instance-117a5d09-7c16-4efe-aa4b-a9f570588f78,8.18,38.16,0.96,0.19
instance-26770d15-41cb-46e6-837a-6a8f68809e18,9.73,38.12,1.03,0.23
instance-01c48db3-47b0-4a9c-a3e6-d07af32b3f18,33.57,38.09,7.93,0.67
instance-3e59eb36-7e6b-4e56-89be-e754ed2d8792,30.37,38.01,16.08,0.38
instance-49433c61-23ea-447a-ad52-3a0665ebe8c2,22.31,37.88,2.7,0.52
instance-a2669d5e-9f28-4fba-9acd-698d5e7877ab,7.82,37.1,4.44,0.09
instance-0f386f24-3ce2-4f22-812c-5e4f2cc4244f,7.87,36.96,3.1,0.13
instance-c94fc457-f67e-43d3-b08f-77c4f35254c0,6.38,36.93,4.39,0.05
instance-0126847d-dcc6-4ded-b79d-f3da53f932c4,19.82,36.77,6.18,0.37
instance-aa964185-293f-4f29-9478-8091fc29c2fc,24.88,36.77,9.15,0.43
instance-39eed1e3-3356-466a-8ab6-6c6b213c8fc7,8.37,36.65,0.99,0.2
instance-b0e22db1-7126-4c60-a0c7-b03d8e627138,31.36,36.61,6.78,0.67
instance-03fdde43-1126-46eb-88c3-b2b8f3fe997a,9.65,36.55,1.09,0.23
instance-cc929c92-5118-48bc-9636-4245958adff7,7.55,36.38,1.32,0.17
instance-08cb2935-e460-4da6-ac70-a69386cf5d6b,3.9,36.01,1.96,0.05
instance-295a423c-6b8d-4ece-8431-4b5e6860d2cd,45.0,35.92,8.58,1.01
instance-330d8546-3df9-4c39-8913-cf15c8e76852,5.3,35.78,2.76,0.07
instance-efa7e51d-07a9-4886-9a18-a9518877b572,39.54,35.72,16.8,0.64
instance-75a2b1fd-b123-4c53-93dc-fe0b47dc2a03,27.83,35.6,7.54,0.57
instance-4e9423e5-bc5b-41d8-b542-b9c22e0dcf4b,9.96,35.59,1.17,0.25
instance-d895a982-7fe3-43a6-88f3-641134415990,16.59,35.58,8.32,0.23
instance-fffebd87-0a48-4d95-a98a-b5d11f1c4998,34.7,35.31,2.15,0.92
instance-ab5e490a-44f9-464c-b9e8-32ce07fd463d,4.42,35.09,1.07,0.1
instance-39bc0a84-527e-4fa7-83c6-ed9a5a0afa5c,9.93,34.86,1.13,0.25
instance-84f23323-c7c8-402f-ad7b-894494e936cb,2.78,34.56,1.45,0.04
instance-91c0adc3-8ea4-4db3-b350-3f99c133080e,6.75,34.56,1.29,0.16
instance-d2f1d4c9-36a9-468c-b0b5-0d1bfa3c329c,10.42,34.37,4.55,0.17
instance-72a55041-0915-4be7-b60b-93ff25fa248e,98.71,34.03,10.98,2.58
instance-46ab9604-e9e1-46bd-a59a-3d9d49bc348d,8.7,33.95,1.06,0.23
instance-4a56c220-bce9-4aff-9769-1eecce93153e,9.68,33.94,1.16,0.25
instance-e8b31721-d6db-45a5-8d12-3cbe520a6374,10.62,33.93,1.11,0.28
instance-b88b1547-eb64-49bc-a931-df754b96e59c,5.39,33.8,2.18,0.1
instance-3cbcebb7-9236-4e4b-8587-d2ef29ce369e,4.89,33.68,2.35,0.08
instance-2b08e81a-9d2d-4e52-bab6-74c14515cf84,2.54,33.67,1.02,0.05
instance-cdc7d7fe-bd69-48c5-868a-a46daba34884,14.87,33.67,2.55,0.37
instance-0e08b3ad-c396-4671-b1dc-799c7b4e5bbf,87.78,33.66,39.9,1.42
instance-f008ad4a-043d-406f-8562-8d03efd8dcb2,5.28,33.33,1.95,0.1
instance-6a26c8f4-aec4-41db-bcc7-1260ab970dbe,5.44,33.26,2.38,0.09
instance-3168b6a3-4c07-41e9-bf32-eafa2fa15889,10.16,33.23,1.36,0.26
instance-50c77f43-03b3-4f87-a240-3aabe5d19854,20.62,33.21,6.86,0.41
instance-9911f714-73c5-43f7-bb1a-aaf62e59c26e,10.27,33.18,1.13,0.28
instance-542f5acd-f831-4835-a923-545466645426,7.78,32.98,3.7,0.12
instance-92f82215-4707-4ae1-896a-33811954e150,42.28,32.83,4.14,1.16
instance-0d7dd83d-b7a6-461b-8f21-74c2b4dd4404,8.94,32.79,2.22,0.21
instance-98abcc19-e653-4607-98fd-b8f05d7140cc,12.58,32.79,8.28,0.13
instance-0108cec0-ffea-491d-9fd1-116687c3750b,3.39,32.65,1.98,0.04
instance-c6624fd7-cb49-4249-ab0e-b63a8c5a2611,13.28,32.56,5.18,0.25
instance-cd43b18e-4aea-43cb-ad33-ee439a95b855,3.68,32.37,1.13,0.08
instance-473fbdff-ffb2-417c-b5e0-54dc4973af54,3.57,32.26,1.14,0.08
instance-8028b0cf-0d23-4dc8-9fcf-271e98003bc7,3.82,32.16,1.13,0.08
instance-a130a1c1-40ba-4779-adf1-206be475b137,9.43,32.15,5.83,0.11
instance-c3cd4362-a507-4a7d-9a9b-2d83ead61136,10.25,32.09,5.1,0.16
instance-e0c13641-4592-4cb3-8478-2933b2f5b0bb,8.04,31.96,2.28,0.18
instance-68dbdba1-6747-4521-9969-7f442fa57d10,10.23,31.9,1.48,0.27
instance-32ef984b-b2d9-4a66-9835-41ffdd4af14b,98.49,31.77,14.42,2.65
instance-7d0fbd93-cbf6-42f5-aa76-fbf975aaf0a4,9.49,31.73,1.05,0.27
instance-5976596a-8473-45bd-90a9-b2ee42083d92,8.11,31.52,1.04,0.22
instance-bc11c192-8987-4918-bb2a-7609c78a3f35,4.72,31.51,1.58,0.1
instance-38bd5dce-bf42-42e6-9477-ba6d979bc23c,8.63,31.5,1.01,0.24
instance-915a147f-245b-46a1-bf7d-4f9314fb3e89,4.91,31.47,0.61,0.14
instance-7495348c-5165-4110-9425-3d81d943290e,2.57,31.37,0.3,0.07
instance-789603f3-6022-4561-874a-8b7975b964a3,7.44,31.11,3.27,0.13
instance-80739178-7dd3-4d44-8013-7cbfba4e393b,14.09,30.92,5.63,0.27
instance-a28c37db-b26b-4505-824e-cbd6ecb9ed61,9.32,30.76,1.16,0.27
instance-8b16e41d-f9a5-412f-bcf1-b64e2bd8793a,20.78,30.74,2.7,0.59
instance-3d50cd1c-07b2-4277-996c-05657003174f,9.49,30.63,1.09,0.27
instance-579cc003-1860-4491-a443-4c254f09bd8f,11.81,30.55,1.85,0.33
instance-b2db58ac-c05b-497d-8ea3-322ccc4838e6,2.59,30.52,0.68,0.06
instance-29e67b24-dcd8-4ecb-8d5f-0b388fda0bc6,24.99,30.36,8.54,0.54
instance-f1a52a21-15a1-446c-9dc5-8499bc5bc184,3.69,30.28,2.11,0.05
instance-6cb94562-5959-4cff-86ce-8089eff01d45,6.03,30.13,4.27,0.06
instance-31260fe4-9fe8-4866-b2db-4fda6574d9cc,4.28,30.08,2.15,0.07
instance-e06501a7-75bb-4c9d-aafb-0e09a58f3e5e,31.82,29.95,6.96,0.83
instance-fedd6dab-c787-485c-a80c-706d20900a14,16.08,29.95,4.23,0.4
instance-0ef9155b-c843-4116-b25e-de603a8866ab,4.41,29.92,1.57,0.09
instance-a8c8b37a-6a47-4d45-81bc-94f35c0ffade,8.52,29.87,2.12,0.21
instance-8c381f58-6516-45c1-a96b-0f3c9af55467,9.25,29.82,1.22,0.27
instance-6e467d38-3b8b-453e-9596-ea3793490329,5.68,29.81,3.04,0.09
instance-a7b3817c-f065-418b-8d23-b09bd888cb76,19.08,29.76,4.35,0.49
instance-6a3e9abf-3ee2-4b62-9600-094d8e95202e,2.49,29.71,0.3,0.07
instance-a58ccce2-3ddf-4bde-bb57-87e4d670a615,6.18,29.38,3.39,0.1
instance-15419689-181a-4589-86b8-ec10df0b4eb1,30.43,29.37,8.78,0.74
instance-3fcc9ead-e48e-4d46-bcf2-d6cbaf93f495,17.13,29.3,0.56,0.57
instance-1e25014d-d408-414d-a1bc-39ddd6308345,7.92,29.25,3.66,0.15
instance-24a8fa85-9acb-4992-9dc7-819d8478f41b,19.35,29.22,9.16,0.35
instance-bf646bc7-46b8-4ef6-8d06-8a9ac1448c01,3.81,29.17,1.09,0.09
instance-503374f5-18e0-47e9-8e5a-5f7df5e7aec4,3.53,29.1,1.14,0.08
instance-9659e444-0fe9-4072-8176-ee27fb7142c5,9.23,29.07,3.47,0.2
instance-48e030da-4421-4d78-a30d-5763524427f3,21.37,29.06,4.17,0.59
instance-8a1b9867-5dc9-4534-b4ee-5a69238652dd,8.84,28.87,1.08,0.27
instance-03640199-0e60-446d-8042-0daf5631e6de,10.31,28.86,2.96,0.25
instance-2f606e42-d6b0-429e-9599-66b44834bbaa,15.55,28.85,4.78,0.37
instance-5e48df6b-cf32-4d6e-a48e-a4002cf66fff,9.89,28.82,7.92,0.07
instance-1dad87d1-b60d-4166-b2dc-95b8962d1426,1.0,28.79,0.16,0.03
instance-01b79ad6-5cec-4429-a6a7-ace38e155f23,4.81,28.76,1.91,0.1
instance-fa8ddfce-43b0-4043-b33a-0be2644344f1,9.72,28.76,1.13,0.3
instance-64c35d52-8cdc-41bb-9bf8-0a7c80a095b1,8.01,28.75,0.99,0.24
instance-8c08ae4b-184b-4b69-afa7-92cda8ee1b6e,7.68,28.61,0.98,0.23
instance-728b6184-abe5-4c25-b2a0-951e4f1bc333,4.23,28.59,3.51,0.03
instance-ce470b97-3957-4862-bb63-708eb50540d0,19.19,28.53,8.94,0.36
instance-32123713-14eb-4079-adc7-f6fea5629818,3.53,28.48,1.09,0.09
instance-0d797d2b-3995-479b-afd4-dca9f1f7d0ce,10.3,28.46,2.75,0.27
instance-e21564a3-a416-4c44-afad-9b32591ab4a6,7.71,28.42,4.97,0.1
instance-988a6597-5390-4620-8ef9-8aab2d9ef44c,9.15,28.34,1.1,0.28
instance-303d550c-c893-4edc-a2ff-9082dc94ca9f,22.23,28.33,4.07,0.64
instance-f0c15150-097d-4185-84ee-4e2989ba070d,2.94,28.26,2.03,0.03
instance-6bb5e72a-c628-4c30-bce2-9298695855a6,20.64,28.23,13.63,0.25
instance-25de6feb-4edc-4c6e-b349-cce80ed4f94a,9.62,28.11,1.13,0.3
instance-38e490bf-dbbf-4029-b5d3-5d88e58d80a3,12.5,27.93,2.92,0.34
instance-b006d70d-a84b-42c4-806d-46354dbc9264,3.7,27.77,0.34,0.12
instance-215a87e5-0318-4b7f-972d-dd98a1347d1e,3.91,27.54,1.45,0.09
instance-0feb1c56-c800-4126-b8f4-b56d588f0441,13.21,27.43,8.45,0.17
instance-68512062-a7e2-4327-a023-c0372c6c88d5,17.08,27.43,1.71,0.56
instance-97aaa09f-bb51-4853-8072-910776ff08e1,85.84,27.41,8.77,2.81
instance-813c12fa-6525-45de-a874-486acdfcdbc4,15.43,27.4,2.86,0.46
instance-fbaac679-3ea8-4457-81cf-c03f7ee34e36,2.69,27.4,1.99,0.03
instance-9fcd5c7b-4bc5-417a-98f5-59c029e0f571,8.81,27.39,2.64,0.23
instance-513ada30-e123-4e6c-be62-5b7cd69af06b,5.67,27.31,2.68,0.11
instance-ad447e9a-d696-4a0f-ae0f-eea1ede88614,2.44,26.92,0.27,0.08
instance-6bc3148e-6b66-4e23-a513-8a4d8361d52f,3.87,26.71,1.58,0.09
instance-4611ebce-2f64-4e8d-88ea-be6c4b2912fa,8.76,26.36,1.08,0.29
instance-8f784bed-3cd1-4e7b-b870-16aa0b0c2979,0.47,26.2,0.21,0.01
instance-72103499-ea90-49fe-9ba6-6fae4172b7d7,11.95,26.16,0.49,0.44
instance-12667146-d5e8-40c7-bbed-cdd58e0d8192,11.37,26.15,1.19,0.39
instance-54dab4be-f24b-476b-8fd4-23d9722a300d,54.86,26.15,4.59,1.92
instance-75a50607-6a77-45b4-9832-1988ddba9cde,5.15,26.15,0.6,0.17
instance-75ffb74b-c51a-4980-8ad3-4e9b8cf5e3f5,50.76,26.13,5.74,1.72
instance-34865eaf-4390-4c1a-86fd-ecdc8258f804,23.69,26.08,4.23,0.75
instance-45831d57-51c3-4179-aeb0-7a7be93c5401,17.89,26.08,5.98,0.46
instance-f727d781-5596-4f9c-8a7d-4d4f03552f98,11.3,26.07,2.38,0.34
instance-3ae57d21-22d2-46b4-963d-c02e9307e85c,17.97,26.01,4.89,0.5
instance-dd60ef49-44b9-4edc-a50d-2212bf27b68e,3.03,25.66,2.07,0.04
instance-a0ce03b6-ca58-4499-b897-9d86e5184618,2.78,25.59,0.63,0.08
instance-eed6a3ed-f986-4810-b78b-985e2fa7f832,24.79,25.54,15.8,0.35
instance-8d6fe330-7521-4571-8779-ce4ddc21b4a3,10.07,25.5,1.19,0.35
instance-30589a33-23ae-4ac9-9ae5-11b1be9c808a,4.7,25.32,2.19,0.1
instance-1da71189-285f-402e-95f6-d352e80fa4fc,14.13,25.17,1.33,0.51
instance-d361e172-7ca6-49fa-9a9d-6dbfc60e8ddc,10.58,25.16,1.34,0.37
instance-539d8a63-c4fb-4969-b386-3e2481a651f8,69.49,25.15,4.64,2.58
instance-6ea6710f-91ce-4098-bd79-59a593f9e18d,76.16,25.13,6.28,2.78
instance-e74f58c9-6fa9-4de8-9768-f96803e377d8,9.8,25.04,1.13,0.35
instance-fbac9a2d-8df5-48a3-90dc-2787e5e55bd4,43.04,24.93,9.63,1.34
instance-26d6d62c-4ad8-4b1c-9267-3d7fdb5c246b,10.05,24.73,5.14,0.2
instance-da326a2f-51b1-4284-a20b-a6f780d71e3a,18.12,24.66,9.04,0.37
instance-d96778f7-5722-4fee-80cc-0e97702f7144,9.02,24.56,2.69,0.26
instance-488bda5d-28a0-4042-91dd-63c35767b7c8,15.16,24.41,5.48,0.4
instance-5976d773-3a18-4a87-9ef7-57c8610c509f,33.83,24.39,18.83,0.62
instance-f942cff9-f83e-46c8-976d-e6c00faa8d00,10.33,24.26,6.08,0.18
instance-24699de8-3211-487d-a198-64d96dc3b0cc,8.76,24.2,2.28,0.27
instance-acaf37bf-49fb-47f3-b2f7-c4ab7a883630,15.99,24.09,7.19,0.37
instance-b645c0c1-7495-431d-9798-97d720108d00,19.0,24.0,10.13,0.37
instance-2b0c8efb-0c9f-452a-90aa-add07c78743c,27.7,23.96,8.32,0.81
instance-597bb3e1-8886-4652-937d-53372dd2823c,2.59,23.7,2.33,0.01
instance-13c0af59-34f4-4731-b831-49767e249f1d,19.36,23.66,11.55,0.33
instance-749fdf7d-35fc-4d73-b0c9-843ee9b10cb7,3.32,23.63,1.19,0.09
instance-33219f31-1684-4c61-9c85-1700c16c0afb,13.17,23.56,7.98,0.22
instance-9f8eb7f3-f0be-4a83-bbd8-37b3bb81fd74,6.14,23.51,3.48,0.11
instance-69b21943-4b9d-4d1b-bc84-40242ae2e9ec,8.78,23.48,1.09,0.33
instance-b0ba2a7e-2653-496c-b8a4-3f87b6c7cd06,15.71,23.41,7.61,0.35
instance-91e06565-fcca-4d3c-8389-a154768cba88,18.42,23.34,3.0,0.66
instance-61d3fa0a-8496-4403-a4cf-4d2759e3f398,8.96,23.29,3.54,0.23
instance-7f1ee0b6-7132-4eb4-9aa0-91449cf390fb,73.03,23.29,6.57,2.85
instance-8620c0ea-e2cc-4850-91ca-9a194fd87c62,10.87,23.24,1.97,0.38
instance-b8223ffd-6770-46c4-b9c6-143b6ecef536,3.75,23.16,1.17,0.11
instance-7721fddd-20de-47e2-9945-fb476975d019,9.87,23.09,1.25,0.37
instance-0833c35b-eeb6-498c-a195-5a1c160ee8dd,8.76,22.97,1.1,0.33
instance-f90bc89e-687e-46cb-8536-1f44581bc4ac,7.87,22.9,1.11,0.3
instance-69aaf2cf-dff3-41be-b0d4-2e57442b4d9f,10.77,22.78,5.61,0.23
instance-081b19a8-5148-424f-9649-c9f479d1d1ad,13.78,22.77,2.95,0.48
instance-37b4f9aa-f90e-4e82-b27d-a9e43b86fdb7,14.92,22.75,8.67,0.27
instance-f154238c-def6-48fb-a8f7-38f891f23f66,76.48,22.57,24.53,2.3
instance-93261f8c-b3e4-4689-9522-cb084a5b6f32,24.15,22.55,4.01,0.89
instance-5694a8ee-544e-43f7-9ca1-d2253760d238,3.71,22.38,1.69,0.09
instance-bb7551a7-74d2-4258-aee4-f4a76e30de62,4.24,22.37,2.73,0.07
instance-3f13d0dc-3b2e-46bb-92b2-89e0e1a76b96,18.48,22.3,4.03,0.65
instance-00db23c2-9396-44dc-938c-bbfbc1e233a7,9.01,22.26,1.14,0.35
instance-f62f313c-1677-4f97-9eca-09cb7ab02527,9.11,22.26,1.13,0.36
instance-84b70c77-b4f2-4abe-bf49-e17fd1eb1d9f,13.09,22.2,2.6,0.47
instance-9f3cc344-e2a3-4674-a929-95e06b4cf5c7,3.61,22.1,1.59,0.09
instance-385dd211-b87e-4ee3-9468-6ff3da12db53,13.75,22.03,8.43,0.24
instance-d0d0bdc3-ef07-47ee-addb-50e99bd1752b,11.48,22.03,4.39,0.32
instance-cd7113e9-56cc-418c-805b-63a72b06b605,36.17,22.01,5.07,1.41
instance-bdb93ea3-4a77-4764-836f-6eaf6498ef79,3.35,22.0,1.19,0.1
instance-97ecdce2-eb3a-4b79-b97b-c0f0d4888c00,54.49,21.99,7.72,2.13
instance-143ad384-10fc-486c-928b-9bc6c8b2e6d3,18.59,21.95,7.86,0.49
instance-37a91563-488c-40da-b5f1-a46fe8537274,4.47,21.92,1.31,0.14
instance-cddb9e54-0a0c-49bd-9cea-226ed30d2c11,8.67,21.91,1.13,0.34
instance-c707f0dd-438a-4885-8870-f74c6df00ce7,66.29,21.88,5.82,2.76
instance-ac8ede76-45ff-47e6-89c1-2e1cc3ae1762,9.19,21.86,1.12,0.37
instance-e08d65cf-6533-40c7-88e1-4d9968677f7d,39.06,21.85,7.87,1.43
instance-7ec0f3ec-29b0-4137-9807-a9cd0ed0ebe7,10.1,21.76,4.71,0.25
instance-8784c081-a038-4768-864a-d8e6ad1eb017,17.15,21.72,8.06,0.42
instance-aaed0d80-4164-46f8-87a6-8516e8bb486b,1.89,21.72,1.06,0.04
instance-b3c7474e-b637-40d9-b093-09b66febbfb6,9.99,21.57,1.12,0.41
instance-40dccfe5-6a9f-4499-b12b-1fac00b232d2,20.4,21.51,10.08,0.48
instance-128bb6bd-f6b4-4d14-a5f1-f6f469a85f48,3.13,21.39,1.25,0.09
instance-32e19183-7d32-4a34-8e65-38aeadc544e8,35.23,21.36,15.61,0.92
instance-aedec8f8-0ae9-45d8-a69f-78764ebe5ae1,11.4,21.35,4.13,0.34
instance-8f0e0772-786b-4bd2-9e34-c869550d48fe,3.33,21.29,1.31,0.09
instance-81134403-a95f-4395-8337-c67f25d500c2,10.63,21.26,7.96,0.13
instance-46e3a598-38da-4511-9954-99e079e1e3ba,2.5,21.19,1.15,0.06
instance-489e1180-de15-43c4-bc65-981c98439a9b,16.72,21.17,8.6,0.38
instance-a104018f-6bcc-45b0-90a1-cf2091e8a22e,19.14,21.17,4.16,0.71
instance-acbd4811-88e8-458b-a694-cf981083be5f,16.53,21.14,8.77,0.37
instance-dc7ce500-c79b-46e5-a5d6-f0c93e50ce9a,9.36,21.13,1.45,0.37
instance-f5ab81b2-f1f0-4dce-bdcc-6db8ac13ed2f,20.36,20.96,8.47,0.57
instance-0232a109-3a60-492a-be11-94d5f0dc462d,21.57,20.94,5.6,0.76
instance-bc906830-e158-4d99-a753-c87b68d70f05,16.88,20.94,9.5,0.35
instance-3d3cccdc-175b-437a-ae0d-a4b1853fb67f,19.13,20.91,10.25,0.42
instance-0e66f9fe-aa61-49b2-bca8-c71603586701,3.19,20.9,1.18,0.1
instance-97934eab-a5ca-4a25-bd7d-6badfd3c5db2,85.9,20.87,55.47,1.46
instance-08745cdf-c18a-4339-bee2-5580c7ba12a9,12.89,20.86,8.83,0.19
instance-1ecaf421-1678-4a8a-aaf1-6338fe11daef,13.52,20.75,4.8,0.42
instance-70096626-81f7-4010-bc21-f84788016626,9.86,20.75,5.6,0.21
instance-a6585aee-404f-42b1-84de-38225a8023a5,18.92,20.64,9.54,0.45
instance-89308d95-c67e-4539-ac28-7dd81753af3d,10.16,20.63,1.27,0.43
instance-c97f0bf2-ecb3-4489-9f9d-9c6df76b7f7d,2.59,20.48,1.15,0.07
instance-b3a5ce2f-727f-4855-8179-f40624dcb596,4.15,20.47,0.55,0.18
instance-d943680a-93fe-4b20-ad16-033121121e65,10.4,20.47,4.24,0.3
instance-95554881-8f18-4a5d-bf66-afc67b84ac93,4.99,20.43,0.6,0.21
instance-0529431d-895b-44ea-a115-16deb19d5a6f,15.26,20.42,8.06,0.35
instance-0baef47b-310d-4ab9-a5c2-3b8b46c58ccb,2.33,20.42,0.71,0.08
instance-43d25a4b-ee88-4177-b57d-bab5e0652e99,31.13,20.35,6.45,1.21
instance-d139cea8-aaeb-41af-a7b4-98870f020ba1,10.44,20.31,2.89,0.37
instance-e30c853f-0f5c-4e36-8093-7c476976514f,8.79,20.31,1.12,0.38
instance-1ee2f100-5a91-42ec-95df-dfd4c7d806f2,17.62,20.23,2.26,0.76
instance-49c294dd-89a9-4a83-834e-75e768082c22,7.96,20.23,3.83,0.2
instance-16bf71d7-5134-4d2b-a3d3-82ffbef3a4e8,9.95,20.12,6.49,0.17
instance-18d70d31-e5a6-4749-ad60-9d291c22a181,18.46,20.03,7.97,0.52
instance-a30e17f5-6db2-497b-bcd5-971fb9e02324,2.65,19.93,0.34,0.12
instance-a3714744-161b-45b2-ac65-bc5e9de96db1,15.79,19.91,1.1,0.74
instance-6105b7dc-e7b3-4eb7-86ba-f7835091e565,22.56,19.87,17.79,0.24
instance-67571e28-70ab-4a88-a1aa-521c5e216deb,7.71,19.85,2.92,0.24
instance-5378df8e-4987-44a5-abec-f0cce81e3c93,10.21,19.77,1.22,0.45
instance-396fa3b9-c6cb-4581-b8dc-6a0489d9942a,11.22,19.76,4.04,0.36
instance-2725ec80-4bc9-400d-b723-096a95a7c486,2.83,19.72,0.38,0.12
instance-2f78ce3f-4698-435d-a5b1-e43d71a9292f,8.49,19.61,4.06,0.23
instance-38762b3d-ed9f-4029-b9ee-878dd9ba8895,12.51,19.59,2.9,0.49
instance-f001f075-daec-4e4c-9444-25460588d933,2.98,19.59,1.19,0.09
instance-12b1ccec-a3e4-4364-8596-93c6f431a6d7,10.96,19.46,4.31,0.34
instance-f9fd74ce-ac5c-4432-b114-6104015e5822,5.17,19.44,0.64,0.23
instance-972ba925-d849-458c-a0e6-3584fd9ab2be,15.11,19.43,7.72,0.38
instance-b290ef9e-debe-43ae-b38d-096d58234a69,11.08,19.43,4.52,0.34
instance-ec0b43f5-ea98-4b0f-b102-9e0b9abf6b7f,10.19,19.29,2.0,0.42
instance-088e92ba-55c4-4d8c-a4d2-7be322cc9301,9.96,19.25,6.45,0.18
instance-72fb0c39-7016-4538-b562-076c25086d6f,10.43,19.24,4.35,0.32
instance-dc389470-d97e-4539-87d0-4a7fd622bd48,2.03,19.21,1.26,0.04
instance-75858a45-dade-451d-b75c-36ead8ef5e0c,15.29,19.19,4.45,0.56
instance-4acacf49-a5a5-4540-9200-b4ecee243823,5.51,19.11,3.89,0.08
instance-a329bf6b-bcbe-4d46-b113-f6817c876e00,23.71,19.1,16.08,0.4
instance-37b1b585-e55b-49d6-ab23-2540e508a078,10.05,19.07,4.16,0.31
instance-70189dc2-3d10-4000-8d3a-aec7add2bb54,5.44,19.03,0.6,0.25
instance-15a23587-d61d-4061-b4aa-9e4989cbae4f,7.23,19.02,3.28,0.21
instance-559c33da-9439-49c5-ba4c-98a1ac053e6d,6.21,19.02,1.83,0.23
instance-b45124fc-9063-4d8d-8eb8-0210215f5ea4,14.36,18.96,6.86,0.4
instance-8126675a-8fb4-4273-9063-9a1d79e831f3,11.09,18.95,7.0,0.22
instance-9ec06080-d6b7-4c83-8255-196d5057429b,5.02,18.93,2.43,0.14
instance-9b22a01e-d406-49a6-96f4-6d0d880102a4,7.01,18.9,2.68,0.23
instance-2e2ca39b-ab5c-44ec-9a92-fbb370330222,6.41,18.88,2.44,0.21
instance-9e451c0b-c60e-4f40-8511-652fc9ba84f4,11.07,18.83,4.04,0.37
instance-e15efd21-5fa8-4a53-ac23-bd5f609b1c34,20.91,18.82,16.28,0.25
instance-a6863b10-af31-4d00-bbf5-51debbdb7239,11.44,18.81,8.06,0.18
instance-b855d321-da5a-44ab-994f-ace6a3cc2939,21.33,18.79,12.01,0.5
instance-f2640f49-62c9-4e46-b67d-e0c30fad75b9,35.56,18.71,7.36,1.51
instance-bfe21142-61cf-4aec-8328-bf77bd86f1d0,10.92,18.64,4.83,0.33
instance-5cfaaaa5-26d0-44ec-afd8-391e801f8296,1.75,18.59,0.68,0.06
instance-3c162192-562e-49ed-be89-26c4a32fac96,12.56,18.56,8.67,0.21
instance-6be92ea5-a2cd-4864-83a2-9feed7c1eabb,3.05,18.56,1.95,0.06
instance-323b0cf7-d9a1-4c8f-ab26-01dca2e4c9b6,6.66,18.51,3.47,0.17
instance-94775c92-96a8-4522-acd9-badd20ca6e9b,5.74,18.49,3.88,0.1
instance-a9555e4d-9d97-437d-ad68-f0dd3bece0c3,9.34,18.45,5.38,0.21
instance-369730ab-f52d-4341-a351-c38441399c24,10.44,18.44,5.0,0.29
instance-f1b9c8d5-af41-42a7-8f16-6dcb9b7da781,2.64,18.43,1.13,0.08
instance-ba022d2a-1578-432a-8e3f-1c3ef07de283,4.5,18.4,2.02,0.13
instance-f305c0a3-fc8e-40d6-b730-741d9f237695,16.25,18.4,4.39,0.64
instance-0f4b0a35-ce81-43dc-bd53-d9e5d2bb6b0e,9.56,18.33,5.37,0.23
instance-dc764877-dc8c-4bf9-bd72-f9e76b677fae,9.0,18.31,4.83,0.23
instance-24e969a1-5a92-4edc-ba31-e29240689822,4.11,18.29,1.52,0.14
instance-cd7a55ca-27c8-40cc-a56d-2e8858f77596,10.65,18.22,7.74,0.16
instance-0ae2b415-a350-4764-8b15-ec94b39cd4ad,2.87,18.2,1.16,0.09
instance-ea29b675-b25f-40da-b25e-b368bc3ae4ec,5.66,18.18,3.39,0.13
instance-3a51010d-fbfc-4419-88e4-522cd096c846,23.47,18.17,15.41,0.44
instance-99565e72-f0bd-4695-bd2a-6b600db3cdfc,17.91,18.16,15.59,0.13
instance-74ee2692-693c-451e-88ff-ec5ebc15fc2d,12.35,18.14,1.34,0.61
instance-4a40fa67-0542-42cb-b15b-60e2cc4015aa,3.59,18.07,1.75,0.1
instance-6179368b-7b33-4522-8927-570dab5e99be,15.52,18.05,8.86,0.37
instance-c016ac94-eda3-4f5c-819b-01fe6073e68d,16.95,18.0,10.15,0.38
instance-93a6b4a3-c125-493f-88fc-5c0e184a82c5,8.51,17.99,7.33,0.07
instance-6a2d1a35-e242-42d2-9739-983803313d43,5.3,17.97,1.41,0.22
instance-44dd80e9-340f-4bfa-bb12-69849348161b,9.26,17.93,1.41,0.44
instance-215bcbb4-6a25-4833-95cd-13743e81817d,14.53,17.89,9.02,0.31
instance-7bc09aa9-3321-4ea9-a4cf-6f825bac7116,13.11,17.87,7.36,0.32
instance-3b69cf97-0fef-41c6-a90c-4ebc514059b7,23.74,17.82,9.93,0.77
instance-66263c19-2cb9-46d6-8d57-44975390bcad,2.72,17.81,1.96,0.04
instance-754e68f1-a4be-4686-b121-c6190a4d1380,8.42,17.77,2.52,0.33
instance-f1d3d421-374b-4a01-a76d-dbc1a5edb020,9.15,17.77,5.31,0.22
instance-d302d7f3-253e-4603-8bc6-3f2a56f3c958,11.02,17.76,2.7,0.47
instance-2f2544da-6235-4353-a46f-ea0064cf0d87,5.98,17.7,2.57,0.19
instance-417bb45d-04b5-419d-8942-07b5489f66c7,14.96,17.69,8.93,0.34
instance-96116442-4212-4ffd-aac9-80114a79b49a,5.32,17.65,3.47,0.1
instance-4d7b8f04-57be-4957-ac44-c8b863c3838c,8.5,17.64,5.75,0.16
instance-122de064-3f5d-4009-8f48-9f9f29b05ad5,18.65,17.59,13.3,0.3
instance-bbc28505-a646-408b-9f35-ac2c23cff6ff,13.68,17.55,9.38,0.25
instance-3c037ebd-a807-439a-bf68-f0ce21511493,13.35,17.54,3.43,0.57
instance-5af59df9-6e7a-4576-babe-cc47a98e60b7,14.38,17.48,6.11,0.47
instance-59919366-ee57-45b1-8fe4-7865f9705995,19.06,17.35,6.43,0.73
instance-0a690952-969a-4464-b001-38963b004599,16.9,17.33,10.98,0.34
instance-20c3610b-4f05-45e8-98a8-d6be7b1aa92e,15.9,17.31,8.86,0.41
instance-63e23ee1-4912-484f-ac31-67b366b7df23,3.75,17.27,2.03,0.1
instance-94f77e28-54b1-4b12-a7e8-6f5775db0783,43.1,17.26,5.7,2.17
instance-4b915e3b-9b20-4dc9-a4d3-04d12416631e,36.01,17.23,14.28,1.26
instance-c32533ec-a56b-4d6b-9bcb-45ea9cdfd3c8,0.84,17.22,0.49,0.02
instance-50547092-7b76-4d38-84ae-024739f3312f,27.46,17.17,3.94,1.37
instance-eac5b123-cb67-4dd9-bfb5-f017b3e4c407,32.26,17.03,8.95,1.37
instance-4be09181-9bad-4862-a700-fb75a9c02e44,0.9,17.01,0.68,0.01
instance-3e0130d9-561f-40e9-9368-0d8f216eb80f,6.26,16.97,4.13,0.13
instance-65fa542d-25b8-4e2d-a470-9061ab2fc3ab,10.66,16.97,3.9,0.4
instance-c154d50a-3fd4-4f7c-acbf-93f579e6de91,9.77,16.94,5.49,0.25
instance-6a433055-5ad4-4e18-bb35-a3f3d6a1ca0a,16.31,16.93,10.51,0.34
instance-ae871d11-b603-4bc3-ae44-5eb364ab80e6,2.87,16.93,1.94,0.05
instance-639ff99b-2180-4247-ae5a-5535533ce224,9.11,16.87,1.2,0.47
instance-7cfa6453-9cf5-4b49-8583-b6817fc634b8,1.55,16.87,0.59,0.06
instance-407c289c-8798-4071-bbf2-b9ae15d8e7a2,14.42,16.79,8.54,0.35
instance-1cd57a16-5992-4144-8741-a31c4c62b574,13.93,16.78,3.97,0.59
instance-6d74ad01-09bf-4293-b38f-8b77780369e0,7.48,16.76,4.21,0.2
instance-0c531e07-9f16-4cb6-ac9d-dc732dacf22e,10.13,16.74,7.83,0.14
instance-b583b5cc-ce95-41a4-8aa7-78cb58d4d732,5.27,16.71,3.71,0.09
instance-7ed728a5-9c64-4d29-a795-2c94fa8a3d7e,17.11,16.65,15.01,0.13
instance-322e1b0a-522d-42d3-b92a-680551988283,8.73,16.6,6.74,0.12
instance-5d970986-eeea-4eb5-abb2-34e98814f189,29.95,16.6,4.78,1.52
instance-f05660dc-6ea9-4863-a111-a87d0024eb28,10.14,16.57,3.27,0.41
instance-2358e297-9ac8-4db5-bf44-2d5d4b10512f,5.14,16.54,1.23,0.24
instance-35f0c708-5a3f-4c47-a1c0-771eb9e5e2d3,14.65,16.54,6.62,0.49
instance-1071c9b2-14e8-4753-9637-533bca460dd3,10.12,16.53,4.2,0.36
instance-f20757fd-85cd-4a19-a3f8-85e178db6a51,8.34,16.53,0.51,0.47
instance-f08c7657-7ffc-47dd-8e49-69533d5fde63,15.91,16.5,14.93,0.06
instance-746519f6-1474-4349-83fd-c654bc09ea06,8.44,16.43,0.51,0.48
instance-c12c1626-deb3-4c4d-8215-574c877c8952,61.89,16.4,24.26,2.3
instance-289e97fa-2048-4ad7-8a16-c4e335e417b7,1.31,16.39,0.93,0.02
instance-44ca4fdc-d40b-4530-a5c3-e8d3119f1842,6.57,16.38,5.31,0.08
instance-e4e9fa74-72cb-4c3d-91e8-99ffe6c18f2e,10.06,16.38,1.24,0.54
instance-1b27ed1b-a9b9-486d-9637-69712690df29,15.03,16.36,6.7,0.51
instance-7b3f3b6e-54a1-4e2e-8438-12f73f18841c,62.87,16.33,24.17,2.37
instance-5a4c19b8-15f8-4ce7-9526-2a75ff0a41f5,11.14,16.3,4.32,0.42
instance-9044a775-5af0-4ec8-aa39-02ce53b6a2b5,6.5,16.29,0.53,0.37
instance-83eb9e17-5b2f-4684-a53b-faaf7e6bef88,10.38,16.12,4.3,0.38
instance-d055a99e-6982-4b0e-91cc-ae9e21177029,14.62,16.11,5.66,0.56
instance-272404aa-49cf-471d-b485-832fb8b26fbe,9.24,16.08,1.19,0.5
instance-f47ed590-f6b6-44e2-b4dc-625327f38b12,68.52,15.97,14.08,3.41
instance-ebf80fbe-986f-47c4-b424-a445243d913b,8.73,15.96,1.14,0.48
instance-2d090399-4721-4fb9-a2a0-7dedd2576a1c,11.75,15.91,8.97,0.17
instance-9beb9ecf-c868-4831-b537-9d301f9a882c,9.66,15.91,5.36,0.27
instance-9488c7d4-a421-4374-8ce0-c82328d32b20,12.15,15.89,3.12,0.57
instance-abb6f1d3-81d1-443b-832e-3ee9c3463b8d,19.56,15.88,8.81,0.68
instance-8e98d5c9-b445-4ac0-805f-726e2dcc076d,43.36,15.82,10.59,2.07
instance-92795673-04d0-4537-813b-8a19a83b6082,9.03,15.79,1.18,0.5
instance-fa7511a4-4201-4aad-9014-7b70c8f75fb2,2.66,15.76,1.34,0.08
instance-abcaed73-40ba-436c-87f4-bafd190bc226,9.54,15.73,3.67,0.37
instance-cade3673-228c-4e95-93f5-ce9d90d8aebf,30.51,15.67,6.73,1.52
instance-53e54ed0-4258-485d-a54f-6dc81cde306f,4.5,15.66,2.17,0.15
instance-2a8525a1-c09f-4b65-b407-dd1751194bac,11.25,15.64,1.65,0.61
instance-12622d06-8fe3-4391-9f45-e555c1f0b486,9.72,15.63,2.7,0.45
instance-940ef4e8-7d14-4950-bde8-b06add69fc88,2.37,15.53,1.12,0.08
instance-edd8661b-a5a3-4de7-946f-ed396111a7d5,2.29,15.53,0.73,0.1
instance-767b1a2b-cd7e-4205-acac-38d95e118460,5.02,15.52,3.4,0.1
instance-fe905252-4945-4cdf-b45d-68703bc03e75,9.01,15.51,4.88,0.27
instance-559f5c2d-dd71-4ec2-835a-b5ab20b36850,10.04,15.37,4.43,0.36
instance-b82779e6-2b4c-478e-a632-832f4bb3d74f,8.9,15.37,1.01,0.51
instance-5b07267c-0e39-4bb5-a1bd-c0a3e1f1a36b,3.85,15.36,2.21,0.11
instance-d8f7b8dc-721f-4ffb-b88b-533b4b21acfb,10.18,15.31,6.89,0.21
instance-f3ef0e3f-9ae6-4b44-bfad-079037d01ea3,6.46,15.31,4.43,0.13
instance-66e23f61-fe12-4030-a999-bc6fce873c71,8.29,15.3,2.99,0.35
instance-e5ee0594-519a-458e-91bf-7a79d9005a31,18.19,15.27,4.56,0.89
instance-d6b48bd5-b398-4c7d-ae9e-db7ec9ec17c1,2.99,15.25,2.36,0.04
instance-220686b7-e9a8-4afe-a0bf-d1df8a88e899,3.13,15.23,1.97,0.08
instance-0ef3ff31-9f46-44f7-b855-48cfd50f9ad4,17.46,15.16,7.32,0.67
instance-499be542-0a4e-4213-acae-2985d9daa5f2,3.67,15.15,1.57,0.14
instance-5647fd22-996d-443f-8637-f8a732e3613f,10.08,15.1,4.14,0.39
instance-8e5d49c0-c967-4c1b-afe3-4557141e9ecc,10.71,15.08,8.02,0.18
instance-c82ef2b2-e354-421a-8986-673a14058734,8.08,15.05,4.73,0.22
instance-697d9a7d-ff8e-487c-aa74-5e1d9d4ee19c,74.09,15.02,26.68,3.16
instance-867655d8-a5fc-4a31-9eb6-6069a2db39cf,6.96,14.89,4.58,0.16
instance-41e5a1b9-a24d-45c7-b4d2-fe9801c0c87e,15.46,14.88,8.81,0.45
instance-7a905ce1-d43b-4149-806e-8dfdcc5dc16a,3.97,14.88,2.42,0.1
instance-3287f1f2-c281-4778-989a-70bb814da438,23.89,14.87,8.3,1.05
instance-6e97da73-7c05-4bc4-9783-f85586b8e913,62.52,14.84,24.98,2.53
instance-a220c59f-20f6-4027-82dd-57b9782a14ab,9.45,14.84,1.57,0.53
instance-8ea4b2ae-ca92-41aa-a390-8d6f533e2570,3.45,14.8,2.13,0.09
instance-5b748c8d-a061-48ae-b8e9-bdbcf5271bf3,29.23,14.67,9.88,1.32
instance-f418259a-6a43-46e4-915e-5341b3a8fcd6,7.88,14.66,3.05,0.33
instance-91822e1c-7093-4e80-8bff-d793a5464126,11.68,14.64,4.77,0.47
instance-ae9fcbbe-8003-4f8b-b1ae-19d10219d5c4,6.75,14.64,5.25,0.1
instance-40aaf3c3-c351-4326-a490-67c890c50161,2.92,14.62,2.01,0.06
instance-fb7da1ba-38df-432d-bf75-667b58194ddf,14.49,14.6,8.42,0.42
instance-6fe2ebd7-d1ca-49c8-af7d-8c36d554396f,2.71,14.59,1.93,0.05
instance-ccee3d27-12f9-486d-8a79-ab74884e6028,10.34,14.55,4.55,0.4
instance-4d5f8bb3-0c47-48a4-8752-00023b7d3428,9.15,14.53,5.27,0.27
instance-c3b99830-7dd1-46a8-82e9-7974cec25fb1,9.79,14.53,4.4,0.37
instance-55cbbe9a-9d65-43a0-a636-cb69e24f20d4,3.11,14.48,1.41,0.12
instance-e1999b3f-55e9-4542-8d12-7d30dd303727,14.65,14.48,8.65,0.41
instance-c5aa8c22-cce1-4fcc-b9a4-0804e5e1529d,2.63,14.47,1.25,0.1
instance-aa2bdfcc-428a-4ddc-9984-426952ee3c34,21.9,14.45,16.1,0.4
instance-3f721382-17d3-4301-a70d-6096573fbd41,9.7,14.42,4.47,0.36
instance-d1c2a35d-6f71-42f3-a698-c79dd2db3de8,4.63,14.42,2.41,0.15
instance-9cb95744-5ae3-4014-baee-92d1ad6b72a8,8.6,14.41,2.98,0.39
instance-35db0ede-1cde-4b84-8009-412dfe059106,6.05,14.37,2.86,0.22
instance-645b5471-9c8d-46b7-834a-f37d763b5994,16.36,14.34,10.11,0.44
instance-6b1004a4-8634-481a-aec8-4b3ac8b3a273,13.45,14.34,2.71,0.75
instance-83dde629-7f26-4724-997c-5d4e96431961,17.61,14.31,16.54,0.07
instance-3a96508d-d140-40d3-8344-ea0e3eb3a861,17.97,14.3,8.73,0.65
instance-a9932345-c970-49a6-aa9b-916620480bdc,3.66,14.3,2.68,0.07
instance-4800eb15-3b49-4d1d-a002-c152ba22362c,13.24,14.26,1.18,0.85
instance-7167f92f-9f88-4126-9301-b56eb7b8fdf6,12.01,14.22,9.82,0.15
instance-f6bf9ebe-9c83-4a9c-bc45-17710d9ff321,7.91,14.2,5.31,0.18
instance-b8806fea-b55c-4899-8399-b993a79cc2c3,19.19,14.15,7.96,0.79
instance-f2f8b8ec-dfc3-4f16-bb6f-5603eb6e54c1,4.63,14.12,2.27,0.17
instance-dcd94597-c237-4cc9-beb4-87c10f47260c,1.99,14.09,1.52,0.03
instance-615323c1-5589-4953-99b2-79a4f1a1f99b,34.72,14.08,19.53,1.08
instance-a06e9a1b-f5e5-4375-b480-aece0a7ba76f,19.05,14.05,7.44,0.83
instance-aa28386d-8f35-4385-a62e-e26e08503dfc,8.31,14.05,3.12,0.37
instance-eda1ee68-6aad-4914-bf9e-36485ddcdab8,8.35,13.97,1.12,0.52
instance-687e11c3-21ac-44cd-a137-99b7cc2302f9,2.48,13.96,2.03,0.03
instance-4011f696-73a2-4d1c-97db-e2ddb206a876,10.03,13.95,5.68,0.31
instance-75d2e84a-89d0-4b22-90f9-7446c3b48b41,18.18,13.95,9.25,0.64
instance-ffc565b2-554f-463d-ad04-fef11e045429,4.11,13.95,0.5,0.26
instance-4a98934c-e5b9-4ff7-82d6-aacdd445238e,57.76,13.93,10.77,3.37
instance-7a8908c6-4eeb-443f-9682-143d95b41d6b,8.77,13.9,1.54,0.52
instance-529a1dd1-d1cf-4319-9499-030077aba90f,57.1,13.87,5.15,3.75
instance-f633886f-8b84-4a50-95df-0923e839a6ed,2.56,13.84,1.24,0.1
instance-08ccda4b-9bcd-4c99-a854-9d21bbfb40f7,18.44,13.83,4.35,1.02
instance-6de18795-bff9-4255-bba4-8e73a8863f31,2.14,13.8,1.61,0.04
instance-7d1d539e-b761-4b4d-a4a3-1d9ee768907b,43.44,13.8,7.66,2.59
instance-9977169f-9b1d-482b-897a-ec16f28031cf,30.73,13.8,4.18,1.92
instance-f440406c-b0e7-472a-a3ea-ff5c81e38bab,15.54,13.79,14.53,0.07
instance-9095844a-f431-494d-bbdd-1cc78ac1b911,23.87,13.77,12.42,0.83
instance-a8eba85f-d82e-4171-b65c-e803736cc642,6.6,13.76,4.25,0.17
instance-8e39a9dc-1db9-4d0d-bf46-41e1e2f1491d,8.18,13.74,1.47,0.49
instance-d4934c71-cee8-4b85-814e-6cae1cd4d991,12.94,13.74,10.89,0.15
instance-fedfb95a-15da-4f0b-bd00-65e17fd5ef3e,13.48,13.73,0.71,0.93
instance-cd723102-65b2-4e0f-bc61-e750e8d399c6,2.94,13.72,1.26,0.12
instance-17388a7a-bc72-4e33-bb55-6a27e3b687f7,17.27,13.66,2.34,1.09
instance-2f7e1efd-f0b7-4d36-8157-5b506a999f18,55.19,13.66,6.62,3.56
instance-6f8ce1a8-20b3-4931-9a59-ab4e7ecde269,20.67,13.65,16.9,0.28
instance-da4834e7-1486-4856-b1cc-9fdae620ce86,6.08,13.65,4.72,0.1
instance-cd97e0b6-942b-4fd8-8c38-e6a23a4827b8,14.85,13.62,6.06,0.65
instance-5a7f710e-9d8c-4e37-813c-65ea1c893f69,5.14,13.6,2.27,0.21
instance-ccbb842d-a7da-4c68-8ae6-0bf07cb2621e,14.09,13.57,2.93,0.82
instance-3a0fb161-b4d6-45fa-aca2-e806ca26e68f,15.3,13.51,6.71,0.64
instance-b10a7528-a6bc-43b9-a328-5f68dfd557ba,2.52,13.51,1.88,0.05
instance-a99f9c3d-2f86-424f-b738-230602baae11,2.29,13.49,0.66,0.12
instance-3bcaabf1-d747-415f-b283-62b977bee253,4.2,13.48,2.7,0.11
instance-84440d99-328d-4db1-966b-dda4609a05f1,14.83,13.48,5.1,0.72
instance-c157146e-5b56-4a7f-9baf-98e2fde69e0b,8.54,13.46,2.89,0.42
instance-e6382844-583e-4b5e-b57f-3cbe294a20d1,8.77,13.46,2.57,0.46
instance-77bc3b33-21dc-40af-bfbf-85ed30bd87d7,4.58,13.42,0.62,0.3
instance-c3f3973a-9616-4ba9-a466-46e51ff53378,13.79,13.41,8.35,0.41
instance-131ded11-0fbb-4fc4-9594-d5250d5a988f,29.58,13.4,9.68,1.49
instance-3ef85a6a-61e1-475b-97b6-b8cfc68a8bac,3.45,13.4,2.66,0.06
instance-5b289821-3608-4579-ab62-5ab044d4f265,20.01,13.4,15.98,0.3
instance-ccd926f2-ea70-4e3c-81fc-6de3f10b6540,20.28,13.38,13.44,0.51
instance-5ff4d3d1-b78a-4809-9cfb-0b4bf39731fa,2.25,13.37,1.69,0.04
instance-56fdcfd8-d500-428b-9f83-94dfdfc4d533,55.93,13.35,5.3,3.79
instance-349eef06-3d0a-4c53-984e-b0c4ab8c44d6,8.32,13.31,2.79,0.42
instance-187d6565-9176-439e-ba00-ef81247de65a,15.98,13.3,4.22,0.88
instance-ada9e1cf-758e-4f43-b230-63e529e7327e,18.04,13.3,5.36,0.95
instance-2bf58dcb-1733-4852-a748-d9895dd3550d,3.82,13.28,1.55,0.17
instance-14e86169-726d-44c2-b70a-c645d969f51c,9.73,13.25,7.57,0.16
instance-93edccaf-de21-4eaa-8523-2dd898ce4da1,1.24,13.25,0.88,0.03
instance-3fdee967-c418-4461-93af-02ec91972c50,8.41,13.23,3.02,0.41
instance-ef7a882a-8717-400e-aeb2-120d872aa8c8,42.49,13.2,6.36,2.74
instance-993f749e-d725-4df7-aa3f-c5ea23005f84,10.16,13.14,1.37,0.67
instance-69a896eb-0f94-4a64-9b8b-7f002dadc336,3.85,13.11,1.6,0.17
instance-dea518cc-efa1-4309-90f2-b9519efdf20d,47.46,13.11,10.23,2.84
instance-bdb42baa-af5f-4f15-90bc-ee99b90bb628,6.25,13.1,2.89,0.26
instance-0f9e9673-eb2c-4a27-a31c-abcdf9a1f926,13.07,13.07,8.19,0.37
instance-f2356159-20a7-42d6-93e2-c3cef2393051,58.81,13.06,6.4,4.01
instance-2e46bafc-9bdb-441f-bb22-fbca88902ffd,5.41,13.05,4.38,0.08
instance-3299e0a2-e1d6-4fd6-85fc-a8893aee7a4d,9.83,13.02,2.29,0.58
instance-f2a7dd39-ece3-4c6b-8959-4a6a450f8278,12.98,13.01,6.7,0.48
instance-121274cc-9c05-475d-99c1-3059f2aab2fa,14.66,12.97,4.09,0.81
instance-47608926-59ae-4596-8c90-f3c05395c594,14.55,12.96,2.26,0.95
instance-dc356c76-c2d3-46bf-82a9-6d3629c4e8b4,2.72,12.95,1.34,0.11
instance-fd2b5861-f241-469a-ac78-65a0f88045b9,7.1,12.91,2.49,0.36
instance-f2c618a1-e929-46f5-8f77-2fda33e5a17d,11.65,12.89,8.82,0.22
instance-0e964701-386e-468e-bc4d-6963092c0c25,13.39,12.85,8.18,0.41
instance-4cf2cdfe-d435-42b6-8cd9-d8d51761f64d,4.74,12.84,3.22,0.12
instance-99ae7c22-64b4-4f61-bddf-5d1c9a671fd4,8.63,12.83,3.36,0.41
instance-dd02866d-925b-457b-94c7-38e5323a6c9e,1.31,12.82,1.05,0.02
instance-57b8800f-bfc1-45d8-a681-9504b33fea1b,13.5,12.81,8.36,0.4
instance-3357d88d-434d-4643-989e-1edf499b58a6,13.14,12.78,8.73,0.34
instance-686f409b-b454-47d0-ace4-9f205455aa01,14.37,12.78,8.83,0.43
instance-9a60d0c6-e223-4ea9-ac7d-e950f4d54112,2.44,12.78,1.87,0.04
instance-f35171fc-05e6-4eb5-85ec-5f9f9f85ebc5,1.25,12.77,0.98,0.02
instance-ea2e33ae-558a-4b7d-bd5c-cc0a8fc16413,0.61,12.76,0.31,0.02
instance-3dd051d6-b471-4ad1-a038-f0d889962af3,5.63,12.75,2.51,0.24
instance-37a2f304-2914-40e6-bcfa-6713988ea9ba,2.08,12.74,1.8,0.02
instance-78b78980-e53a-45a8-b703-22282235bc0c,7.51,12.72,2.7,0.38
instance-30bba7d6-ad69-4bac-b89a-f74783f47274,13.73,12.7,8.63,0.4
instance-34853256-94c1-4182-8f87-5ae5c0c4c85b,25.68,12.68,3.15,1.78
instance-2541b862-c8db-47f5-b44e-0840e29835b3,5.14,12.67,1.71,0.27
instance-2752124e-630a-406d-97c0-f6750ac2ea17,11.92,12.67,8.14,0.3
instance-0fe413e2-35d1-4c92-b81c-f36f469b620c,7.95,12.66,4.01,0.31
instance-14b43440-f989-4539-ad8c-bf1ea0119e3e,13.72,12.66,2.26,0.91
instance-0eaa317e-285e-46aa-a072-f00bbb83fbdf,4.3,12.62,0.5,0.3
instance-06988acc-f135-46e3-b825-0eb3c81510b9,5.18,12.6,0.68,0.36
instance-65da1959-2604-4fb5-ab0e-7defa86da365,53.52,12.6,17.95,2.82
instance-361d1660-0a98-4bc1-8d04-82089c666c07,10.21,12.57,4.78,0.43
instance-c4c6998a-0382-4668-8638-1650add94b83,9.33,12.57,1.53,0.62
instance-11c407d8-b1e9-4245-a038-5ab4e282a32a,14.75,12.56,10.44,0.34
instance-f12c1b5a-0198-45cc-86c4-6522ab4b758b,3.02,12.56,1.97,0.08
instance-1494db5f-69b2-4cbb-89e6-2832d4bbbfae,11.89,12.53,6.0,0.47
instance-71e17aa5-3131-4633-9c05-6012d8e6e86e,8.53,12.53,5.05,0.28
instance-12e514ba-4d64-41f9-a973-dba816bb8b90,8.18,12.49,7.14,0.08
instance-44a56ce0-07c9-4a8a-bd70-a0a0e36cd163,1.0,12.47,0.62,0.03
instance-d7b075b2-fe32-4175-90fb-960e57f3bf82,4.19,12.43,1.58,0.21
instance-2ecd031d-fd9d-4f3a-9d3c-d96e674c198c,7.49,12.42,2.35,0.41
instance-229d2edc-43cf-4915-b3ed-406bcd4a8849,11.32,12.38,9.3,0.16
instance-c5d4ee30-4008-4dc7-986f-0666d9ba31ff,16.32,12.38,7.23,0.73
instance-226ce96f-b3fd-4d25-9db3-7793b8c50661,16.96,12.36,9.22,0.63
instance-81a55870-91b1-4236-8ece-91647c37bc1c,11.6,12.36,8.63,0.24
instance-158d0e9b-6582-49d5-b04d-0636aee7794e,35.14,12.33,18.09,1.38
instance-4f9091a4-9d05-4a6a-90bf-f90f5b05ce22,19.77,12.33,14.04,0.46
instance-4d784196-7dfa-4146-8001-40b4b91450bf,36.97,12.31,13.59,1.9
instance-564a401f-9e47-477d-9df2-205b22a00c50,8.26,12.31,1.99,0.51
instance-09d04fdb-28ea-4dde-b1a9-6e1056e75d19,7.23,12.29,2.19,0.41
instance-1f73606b-49bc-41f3-ab44-923e4c78b320,3.4,12.29,2.01,0.11
instance-d64cf110-5092-4861-9213-14e2cfb6c55b,4.39,12.24,3.12,0.1
instance-dbc12383-0a6c-479c-bf31-2f1874750333,6.51,12.22,3.04,0.28
instance-09e3e8ec-2426-4a7d-b130-677d6a338550,9.1,12.2,3.86,0.43
instance-47dfe2f1-9022-4855-8a67-f11e057089e6,7.75,12.2,3.07,0.38
instance-03487f8d-8081-413e-882b-cb76b47df471,12.08,12.18,6.1,0.49
instance-e6d42113-a02e-4aae-ba44-0428741812a9,18.81,12.17,10.51,0.68
instance-35b5b910-1c17-47b8-8a0d-6c9d74c18d1e,13.42,12.16,4.04,0.77
instance-00c494ef-bb82-440a-ad86-8985c72b293b,3.77,12.15,3.1,0.05
instance-031a2201-0c61-4a35-8cdf-d5654e656118,14.74,12.15,8.76,0.49
instance-db1c9045-085e-40b8-83ec-48cd4ae3eb57,45.35,12.14,8.01,3.08
instance-97b902bf-5f99-400c-9234-f7ec1daf6bc9,22.52,12.13,9.76,1.05
instance-2291c7c2-a40f-4340-abf9-8f9e289ae7b4,0.91,12.08,0.6,0.03
instance-3e082e17-5625-480a-a08f-3ea78d89d688,9.56,12.07,1.29,0.69
instance-8145d903-577e-484a-b7ec-3117434f8c6c,9.04,12.07,6.84,0.18
instance-8e7a3b68-b546-4d8e-a1d3-c4411580f9ea,9.31,12.05,1.56,0.64
instance-11f0aeb1-786d-43a9-8ebc-85b34ac5938d,5.98,12.03,2.61,0.28
instance-207ba884-8e1a-4f5b-9f11-247e990998e4,5.26,12.0,2.76,0.21
instance-5ed8acc0-ac74-4135-8f23-e5578bb1b223,20.24,12.0,16.02,0.35
instance-797cee79-7ec5-4a97-85e9-d757eb92c73b,6.7,11.98,2.32,0.37
instance-7100dcca-a902-4952-a518-056b81f0b605,4.45,11.95,2.71,0.15
instance-c6cdcff3-5d38-4947-8fff-5b3904a6ec62,2.85,11.95,2.29,0.05
instance-dc2d074d-1dc5-4357-a273-41dacffdf4b0,5.36,11.95,3.03,0.19
instance-7c868858-1464-4672-83a8-0e6deec69b15,11.26,11.92,8.05,0.27
instance-076994bd-50ec-4844-b63e-5e618f59ae78,6.11,11.91,2.68,0.29
instance-36d596b0-5974-4a4d-b9f0-b7cfded8446c,9.48,11.91,3.15,0.53
instance-f40b2995-164f-4f79-9dfc-4180af1010e0,4.04,11.91,2.35,0.14
instance-7b294628-1c03-42dc-bb3a-891880e9385e,8.9,11.88,7.22,0.14
instance-907bb9eb-ce65-4997-8c59-0c41591045e5,14.88,11.87,8.62,0.53
instance-5003df27-0d5c-4089-9d82-04b78f03c422,14.34,11.86,8.55,0.49
instance-56eeb3d7-6721-497f-8c78-19b95a65f831,9.06,11.83,6.8,0.19
instance-06cfb16d-869f-4623-897e-1fdc86adc306,26.35,11.8,15.56,0.91
instance-e1678814-a27b-469b-8998-7db3cc873bfe,14.87,11.8,9.66,0.44
instance-e780f1fb-cfdb-4e95-8602-10b960525c70,10.04,11.8,1.29,0.74
instance-dbca845d-2c39-45ee-9dc0-75941458228e,11.08,11.79,6.34,0.4
instance-1ff7862a-ae13-463b-957d-36197ee73d5d,18.39,11.77,15.05,0.28
instance-e215fd91-f585-4195-bd58-d1f3920360c9,2.62,11.77,1.68,0.08
instance-ff9c359a-e5b1-4b52-99db-c30407cd6426,8.77,11.77,4.08,0.4
instance-8236d1f0-9616-47ab-927e-74235e2ed301,1.01,11.76,0.69,0.03
instance-80ece21b-b9c5-4dcb-aa38-62d0ccd72732,6.42,11.74,4.12,0.2
instance-e6d99c2b-1a6f-4401-a756-e4976cae0b00,7.26,11.74,4.81,0.21
instance-e1839b83-dce5-4555-9d58-426eedee19b8,9.72,11.68,7.11,0.22
instance-0516db2b-5feb-4718-bd31-b603104e94cd,8.3,11.67,4.03,0.37
instance-ca4b915e-d66b-478a-86ad-3480f2872512,14.96,11.66,4.97,0.86
instance-fe631f85-bf77-4c5a-a924-cf1d5e49d8d1,3.49,11.66,2.34,0.1
instance-aa9a640b-8f15-4f05-9b4b-caa28941c9bc,66.42,11.64,27.89,3.31
instance-771573e1-73e4-41b8-9bb3-ebb76d495720,1.75,11.62,0.99,0.07
instance-e66a7dfc-530f-429e-b4d6-0fbdae98a9e8,17.84,11.62,8.74,0.78
instance-51b129dd-b730-4491-b58f-f134dfd81245,4.34,11.6,2.66,0.14
instance-8e876fb3-aa75-48af-bfe2-bf4625afc47a,24.91,11.59,17.57,0.63
instance-a27874b6-9558-4d91-8ef7-d7b45fff21d4,17.23,11.52,8.92,0.72
instance-6c0b3336-7925-417c-a21d-b1aea8e89081,8.67,11.5,3.85,0.42
instance-071a8c9c-0d90-43d6-9db1-b7073e9d4faf,18.07,11.49,10.16,0.69
instance-ec368792-72b7-4a71-99f9-47beaaccaf80,10.02,11.48,1.34,0.76
instance-63e9910d-aca3-4c13-b92c-e3d7cdaef7eb,5.29,11.46,2.3,0.26
instance-5b668252-8719-4d56-b834-8fc62b35340f,17.42,11.42,8.32,0.8
instance-6832d70d-5d06-4f17-bf57-fed58761ec22,7.99,11.42,5.82,0.19
instance-825c9c8d-14da-4bfc-9783-2e0c9cf35923,15.89,11.41,11.96,0.34
instance-ed8930e9-ae32-43a3-8e2b-b457552bc803,7.62,11.41,2.7,0.43
instance-544efdcd-f0d9-40cc-a6f9-ea35c995f312,48.86,11.4,15.0,2.97
instance-a209ee3e-0c50-41b1-8323-9a3406b0fa34,2.9,11.4,1.31,0.14
instance-a173ecd8-1ab2-4e55-b474-f2ade2b69b86,8.88,11.39,4.87,0.35
instance-a0d8f7a1-2f7f-4e91-8c0e-363dbbe90761,2.55,11.38,0.35,0.19
instance-f0c644d2-4c84-4dbf-8f99-c6188053b182,2.22,11.36,1.16,0.09
instance-87a55556-6f07-490a-a055-fb918d3e7dd9,10.89,11.32,5.01,0.52
instance-a0c6af06-c8d5-4613-8816-a8acd93ffcb7,19.53,11.31,16.25,0.29
instance-39243038-3f83-415a-a3f8-ea43fe55cec4,14.31,11.29,10.42,0.34
instance-a17addca-e70d-42b6-9d9b-2dd85dd4f310,4.71,11.29,3.48,0.11
instance-ad2190d7-1636-402f-bb20-e7398e792e9f,2.14,11.29,1.75,0.03
instance-ddbf01b1-5172-445f-bf8c-63ed9a664c00,1.5,11.26,1.0,0.04
instance-5645c503-d760-41d9-b68b-6f8d637e4ffc,10.86,11.19,8.79,0.19
instance-adec0cd4-1177-4f8a-91e8-8e4d841cf60e,20.7,11.17,11.94,0.78
instance-2a2600ca-4f0a-42f3-b92f-86360b52ed4b,15.96,11.15,9.59,0.57
instance-ca025171-6ea4-4569-8b1b-1df1b6a83f54,3.55,11.15,2.38,0.1
instance-4d3cb2db-3a25-4d39-b256-0572e7bcb547,3.33,11.13,2.91,0.04
instance-bd04158d-9651-4021-a1c2-01efcb926b8c,20.48,11.13,5.31,1.36
instance-ba84406a-8fbd-44cd-b5bb-759159800d98,5.56,11.12,0.58,0.45
instance-bfeb5b97-72b7-4ca7-a249-3b832e332289,18.34,11.12,13.46,0.44
instance-31de3ea0-d73f-446a-97df-4e78aac59324,3.02,11.09,1.46,0.14
instance-7b040eb2-55da-4017-ba83-7d6dc997cc09,5.76,11.08,3.06,0.24
instance-8c1fdaec-2ed5-43fd-b0cc-3208aab8488e,21.49,11.06,8.9,1.14
instance-7cbef8d0-5b19-43ec-a4d5-99d89f5483c0,6.84,11.05,2.58,0.39
instance-d9742852-df22-4320-b8e4-b6d17e6aedaa,7.87,11.05,3.02,0.44
instance-8acc1504-c8b9-4aee-988c-4762dadc6dad,15.09,11.04,8.72,0.58
instance-45ad5271-b71a-4941-b18c-ed1a7215ab0f,6.52,11.0,2.65,0.35
instance-f7cb0117-1e9a-4fff-8d58-21d4da7f58b0,15.77,10.99,2.76,1.18
instance-34eca983-60cb-4642-befd-7169d5cb1ff9,7.94,10.98,1.46,0.59
instance-01f8a11f-e7a4-414b-be54-4e74352853c4,8.74,10.97,5.34,0.31
instance-f68655e4-93ee-4ed8-80cd-c5e2e068e019,8.4,10.96,4.09,0.39
instance-01a3fc3c-dbf2-4c38-b9ef-d86341ad8122,14.74,10.95,9.39,0.49
instance-2d70c9e7-0a78-4233-9c04-8f03db970c18,2.25,10.95,1.98,0.02
instance-88a3d8e3-2dfa-47bb-a1f5-f04c5f0827a2,10.43,10.91,10.18,0.02
instance-1851cc1e-eab7-461b-93c6-acc5dd2c7ce0,7.75,10.87,4.13,0.33
instance-3cc79d31-3d7b-487e-800e-7b7d0ba8d20e,11.29,10.85,3.91,0.68
instance-9f134e9e-9757-4a46-96a1-cf51a598644f,2.53,10.83,0.38,0.2
instance-b727b47d-7b00-4e3b-b659-d7d3137ddc22,16.23,10.83,4.31,1.1
instance-efe3836b-46f4-414f-9ba4-f3d86182bd97,8.14,10.82,3.41,0.44
instance-53e2b130-4b35-4c6f-a6e2-960058a60399,24.88,10.81,17.21,0.71
instance-455c50ce-ca1c-4670-9fcb-8efafe1c4f6c,4.87,10.8,3.92,0.09
instance-c04fa411-ea19-4bbd-9cc5-3dd50805dfae,9.92,10.79,4.39,0.51
instance-780369b7-47c8-4de8-92b7-79c073b088a9,56.48,10.77,19.14,3.47
instance-ae3d0062-2223-48f5-9fed-e157abc10191,4.2,10.76,2.46,0.16
instance-e7190d72-3663-4b85-a463-5784681819c9,7.15,10.75,3.34,0.35
instance-017fcdbe-05cc-4eea-9945-c539d00015b8,2.02,10.73,1.68,0.03
instance-66420c23-558a-4012-9367-498595fd94a7,3.86,10.73,2.55,0.12
instance-7d173a22-53bd-4e24-bcf1-026c817eeb5d,22.63,10.73,5.2,1.62
instance-9e64f630-a8a7-47b3-89f6-0d8c27f0aa7a,7.33,10.71,2.55,0.45
instance-3e4c20b2-7a5b-4e37-b9db-24da58279112,10.05,10.7,2.08,0.74
instance-3ffb42b9-9449-42ec-a7bd-9f496f09a31b,7.73,10.69,2.51,0.49
instance-9e2268c5-d726-428f-8edb-d7f37cd934b7,17.99,10.68,16.32,0.16
instance-cd52923f-52e0-4e37-b55e-1d17e1e19d91,4.15,10.68,2.53,0.15
instance-af126c08-464f-4244-8467-10475f57fbc4,3.39,10.67,2.22,0.11
instance-f1c823f7-dc5d-4760-9a11-d146e24d998e,11.04,10.65,8.16,0.27
instance-68f10f20-c2ec-49fa-9909-529599a89f74,32.65,10.64,4.9,2.61
instance-a5fdec5f-bfd6-4902-9dcc-af297bc589d9,17.65,10.64,2.89,1.39
instance-ce3bc3d8-cfc0-4bbc-9303-8b00ace73972,18.7,10.64,14.72,0.37
instance-a55a27eb-c0a8-45c7-8c7f-33671bb2fe74,2.28,10.58,1.14,0.11
instance-facc71fd-b8a5-4873-8e71-a6cab8f9eda9,6.33,10.58,2.28,0.38
instance-fe5a9718-a7a9-42d6-bab1-e428878cd392,13.49,10.57,9.8,0.35
instance-d33841ea-a149-4d7e-99d7-8f998fc43715,11.42,10.56,3.86,0.72
instance-27f808b2-8e9d-4208-9ab6-0fa73b3d66b3,15.94,10.54,8.51,0.7
instance-c43822e5-5542-4be3-9489-964b80599539,16.19,10.54,15.69,0.05
instance-99ed4f7b-3652-415b-a5bb-8b8aa4eb8331,13.34,10.53,8.9,0.42
instance-42e8a362-6fbd-466f-99a5-7fcfdde112f8,52.08,10.5,15.07,3.53
instance-3a776628-2f99-48c3-8a26-aa024c42fc8f,1.41,10.48,0.98,0.04
instance-33a67ca9-26ea-4230-ad8c-b3a7ae9c89df,33.31,10.47,7.52,2.46
instance-6ed614e7-3a20-463e-96ec-e2256d480832,4.49,10.47,3.6,0.09
instance-6c23fb63-2a8a-48c9-917b-1e53d133c9d7,5.95,10.46,2.9,0.29
instance-69030813-50a0-4c88-98bf-01ea6d3c5e95,18.73,10.44,16.68,0.2
instance-46615cf9-92ac-415a-a372-582a482d8414,15.5,10.43,8.28,0.69
instance-4d6406d4-9a0a-4e13-81dd-843b762722e7,5.25,10.43,2.06,0.31
instance-899c0fbf-19ea-40c3-bf44-a420fc6d7163,13.11,10.42,5.61,0.72
instance-a614543e-70ee-4a86-8db3-7e58713c7a71,5.69,10.42,3.55,0.21
instance-8fc65172-b3cf-4994-9435-27a9d91277ba,0.83,10.4,0.27,0.05
instance-c45ffd34-9f64-4ad2-b0b4-4f633b50da77,41.57,10.4,8.39,3.19
instance-f7a42fa2-dcef-4bf0-b0df-dd10a14ebcdd,13.14,10.4,3.59,0.92
instance-82a5ba7f-4cd1-47be-992f-b3e438713051,3.65,10.38,2.48,0.11
instance-d7f3b14b-466d-4247-abd1-1cadd3299f0c,5.83,10.38,2.54,0.32
instance-2d22e950-c771-4348-8266-f42a4460221d,7.06,10.37,1.48,0.54
instance-02037c23-2c65-44c2-84ee-2efcd8e0b12c,7.4,10.36,3.02,0.42
instance-814b0e63-42d7-490c-9ae0-c105e551100b,2.33,10.35,1.26,0.1
instance-24461f80-9db3-4fe9-80d4-2dc2aa99487b,13.69,10.33,11.66,0.2
instance-b0ac2b9d-4a96-44a0-ac52-dfa7909c5ff6,0.22,10.33,0.15,0.01
instance-e325cd95-92e8-49d0-8ebf-9e8f1be18e7c,8.13,10.33,6.68,0.14
instance-de55d968-50fe-4ced-b2af-aa61356ee452,1.31,10.32,0.79,0.05
instance-81a16a90-69b7-417f-884b-10bc5f8ec65b,1.91,10.29,1.64,0.03
instance-f783cc6b-5362-4cbc-b84b-982e687b34e0,9.6,10.26,8.96,0.06
instance-0774afb9-b0a3-417b-b2cc-4431ebbece07,22.9,10.23,5.49,1.7
instance-e4c762d6-8034-45fa-944b-5b7d515ee97f,3.3,10.22,2.52,0.08
instance-fe37a076-83c4-4c38-a6f3-54015c135169,2.21,10.18,1.89,0.03
instance-97fb33a4-8cbb-4848-9bd6-d5c212222efc,5.42,10.17,2.3,0.31
instance-757302e4-387f-4fe0-8de7-365b78256b88,24.83,10.14,3.44,2.11
instance-adb3f2c8-3145-49ab-82c7-1f8c16c64f3c,4.75,10.14,1.94,0.28
instance-83717009-984d-48b8-8bec-3e1278601704,5.31,10.12,3.42,0.19
instance-d10e43b6-b1e6-490c-9358-a5e567646cb8,9.8,10.12,1.6,0.81
instance-4d1ea4ce-7e6e-46c4-8087-5164ddf83f34,14.44,10.11,9.5,0.49
instance-3a16b246-de8f-4282-9da3-a654ae528fe3,26.34,10.1,7.13,1.9
instance-ad78af24-b0da-430f-a38f-9b0fa3292d63,4.73,10.1,3.22,0.15
instance-9ac801e1-33d3-484a-a7c4-47117d73c94d,32.48,10.09,6.46,2.58
instance-ca3baab0-8e70-425e-9bf2-d61a92a70921,26.73,10.07,4.85,2.17
instance-e025582c-dbbd-4e24-bc2a-52101bc3c3f2,44.57,10.07,17.9,2.65
instance-5e65c0f4-4b8a-4422-8b2b-e74fd16f48ce,23.71,10.06,5.08,1.85
instance-a38892af-80aa-45b6-b2f3-66137338732e,39.28,10.05,27.67,1.16
instance-a61a79a1-2f2a-4161-a4e7-3169987ec7b5,1.18,10.04,1.0,0.02
instance-4f6e1559-e45a-46c3-a20b-5455aa7885fc,5.39,10.03,2.49,0.29
instance-d42202f2-e8e7-40bb-a4ad-d5770e188ce4,2.37,10.01,1.29,0.11
instance-16bf8931-11c0-4b83-838f-da96fd0a3183,1.11,10.0,0.57,0.05
instance-7fef9ea6-5d90-4127-9727-4cdb796945fa,19.28,10.0,4.85,1.44
instance-8c2e371e-97f9-4d3d-b99e-3ba0dc59b6e0,40.88,9.99,7.5,3.34
instance-a3feb24d-cad1-48a3-bed6-6a4b544056e7,1.14,9.96,0.79,0.04
instance-ab7c5664-f464-4736-8ad6-08135b1aa6c6,10.88,9.96,8.08,0.28
instance-bd4b68f8-ce5a-45e1-8836-9079ccd67776,9.62,9.96,2.3,0.74
instance-55d67b32-9600-4657-b531-fa628b3d7fb5,49.46,9.95,16.85,3.28
instance-2d4c59c1-d6b9-45a5-ae7a-5386b77c396c,1.15,9.93,0.89,0.03
instance-6af68143-ef30-46b1-9528-ccc38d18b750,25.69,9.93,15.92,0.98
instance-1a864f42-4d34-4034-8b58-6344f6085ea0,16.44,9.92,15.88,0.06
instance-f590b230-8803-4a23-b23b-0ffc90e4ef87,2.32,9.92,1.52,0.08
instance-b569e4f1-e572-4008-94d9-f100b00d4134,4.26,9.91,3.18,0.11
instance-478561a3-5e2d-49e8-9f80-7f821ae9029a,8.07,9.9,3.97,0.41
instance-75a4d69a-546d-4d69-9515-5a9c156d3bf9,2.78,9.9,2.21,0.06
instance-7dbad41a-e4cb-4c4f-b90d-758638f4b14a,6.65,9.9,3.58,0.31
instance-f05236df-5dfd-44d1-af0f-f4c00edbd2c3,7.83,9.9,5.89,0.2
instance-73f209d9-4c21-49e8-b323-f50d83ae3242,3.95,9.89,2.34,0.16
instance-d62bb48c-0181-40c3-a953-4bd192db1187,7.21,9.89,3.76,0.35
instance-d683f7de-c9aa-407a-afe5-23221be63973,13.53,9.89,9.87,0.37
instance-1f7dc8e1-01cc-487b-a629-e842c22e3904,37.1,9.88,26.65,1.06
instance-639fa12b-63c5-4a02-a9f4-c08a775f1184,4.67,9.88,2.53,0.22
instance-f8b67455-969c-4897-a00d-10da4f998ed7,12.65,9.88,8.73,0.4
instance-32e97321-39ef-49a6-ae68-77db619cce80,6.22,9.85,3.93,0.23
instance-7ad795d8-0491-4a88-ae62-ecd0017b505a,14.63,9.85,9.19,0.55
instance-f53f88b6-dd9a-4208-a5d2-3c2a68febb1d,12.54,9.85,8.39,0.42
instance-6102b5bc-fa1f-45f8-a873-4f5e0dc33e78,6.83,9.84,5.3,0.15
instance-6291b3e7-d8b5-4af6-9ec5-8df97162e656,40.01,9.84,8.2,3.23
instance-84f4d88a-51e0-4e2b-87ec-52a900881da3,6.9,9.81,3.47,0.35
instance-aa33fb2a-ed81-4953-9873-a1f485626a10,5.06,9.8,2.29,0.28
instance-7fd55642-0d94-48dd-8e2d-2d4605892b02,4.97,9.77,2.95,0.21
instance-3284bc81-a285-4231-be61-a5f81cda209f,15.97,9.76,5.88,1.03
instance-c8bca0dc-f26e-41f9-a01e-da6deb08e0b0,16.04,9.76,7.75,0.85
instance-25b09102-ca63-4200-b110-5e0128328934,19.55,9.74,9.72,1.01
instance-4dfc64c4-9d23-405c-a69f-b1d8b829ea23,14.98,9.74,7.25,0.79
instance-f029c552-4b79-4d0b-aa1f-be9b7bf43a74,10.25,9.74,4.15,0.63
instance-1c1e1d03-7c24-4e2c-a7f0-2c072afa0592,3.03,9.72,2.31,0.07
instance-639931b1-fbb8-4a04-a803-3351bf7a1eb0,4.04,9.71,2.38,0.17
instance-4ebe6933-7e6e-4fd7-92d3-154e81e9755c,8.29,9.7,3.18,0.53
instance-9c3ac455-dd9f-4bb0-ad74-26b3c1a2b2ec,2.02,9.7,1.34,0.07
instance-bac137ab-6288-4e39-ae4f-82433ef9543a,21.05,9.7,17.96,0.32
instance-bf4bda72-6acf-4fc5-be21-3af1f71e2820,16.36,9.7,12.96,0.35
instance-b5555482-3f07-43b6-a9e1-bd2df6990f84,22.57,9.69,9.08,1.39
instance-85de64b1-4ae6-42f9-bd1b-5403a8caa6a3,10.68,9.68,8.36,0.24
instance-2106872d-df78-4856-98f2-2ea852fbd819,11.34,9.67,6.52,0.5
instance-f15944b3-4ed7-4726-af12-5ab26f7d8b4f,7.68,9.67,2.57,0.53
instance-d0790a61-58bb-470e-bc17-5ee058861da3,15.21,9.65,8.6,0.69
instance-098b699f-d289-4622-813f-d782a7deb9b7,38.39,9.64,13.8,2.55
instance-535b4ce1-0697-4f84-8d1d-b156496d7ee7,6.62,9.63,3.32,0.34
instance-9d62006a-13cf-4286-8757-dff685f068c1,18.39,9.6,13.9,0.47
instance-d0af12b3-611f-4f78-86f5-1daa821a6393,14.73,9.57,6.78,0.83
instance-ea50617e-750c-4011-99eb-13ed0c8cd137,10.08,9.57,4.77,0.55
instance-fc007cf9-5381-497e-a682-c82554244b0b,2.26,9.55,1.35,0.1
instance-ed550321-646e-45e1-b42f-7ec1ce4de391,2.22,9.54,1.18,0.11
instance-2e26baad-c146-4c21-b8e4-b11c3180f7ef,12.82,9.53,8.48,0.46
instance-99432217-8e26-4765-bf48-81de53df1cf7,6.39,9.53,3.95,0.26
instance-a36c2102-337b-4796-af61-7e74ce155504,18.13,9.53,15.84,0.24
instance-aeeb5d86-7e46-458f-841d-5b6085511358,4.17,9.53,3.18,0.1
instance-d246d511-a383-4f9d-b92e-9d77ee31427d,18.28,9.53,15.89,0.25
instance-aa4a0f79-89bc-4da7-9e2d-6514de2f2aab,2.38,9.5,1.34,0.11
instance-5ce5320b-0a58-4870-b5a0-695b35739569,9.29,9.49,7.73,0.16
instance-0632f947-da89-40be-80ed-c010a09674a5,8.07,9.48,4.15,0.41
instance-0c9686d8-900c-4a6f-aa3c-8fb1531bc685,0.56,9.48,0.51,0.01
instance-577fe93f-6d1f-4763-b702-83054073edbb,4.36,9.48,2.75,0.17
instance-66bfc767-c85b-4cfa-a95d-2ba651912120,3.15,9.47,1.76,0.15
instance-d62e2716-94fb-423a-9b7e-15768655df04,8.09,9.47,3.37,0.5
instance-048179ba-0790-4280-acab-9ff8d59daf16,8.25,9.46,7.79,0.05
instance-6b23919b-8af1-4120-bef4-7a60e7d03c5e,9.87,9.44,1.38,0.9
instance-8b7bcfb7-841c-48ec-9908-cba7621034f2,10.18,9.44,7.08,0.33
instance-d2cf2f78-e5a3-4456-8150-8d1edb72f1bd,14.77,9.43,8.35,0.68
instance-637a1e9b-cdb8-4ad1-9826-d059852bbac8,8.59,9.42,4.21,0.46
instance-7a3f29d8-bbe3-46bf-abec-b743699cebce,12.37,9.42,8.65,0.4
instance-26727bb5-8156-43dd-aeee-dab448418248,14.11,9.41,7.25,0.73
instance-39a3ed2a-e501-4ef9-bdf4-803a39a4bddd,26.46,9.4,6.35,2.14
instance-42859ffa-573f-414e-9c33-b1ad03f1eeeb,16.47,9.4,8.65,0.83
instance-4964eadd-1fa7-4fb5-a429-439c9e02ee0d,41.37,9.4,10.42,3.29
instance-88bc5ed0-add2-41a5-a4d3-30dec93f3e84,0.82,9.4,0.66,0.02
instance-5da1a8f4-24ec-426e-b072-3f5aa236b9bc,20.38,9.39,16.92,0.37
instance-e7fcd85f-5742-45d9-85b3-9c40e6e3c7ec,4.11,9.39,2.68,0.15
instance-3cc9ba05-79b7-4dd6-be39-93f04d0bdd7f,7.56,9.38,4.3,0.35
instance-2aafd963-c332-46eb-8933-8b5c3a67824c,0.75,9.37,0.52,0.02
instance-99c8373f-e5a9-4dbe-843b-8d913fd2ffe3,8.94,9.37,7.24,0.18
instance-d958dfc0-4291-491b-bafd-03c046259d9f,19.94,9.37,15.99,0.42
instance-bfa27399-4289-42e2-a44a-5d477f1572ed,5.87,9.36,1.87,0.43
instance-f9eae5e3-0f9d-4000-a156-b412ab09fd71,13.29,9.36,4.39,0.95
instance-007b12f8-0a43-4d28-a134-8f9380847964,8.76,9.33,4.74,0.43
instance-1841e605-3566-4235-820a-745c6005110a,10.78,9.33,8.39,0.26
instance-c967e289-e81b-4030-a6f0-3e7d370d4861,10.11,9.33,8.42,0.18
instance-3abd0f5d-2964-4ed7-88df-3431a1136873,16.49,9.32,15.08,0.15
instance-5dd05ccd-f24b-454d-8c7a-7a1a8107a903,6.42,9.32,5.1,0.14
instance-8aa783c7-7ec9-4e41-91ff-ec452fa9b0fd,1.93,9.32,1.58,0.04
instance-db684b47-3e6d-43be-94b1-504251d627e5,8.38,9.32,1.3,0.76
instance-8d24c8d2-3289-41b1-aefd-1823dcf18bc2,9.26,9.3,7.89,0.15
instance-d312dd66-4473-42c1-9d8b-c5a253cab395,6.98,9.3,3.06,0.42
instance-936050b8-acfb-4f15-b560-87ee44cca14b,16.64,9.29,9.68,0.75
instance-e55291ef-58fc-464e-b168-a2c33f4e2cf1,5.15,9.29,3.64,0.16
instance-181ae955-f852-4eeb-9165-608b141bb31d,3.72,9.27,1.6,0.23
instance-865fa13b-20cd-4e1e-ab8a-fc6c6685cdb2,3.97,9.26,3.75,0.02
instance-88ea749b-7401-4ae7-ad4a-c9c9bd770829,16.77,9.25,13.07,0.4
instance-ad800585-7599-49f7-8d8b-dec77ee8484a,4.66,9.25,2.66,0.22
instance-c4ff8265-624e-4721-bdce-27d199dc1b99,10.04,9.25,1.45,0.93
instance-ddb1f70d-7b7b-4fbe-941c-f214f1bf2497,41.11,9.25,7.34,3.65
instance-ff434fde-e674-44f3-a9b0-251b0b4bda26,14.59,9.24,10.16,0.48
instance-48ec7398-c9b3-47a9-bdf8-730bb8214833,5.61,9.22,2.43,0.34
instance-528da853-cdab-4c7f-bece-268bef618f07,2.19,9.19,1.15,0.11
instance-71998b3f-1c23-4869-8d58-88184f419bfc,19.94,9.17,3.0,1.85
instance-bfb7a7b9-8f93-49cc-a5c9-a69f9975eb82,35.31,9.17,13.03,2.43
instance-fad5048d-c61e-4e2c-b42f-b50f790db30f,7.03,9.17,1.89,0.56
instance-1eb91beb-5ef2-4a2f-8f4d-dd5eeaffd299,2.08,9.16,1.63,0.05
instance-672439af-5335-46bb-b0cb-80c51c62c5d4,42.83,9.16,11.41,3.43
instance-42d315ac-49bb-483b-b4d5-647454e10404,6.41,9.15,2.82,0.39
instance-dab6d558-edce-477c-bd97-d97af84b2f6f,10.09,9.15,8.36,0.19
instance-e80c3833-a7bf-4144-b00f-599ccf6bb526,21.58,9.15,17.78,0.42
instance-f87898a1-2601-4658-9457-8f0a88dde602,16.88,9.15,15.74,0.12
instance-fa870c40-77a4-4313-89d4-c4e14e1f3406,3.87,9.15,3.72,0.02
instance-6684c598-02eb-466b-82d3-87876845df49,8.15,9.14,6.34,0.2
instance-7a778427-4fbf-4623-8906-56805dc8e5a7,5.86,9.14,4.46,0.15
instance-e822b33a-b06f-4fbe-afee-9cf2887d8242,2.17,9.13,1.3,0.1
instance-dbed0932-05d6-4872-99b3-6bec1edad4c5,10.13,9.11,8.36,0.19
instance-6d1d3f0c-ccc5-4e91-ba95-409f88ebcb4f,7.02,9.09,5.15,0.21
instance-fa68d127-ca6c-48cf-a864-a92bccea44a3,38.2,9.09,7.14,3.42
instance-5fb88a60-1903-45fa-a947-2ec5d9a8a68d,11.17,9.08,6.52,0.51
instance-31eccebe-0640-42ce-806e-579abc43fe7b,3.23,9.05,1.81,0.16
instance-ba9ab93c-b7f6-456b-ad40-397588b89710,9.39,9.05,8.06,0.15
instance-ff4b3e40-59f0-4729-be7d-ae58d60d4170,4.97,9.05,2.49,0.27
instance-05c692c9-2ade-4a06-bdfe-daa5b2615d1a,7.16,9.04,5.47,0.19
instance-4fc01b35-d2a2-4782-9131-ca71d12c2092,13.96,9.04,0.79,1.46
instance-e546c1f3-188a-4b61-9833-44bd69364afc,3.33,9.04,2.42,0.1
instance-4d46861b-398b-402b-ac65-24ede6f6f225,14.24,9.03,8.72,0.61
instance-693f772c-a062-4f70-b1c0-6bc417bee299,8.61,9.03,2.53,0.67
instance-8e8a9d19-1889-42de-8098-a5ab2a0f411a,2.49,9.03,1.5,0.11
instance-7ce750b1-3ea5-49e2-9b56-606d3736a0d4,72.63,9.0,20.56,5.78
instance-bd461b90-5d83-4cbf-ac00-923bed68dfaa,4.79,9.0,4.05,0.08
instance-21aad519-8af0-467a-b07e-28391d8ee616,10.74,8.99,8.75,0.22
instance-2c41be43-95d3-4446-b647-fdaefe02b438,2.28,8.99,0.38,0.21
instance-59bc2201-1144-4444-a322-cd0ab5c80a19,14.39,8.98,12.11,0.25
instance-9925e460-80c2-465e-a15f-971a495ea3c0,4.09,8.98,2.11,0.22
instance-cbe83fb6-4fdd-458a-8867-a096099faeb3,8.5,8.98,3.83,0.52
instance-34dbd18b-2ff2-4990-a5e2-8d9634e1d1bb,3.29,8.97,2.39,0.1
instance-4e0e8b73-8de5-47f4-985f-d5a6d891075f,15.67,8.96,10.45,0.58
instance-6ad5a64a-7e79-4e5a-9436-19993aae85de,35.79,8.96,4.75,3.46
instance-96f266bf-6f08-4795-b4d7-ec55461f18b9,5.74,8.95,1.35,0.49
instance-a080cc17-1c7a-464a-a09f-59f11e401133,9.55,8.93,4.52,0.56
instance-c47c2df3-1290-44fe-9e0d-b9db46f551d1,1.83,8.93,1.68,0.02
instance-3ee569f3-6943-4f54-97e3-a333171e5c39,15.97,8.92,13.03,0.33
instance-eb559356-adcc-4223-bfe6-5fc579612285,20.56,8.92,14.76,0.65
instance-12e307ea-f77b-4dbd-8b04-d960c49b51aa,8.01,8.9,3.04,0.56
instance-de57821a-2a79-4fd9-8afd-d9b60f59d41e,7.94,8.9,3.75,0.47
instance-4d92e1f7-39d0-45d8-a45e-caf1f6c075a7,16.83,8.89,10.79,0.68
instance-5ca95253-616e-4847-8bef-cf683527e4a1,4.19,8.88,1.96,0.25
instance-61ea62dd-3e8f-4f00-a038-c93be4bcc9e6,7.25,8.88,4.09,0.36
instance-8e3b8486-3a99-4ba8-bb57-8d3c6436f384,20.23,8.88,2.17,2.03
instance-e1b68b14-5e90-4afa-9093-0e137d280796,18.13,8.88,14.2,0.44
instance-9dfc815e-904d-4bce-845e-cf4de1581400,0.29,8.87,0.16,0.01
instance-c795fe4a-4a3b-41e8-a3f0-212962e38377,20.29,8.85,16.17,0.47
instance-d833d263-c7d9-432b-b336-939a4ea61570,10.56,8.85,2.34,0.93
instance-6fe676f2-5a30-4907-90a1-48c8be0f1c77,4.76,8.84,2.95,0.2
instance-9f1c09e7-bc5d-4008-8a57-66dec53a2491,11.28,8.84,1.47,1.11
instance-176e8076-59a6-4fd2-9516-3ab6da90a93e,41.98,8.82,5.56,4.13
instance-bcbb8d23-34aa-4635-a40f-0594ece0f9be,2.96,8.82,2.06,0.1
instance-03107063-7bfc-4138-b84a-6cf7fc605f0e,17.11,8.81,13.49,0.41
instance-8abd1e13-a579-418f-a57c-d3993edc7d73,8.55,8.81,5.03,0.4
instance-fd40612b-74f2-487a-9dfc-cfe16f4eed96,16.15,8.81,8.34,0.89
instance-7bfbe370-cb33-4a0a-a0b9-9a5042cb9e93,5.16,8.8,3.6,0.18
instance-16b7e1de-1f3c-44a9-afc6-af3073b2690b,2.06,8.78,1.3,0.09
instance-4b98cbc7-0e04-4b84-891e-13efb68952fe,5.32,8.78,0.68,0.53
instance-b6f4749a-dca0-411c-9647-0205dc62cd7c,13.08,8.78,2.91,1.16
instance-bef75d62-cc1d-4603-8c47-92ca58041600,0.41,8.78,0.19,0.03
instance-51c865c4-a5a0-413b-820f-83010bdde681,22.51,8.74,6.27,1.86
instance-783a07da-dcc1-46b9-a0ca-905914bfe1b7,3.35,8.74,1.84,0.17
instance-aa4c22ae-9401-44ff-b9aa-af6b8f430620,9.08,8.74,3.35,0.66
instance-c74b5efa-3403-4c04-b58c-95910d5cd370,7.49,8.72,4.08,0.39
instance-d41c17fb-857f-4ecf-a258-fe9ba76c4599,1.54,8.71,1.24,0.04
instance-112e15d2-f725-433f-b826-b9b47d026309,1.26,8.7,0.46,0.09
instance-ff34adc7-740f-47be-9f86-79efe3287573,16.18,8.69,15.2,0.11
instance-0557887f-670a-4732-8bcd-757365d6de4c,7.06,8.68,2.3,0.55
instance-94ac6562-5dbf-4397-9360-e24f819fe31b,16.29,8.68,13.53,0.32
instance-9dad41f4-ec3b-496b-bae7-b26a1a0da012,9.0,8.68,8.73,0.03
instance-6459b175-f926-4ab1-b8d1-4e23cc7800aa,5.53,8.67,3.02,0.29
instance-3ea39bd7-93e1-45b5-900e-ad50bf840375,4.59,8.66,2.28,0.27
instance-52fb0904-914d-4a14-84ee-359e69e38874,7.64,8.66,3.58,0.47
instance-99e93f8f-b11c-49bc-a4c8-1b6ab426feb6,6.53,8.66,4.57,0.23
instance-c5b8bc78-03e7-4333-a14c-c811d26c09d8,3.66,8.66,2.91,0.09
instance-43fcb3c2-c295-4233-ba87-605d0f6ca7df,1.75,8.65,0.54,0.14
instance-29a52a43-2597-4b5e-8b3c-b028305b9793,22.75,8.64,10.89,1.37
instance-81a7337a-821a-452c-a6f4-517fa9859bc4,16.85,8.64,14.65,0.25
instance-c96022d9-577c-44c1-a142-50d65ea02d20,14.46,8.64,9.52,0.57
instance-15703a80-125e-40b3-ab79-6eb08aa21242,19.47,8.61,15.78,0.43
instance-23f7f19c-6f8f-450f-ad17-9798a472829e,33.03,8.61,6.28,3.11
instance-27debaae-fbaf-4985-8460-f949d75af9d9,3.78,8.61,2.52,0.15
instance-b48c4fe1-7499-4c80-8931-65339e595ab2,2.13,8.61,1.32,0.09
instance-b5709b53-6aa3-4615-9a70-aebf9c16fecf,9.31,8.61,4.88,0.51
instance-cfa0f7fc-6ea5-42d0-b2d0-42a44cd1c3ea,6.54,8.61,1.84,0.55
instance-f962a62d-a12d-4a91-9ccc-2a723bf0b26e,3.2,8.61,1.77,0.17
instance-447594cd-5b95-43b9-baa8-56cf6aa9622f,10.58,8.59,6.8,0.44
instance-829ca603-8cc5-463a-a6ec-3e17e47c5f56,12.89,8.59,8.82,0.47
instance-c474d980-87a8-4bed-ba65-1135713e760c,6.81,8.59,0.95,0.68
instance-a6ce10c1-9021-4b8c-97d6-0e883d1c681b,14.12,8.58,9.77,0.51
instance-ce13f6c0-0965-4f40-8338-33b66ffb23ce,19.84,8.57,5.19,1.71
instance-c61a7c3d-698f-4d9d-ac28-bf399192b176,1.81,8.54,1.36,0.05
instance-e59d389b-034b-435b-9288-c0658bfb7d97,7.87,8.54,3.87,0.47
instance-efa9984b-6cea-4bf5-a115-dd6e1597c6a4,13.02,8.54,8.73,0.5
instance-8cf352fa-8b86-473c-b406-81135ace24ae,5.12,8.53,3.15,0.23
instance-fc14dd41-09c5-425c-a534-8d821b07c80f,2.82,8.53,2.13,0.08
instance-d1550d47-167d-4aee-bff8-efc12cdf3509,3.09,8.51,1.89,0.14
instance-db7d61df-7ceb-4495-9c0c-dceae179f22b,4.46,8.51,2.65,0.21
instance-a4d76c90-4c81-4d88-8c03-9cc3c24d677e,8.91,8.5,4.91,0.47
instance-08633e38-3bb0-4415-a0d2-e73c1015a8bc,10.78,8.49,8.17,0.31
instance-1abad27e-3a4c-422a-9a2a-1c55c9bfd786,9.25,8.49,1.32,0.93
instance-827c0497-0990-49b0-9038-1663acbe0729,1.91,8.49,1.62,0.03
instance-10931878-e2b2-4b62-b2a6-db423613b569,14.02,8.48,12.24,0.21
instance-273ed80e-0ac3-4457-8533-9bc0cc9bad14,27.41,8.48,3.49,2.82
instance-a4ae33a8-bdd3-420c-85e0-48e22d66dc59,1.59,8.48,0.44,0.14
instance-21d28378-32e6-46a2-a4bd-25ef63cf905f,18.1,8.47,15.6,0.3
instance-642812e0-429f-48b5-a360-c2db141e9b0e,17.23,8.46,5.25,1.42
instance-29d47a62-c5bd-468b-a14f-b69ae4c2974e,17.43,8.45,15.42,0.24
instance-58a3ca63-30b5-4abc-b423-3254939968ab,17.99,8.45,15.96,0.24
instance-6ae78f31-5ca0-445b-88de-f4cf9d6f0f7b,6.14,8.45,4.61,0.18
instance-3800eb71-a4f6-440c-9b58-24c7c632d7ac,12.81,8.44,0.79,1.42
instance-42ab55cb-e404-42a6-87a4-14c6679a39b3,14.92,8.44,7.23,0.91
instance-b9d982ef-5a20-4c59-9d74-65ec081d64b1,9.47,8.44,1.33,0.96
instance-876f09b6-ff97-46f0-b571-be2b89cf8e64,1.73,8.43,1.29,0.05
instance-f5e200a0-918d-4b35-86c1-9fb5234b7efc,0.35,8.43,0.24,0.01
instance-d6242379-ec59-4017-a9b1-3e4800c74fa5,1.73,8.42,1.4,0.04
instance-da946244-8857-4105-a0bf-14ae49383f2e,10.75,8.42,7.91,0.34
instance-9a8e694b-00f8-42fc-92ae-c6bc55c2c2d9,16.93,8.41,8.21,1.04
instance-3b6f4242-cb62-4670-9d5a-7eb52660c152,7.94,8.4,2.93,0.6
instance-a1f16310-67d3-422b-b038-bbf94fbcbdf7,4.53,8.4,2.8,0.21
instance-17ca0642-8882-4168-a486-e6e7338ad79a,10.71,8.39,7.74,0.35
instance-7902921f-0c3f-4f32-9f62-88e75c570ac4,5.86,8.39,3.16,0.32
instance-98e3327f-882e-4e56-83a0-1f2bbf572b08,8.66,8.39,6.46,0.26
instance-dd5906c4-2c26-4211-828c-4bdbc0fb0d58,1.93,8.39,1.74,0.02
instance-6e1ecc05-f2b8-4264-b024-2d68a2af3a4f,3.77,8.38,2.94,0.1
instance-92bf133f-0b10-4c69-9900-36aaf843221c,11.31,8.37,2.5,1.05
instance-abc55c9f-d215-4421-94f2-d0ac8c4f394a,7.61,8.37,2.85,0.57
instance-cbf5cfb4-e56c-46b9-bc6e-c251aad68c7f,3.96,8.37,3.14,0.1
instance-9e03600b-bfca-4ccc-980d-0fa655bdd3d8,4.74,8.36,2.42,0.28
instance-a71f1fcd-17a9-48f2-9875-f6443358f957,6.68,8.36,4.84,0.22
instance-d92e01d3-3d55-45e8-af93-700448ec3da7,12.53,8.36,9.02,0.42
instance-daa57c29-f3fe-4e26-97a6-1357f83d4c23,10.31,8.36,9.04,0.15
instance-8d8af6d5-2677-418c-a89d-74be6f3b0991,11.34,8.35,9.01,0.28
instance-6e688198-8de5-4c21-b86a-85302002744e,1.53,8.32,1.43,0.01
instance-d36d8c6d-6e54-4b4e-98d4-762179f44c45,10.27,8.32,6.69,0.43
instance-41cc7d10-58a3-494b-a7b8-43bb5096ba64,9.46,8.31,6.72,0.33
instance-543a5b4d-f314-4883-b0eb-41cebccae563,1.84,8.31,1.32,0.06
instance-43d25d6f-f372-4fe4-a5a8-4d1cf3a1f8ce,6.7,8.3,3.11,0.43
instance-4c0fe034-6cd8-48f9-b3fe-f9c90a71f9ff,9.91,8.3,6.06,0.46
instance-f4b4d6cf-76c7-4f30-af6f-1c1886512fae,42.34,8.3,11.29,3.74
instance-ac2e37cc-ae53-455f-9e5b-e78a79ecf967,8.69,8.29,3.9,0.58
instance-36e7b8ff-9173-4577-8309-af600aaa8bfc,15.68,8.28,13.87,0.22
instance-50b63a9e-80a2-4ded-a2ab-398dd7bd7d19,11.67,8.28,9.28,0.29
instance-2deb116d-7f75-4702-8b85-9c1e14176157,4.6,8.26,2.44,0.26
instance-5225a1d3-a38d-4626-b98d-34446e5d9db8,9.78,8.26,7.45,0.28
instance-0e07a3b4-24e1-47c2-a3cf-46adf540588c,8.22,8.25,6.99,0.15
instance-ae4d991e-932d-449b-82f9-16b93e691607,32.85,8.25,9.55,2.82
instance-d03cf421-8fd0-4b85-9743-cfd97e8125b4,24.93,8.25,9.1,1.92
instance-42ab7091-7060-42c1-8b9d-0e3cc55c4b46,4.03,8.24,2.21,0.22
instance-7a5c9954-aef5-47d5-bbaa-23be63ddba9a,8.26,8.23,4.71,0.43
instance-9f6e8099-a5d5-4a23-869f-526d3380ad37,29.68,8.23,8.24,2.6
instance-52895371-d134-4357-a16b-d941633bedd3,4.88,8.22,2.67,0.27
instance-6f0fb8cf-2a0a-456c-ac95-f9ca1a73564c,21.49,8.22,17.38,0.5
instance-fc098f44-ad59-4fd4-ac26-383a77d42f06,19.05,8.22,2.29,2.04
instance-4756036b-e0c0-4574-b2cd-a5e8df177ae6,11.51,8.21,3.06,1.03
instance-8515ce4b-1a77-41e8-bfe9-71709197884f,15.61,8.21,11.26,0.53
instance-5a9e6c73-72a7-47c7-b00d-aa21c75ff95c,4.99,8.2,4.36,0.08
instance-8dcded8d-3951-4f30-8e70-95ecffce7aaf,5.71,8.2,3.38,0.28
instance-7fca3e09-9d1e-4ec6-86d5-591ccc1a710d,44.65,8.19,13.89,3.76
instance-b6b4f74d-ba8d-447e-b82d-b254c001e809,2.16,8.19,2.0,0.02
instance-cb7e1902-f9a5-4935-b081-0bb042aadab1,5.45,8.19,4.34,0.14
instance-610b4561-8c96-4a2d-99b1-57a2e517dafe,24.48,8.18,12.01,1.52
instance-d3944622-465d-46b8-995f-98cee458c0b0,10.0,8.17,8.83,0.14
instance-2c90a3ab-b15d-4090-893f-34e946f1f787,12.24,8.16,11.1,0.14
instance-6ab2c0db-8acf-4c70-b757-6dd813dcc511,9.95,8.16,8.37,0.19
instance-00f5b584-abd3-4086-bccc-f46b64d1878e,17.11,8.14,10.32,0.83
instance-44115fc0-2345-41e3-888e-dbd959eece72,10.28,8.13,8.46,0.22
instance-199d18b1-f823-4256-80f9-a4a202693b17,37.8,8.12,25.02,1.57
instance-0c09e16e-ea90-44d0-9b2b-4564a1e8cb8d,1.39,8.11,0.69,0.09
instance-2a6916fd-3bbf-4d67-b26f-783941886a26,12.91,8.11,6.36,0.81
instance-847d55e5-17bb-4904-b508-eab35c1d0234,11.34,8.11,6.49,0.6
instance-402d7905-fa76-45d4-8fa5-699095ee6271,2.34,8.1,1.69,0.08
instance-4a875654-1352-4b65-98c2-69e40524f569,17.07,8.1,11.77,0.65
instance-95d3475f-6e42-4f8c-a7c5-ae882deabbf0,25.55,8.09,3.24,2.76
instance-5718cc79-3e03-4878-8805-7672b7c425e3,10.86,8.08,6.55,0.53
instance-5f19ac09-0f29-441b-970e-d31945f70136,10.57,8.08,8.85,0.21
instance-d9337c49-11e3-4204-b06b-1ee35eb68c02,2.45,8.07,1.93,0.06
instance-a1ab283d-d881-43e0-a7d2-05a21ae3a071,1.36,8.05,1.16,0.02
instance-ea9ac04f-9bcc-4b13-8176-91aa3ba00eff,19.6,8.05,5.63,1.74
instance-0ed63b3f-8e74-4fe0-aafc-1c081c84aab5,8.82,8.04,4.67,0.52
instance-6f5e869a-42f8-450a-b37a-3df013ef23a2,3.41,8.04,2.27,0.14
instance-ef0dfc06-d07c-4f7a-82be-c333d31fe1dd,12.45,8.04,9.24,0.4
instance-f3fa2862-dfb6-4785-92a8-c0a11b58f138,5.57,8.03,4.44,0.14
instance-00fb3996-a8b3-49ae-a813-93857eca9c16,4.82,8.01,2.52,0.29
instance-01b2cb70-7704-4a36-be8c-dccc8fd50b8e,10.48,8.0,8.28,0.28
instance-a333e7ca-ea75-444c-9c6a-f978604faac2,6.35,8.0,3.97,0.3
instance-1259d47e-1548-41a2-8494-1f37241f093d,30.7,7.98,23.24,0.93
instance-b7f3aa1f-8867-426e-93f9-281d120f3fd8,86.45,7.98,10.6,9.51
instance-8ca6627f-5296-463e-81a5-8f23d45adedc,2.92,7.97,1.78,0.14
instance-f340628b-b399-4c21-9249-92a6103f1017,7.77,7.96,5.45,0.29
instance-6b0a409d-6b2b-4ad5-89e1-a77fd975d752,17.72,7.95,4.06,1.72
instance-9c759209-4d77-4063-809d-efb972319cbe,5.52,7.95,4.12,0.18
instance-fb96b196-4435-4e53-aadb-f05e8bbd8f32,3.85,7.95,3.0,0.11
instance-71036d35-830f-4736-9af4-970415f89ab5,5.32,7.94,2.29,0.38
instance-28bd5684-cc17-47b6-a9d4-f062c3959b5d,27.32,7.93,4.01,2.94
instance-54e2513b-96e8-4f05-bc4a-301f1aabbed7,9.85,7.93,8.36,0.19
instance-7b5eb39a-02e2-4ed2-af1e-406e103236db,11.02,7.93,4.09,0.87
instance-98fb11bb-78e8-4d90-903e-8961451ba50e,5.58,7.93,3.03,0.32
instance-b448cf74-cbcf-4667-a9b5-88df5873a873,1.75,7.93,1.43,0.04
instance-08496627-20cd-47ab-8f15-347dc8b18f01,20.18,7.92,4.79,1.94
instance-a8be72f1-9b17-499a-8e36-cd28cf1d291c,20.62,7.92,16.56,0.51
instance-d149dbe0-1f3e-4ab4-a6e0-446457f4c12f,7.09,7.91,4.44,0.34
instance-ee0cff36-4309-4fcc-8aa7-9d8bafcaf9a7,2.35,7.91,0.8,0.2
instance-e7b1230c-d8aa-4012-88a4-c698746288b3,17.28,7.9,15.65,0.21
instance-22b3fcdf-a4f9-42d1-9209-980aade840d1,5.33,7.89,2.84,0.32
instance-cefb47c1-e506-4ff4-96ea-a9dec44b829d,35.02,7.89,6.36,3.63
instance-f14d835c-176d-414e-8216-5d2e7e7dc02e,15.3,7.89,13.4,0.24
instance-aa6b9f72-0355-46e3-b9bd-f5fae99bd3f2,18.0,7.88,15.6,0.3
instance-d9015571-e575-4a44-ad3f-b6c62b8cdf34,6.51,7.88,1.11,0.69
instance-58674d3d-77d3-43e8-91ae-d72e0bc8e7d0,5.17,7.87,2.53,0.34
instance-9fc62c40-e8fd-44ec-896d-4e515486703e,23.6,7.87,6.77,2.14
instance-259ab818-06fa-46f1-9d57-e5deae8ba8c3,9.62,7.86,8.21,0.18
instance-73b5099b-df7a-41c7-af5c-7accdff3afe7,18.02,7.86,14.2,0.49
instance-e41ec64c-eb54-4539-b69f-92353a1c8412,19.43,7.86,16.21,0.41
instance-bdfd42ab-c551-4d91-a146-aa2d5989201b,22.54,7.84,4.74,2.27
instance-e97b156b-817b-414e-9636-e27125acef5d,5.79,7.84,2.51,0.42
instance-6948241b-5576-4ad0-8028-48d75525474f,22.25,7.83,5.76,2.11
instance-69a4acaf-6e88-40c0-a259-29415b20fbd9,22.72,7.83,17.35,0.69
instance-6ba024ba-d630-4832-98e6-13cc83f3df64,22.47,7.83,17.17,0.68
instance-be80568b-501d-4217-8e4c-b04bb328f96e,4.65,7.83,2.31,0.3
instance-3f5130e6-60a1-4402-bb21-685d8f8a163a,10.06,7.82,2.99,0.9
instance-bdbd66a5-5574-4283-bce6-f1afe20e25d0,18.16,7.82,11.72,0.82
instance-f9c80ab3-e200-41ea-aa2c-fca8e6efd9d2,5.46,7.82,4.0,0.19
instance-918806b1-c9ba-464a-8b1d-970010980469,16.29,7.81,9.53,0.87
instance-e6c3aa0f-50fd-430f-93e2-d074f091ed80,6.66,7.8,5.51,0.15
instance-84a1d951-9cf3-460c-8351-208ee46a454e,16.04,7.79,15.22,0.11
instance-9aabfc4e-3f67-47e8-8cf0-c0f359a741f8,3.81,7.79,3.29,0.07
instance-09ccccc5-d7b6-4cba-9c92-a5da0c3ec5dd,28.67,7.78,4.01,3.17
instance-99e14a64-375b-48a3-b18d-1b7bc28edbe1,10.77,7.78,6.29,0.58
instance-b11e692b-e015-4254-b8d8-0e2b46174947,22.74,7.78,5.0,2.28
instance-33862cd1-1d75-4003-b0ee-a5d78a0b1d59,9.28,7.77,1.43,1.01
instance-46d0e127-2f31-40b6-a4a2-b41acd4815df,2.84,7.77,2.29,0.07
instance-72feef36-0646-4964-98f2-17f0d04a639a,9.78,7.77,8.36,0.18
instance-7774546e-ed1f-4dd6-b387-f4faced31276,9.35,7.77,1.42,1.02
instance-8ab274a7-1922-4ed7-9846-6e67d3450847,12.07,7.77,5.51,0.84
instance-baa00588-919e-44fb-bbf0-3b1d86dbdde7,13.89,7.77,4.18,1.25
instance-e8ec93ef-c155-45dc-8e9b-26e9e89496c6,10.46,7.77,7.97,0.32
instance-3f139a95-4d9a-4314-8491-1f1de64321e5,10.95,7.76,8.22,0.35
instance-b46796c6-e601-4935-8e67-d79969e74991,8.77,7.76,4.37,0.57
instance-d77dcf6c-eab3-4e52-81d4-acbbf54d9077,6.79,7.76,2.18,0.59
instance-d92bc7b0-c101-4d9a-b2a0-4b6e0b6342e0,1.83,7.76,1.16,0.09
instance-e1c302b6-c00c-4d44-8d46-77bbf2346736,4.53,7.76,2.69,0.24
instance-852a6f47-5bcd-476b-9d4b-06382205cf3e,1.86,7.75,1.61,0.03
instance-de5bc1c6-d995-4f33-ae33-ca5545f550f6,15.49,7.75,13.14,0.3
instance-a196d8b9-542a-4f37-8819-c62ae7ba58a0,16.89,7.73,15.0,0.24
instance-d5d7022d-4ba9-4406-8c08-fd5b4ac93ba9,2.9,7.73,2.39,0.07
instance-f3a7260d-1386-4380-9f91-5d5db5e1bc5f,0.72,7.73,0.49,0.03
instance-03d6eb5c-aef6-46cb-9945-a95497677727,11.11,7.72,9.15,0.25
instance-aa7cfc57-bb80-46bd-b6fb-ed9136f21600,19.01,7.71,14.52,0.58
instance-68ff450f-a90d-4bca-928e-ec634995dc50,3.18,7.7,2.27,0.12
instance-c5c7bd54-2451-4901-af81-fce57249bed2,15.49,7.7,2.83,1.65
instance-ce071753-3ea8-4749-b324-b11621fbb285,18.29,7.69,7.5,1.4
instance-20bef64d-e9de-4399-80d1-da0219920405,1.35,7.68,1.06,0.04
instance-7a8af554-f81f-4a41-bfe4-8f8092fe3ecb,9.39,7.68,8.14,0.16
instance-30e9f97a-cca2-46ec-8fc1-bd5d008d69cb,10.77,7.67,8.05,0.35
instance-9894df9e-4ae5-47be-8ae9-72f653df9f80,2.77,7.67,2.35,0.05
instance-e9da21e7-2d2d-40cc-995d-a10d215d2c66,3.62,7.67,3.22,0.05
instance-0fe8cb38-7ab1-4ca3-9071-0d103c1210d5,6.58,7.66,3.95,0.34
instance-44b77f2d-8b5a-44d7-a2d3-fdfd6cba8539,25.4,7.66,3.99,2.8
instance-78d96245-07da-43b8-ab63-6e3eaa24517e,5.47,7.66,4.11,0.18
instance-1bdbb5ff-6ff3-4606-ba1d-ad453bb9e0da,4.5,7.65,3.62,0.12
instance-c73d2c47-0824-4d71-a62d-2f67d59f2cfe,10.37,7.65,5.3,0.66
instance-c30726e0-f997-43e1-b2cb-6f2dc4bd557b,17.22,7.64,15.76,0.19
instance-a4fbf191-335e-4e5b-a2e5-9ad65bc984b1,3.88,7.62,2.67,0.16
instance-c8b70cc9-2357-41f0-8ba4-dfcde2ed1d35,16.88,7.62,3.0,1.82
instance-b547a965-85d0-48f0-99d6-56c23963de92,38.04,7.61,6.49,4.14
instance-cbab7024-3f11-450b-9097-c1ac5823825b,8.88,7.61,7.34,0.2
instance-143d0276-9318-4403-9bab-df117f7bf19d,12.01,7.6,6.69,0.7
instance-4fcf6050-c945-4b97-a7e8-a00d0f24ba22,3.34,7.6,2.44,0.12
instance-739cebbc-f1fd-4a31-94ea-c5502eee23fa,8.83,7.6,7.66,0.15
instance-e70d4c17-36da-4c68-815a-31f8f3e15108,1.49,7.6,0.69,0.11
instance-f2f4d0d3-f2d7-4f57-a23e-5b643b1abc78,1.32,7.6,0.96,0.05
instance-3e80264a-97da-44fb-b315-4af61f3d3c58,9.73,7.59,5.59,0.55
instance-50ed74b6-5e7b-4a3d-b46f-73ba0a2ab3a2,3.96,7.59,2.44,0.2
instance-00a1bc7e-122f-41f1-82df-842a5696c1ba,38.98,7.58,18.26,2.73
instance-ad0041fc-f838-4c3b-8b07-989e6371dc0c,7.95,7.58,2.8,0.68
instance-04dde065-7b8d-4ece-8982-e691d6724f77,14.42,7.57,10.41,0.53
instance-912d3edb-029e-45c5-aa9b-49d61522208a,5.73,7.57,2.91,0.37
instance-32ff70c0-0e8a-4d62-8ab8-b447f665ea7b,8.39,7.56,1.98,0.85
instance-e3da1c80-30f2-4862-a103-49fb16dd2ff8,22.67,7.56,4.02,2.47
instance-a2e3b978-64db-4472-8089-3552ac83b7ff,17.9,7.55,16.43,0.19
instance-c37351e6-fc07-4f21-8a07-e37c1b6dd3b5,39.08,7.55,20.3,2.49
instance-d07869ce-40d8-458a-aadb-d96226c52bf1,8.43,7.53,6.19,0.3
instance-b8aa7fd0-53d4-4480-b9f1-e1cf7f5f13d5,4.19,7.52,2.5,0.23
instance-c942a263-de96-4f4b-b3bf-304ef6619e97,11.04,7.52,9.14,0.25
instance-10a30f02-76af-481b-a2a4-98c59f5a8f91,22.55,7.51,5.05,2.33
instance-2ce421a9-f7e5-481f-8451-5d0923a4ee59,24.44,7.51,18.0,0.86
instance-5d400a46-cede-46dd-a0f1-337a6f839482,4.41,7.51,3.8,0.08
instance-8036a5f9-d34f-4dca-9c70-1dadc57e6548,3.28,7.51,2.12,0.15
instance-92fb4050-fca5-477d-aa59-afeaa7e4f358,8.0,7.51,1.47,0.87
instance-dba262f6-62b0-4257-a95b-e4885a29e208,40.52,7.51,10.09,4.05
instance-86079c38-ee27-436d-a699-54d3899b0bb9,12.04,7.49,9.15,0.39
instance-acee387a-f442-464d-9067-2e6252527a7a,6.6,7.49,4.22,0.32
instance-fbdf229f-22c4-4584-823a-20789a273a50,5.19,7.49,2.51,0.36
instance-c319fe3c-e5ca-420b-9876-56d7b39777be,31.0,7.48,25.8,0.7
instance-ce67a218-17ff-43c8-a2f7-20f6f3318e8d,1.39,7.45,0.88,0.07
instance-06c1808e-b91c-45e3-8014-9b3434c95f10,22.85,7.44,16.79,0.81
instance-380aa2e2-ff85-493f-8a4f-e7330eaf1dee,4.99,7.44,2.33,0.36
instance-37c2d404-3fed-407b-8544-c15702d0f2cf,4.64,7.43,3.64,0.13
instance-182f2f09-b2d8-4f90-ab15-43f85cb5d6b0,7.21,7.42,4.49,0.37
instance-b4f3d1cc-5382-4d84-ab87-daca51389b3a,1.77,7.42,1.58,0.02
instance-d1947ef3-3514-4d7d-9d74-8c6c5e4d3a89,18.45,7.42,2.75,2.12
instance-1a7f27c5-2b33-4878-b82a-c53ec4fb242a,8.65,7.4,1.39,0.98
instance-98427938-186a-42b5-b11d-c9bf77ab18f8,18.45,7.4,16.31,0.29
instance-7fed6a32-0c15-4a43-89a8-a2f285e1967a,12.65,7.39,10.81,0.25
instance-fe9b6aa6-1689-4f5f-9db5-c3e9a30fd650,1.36,7.39,0.94,0.06
instance-32a2f8f1-d426-46ae-ac8a-334b984eb61a,11.33,7.38,4.14,0.97
instance-be584e6b-4c28-4842-953a-9519c5898a81,7.55,7.37,2.65,0.66
instance-e76d094d-043d-4d1a-b4c2-4c758b16bd45,2.57,7.37,0.87,0.23
instance-484dffb7-5e51-407c-b6ea-c971b931523a,8.51,7.35,7.02,0.2
instance-5a81ba52-e5be-4f99-955e-00f58cd0277b,0.53,7.35,0.36,0.02
instance-6fdaeedf-8690-4260-ba40-2011e336e0d5,28.17,7.35,13.24,2.03
instance-335477b6-c492-420f-9f16-055e703a5d2a,13.07,7.34,6.91,0.84
instance-b30525a0-489d-46af-8e8e-3851e9a4f140,3.6,7.34,3.18,0.06
instance-06d0629a-6a92-4f7a-ad60-82a167150aff,11.13,7.33,6.39,0.65
instance-2aa67930-2cc1-4a04-9050-e61a92ddf510,18.88,7.33,7.95,1.49
instance-6d1e5b1d-f62f-40f0-86b3-d0e843581ffa,9.52,7.33,5.02,0.61
instance-8ac791ee-0e94-4cbd-8cb7-be946b7a6ce7,22.03,7.33,14.75,0.99
instance-bbe4b748-069d-4373-a58e-f443ffe5297d,5.34,7.33,3.91,0.19
instance-010454cf-6a1f-457c-82d5-3fc82dda0833,34.37,7.32,6.95,3.75
instance-67ff8493-1033-458a-a89e-c43ab29eaa77,21.8,7.31,4.87,2.32
instance-f48fe8b1-c875-4f90-922a-57e960f19c59,15.52,7.31,13.08,0.33
instance-695d3809-e361-49de-856b-ec818edc5a9b,7.3,7.3,6.15,0.16
instance-85e8b273-387a-4cb2-b751-3d0a523f03d3,11.28,7.29,9.02,0.31
instance-e3e8c4cd-5cc7-42fd-a42d-7a7b80a20659,7.11,7.28,4.21,0.4
instance-09a56e35-d765-439d-93b2-01d7aeb8936a,0.43,7.27,0.29,0.02
instance-14e60a9d-e79a-4d13-bb72-418aa84b7c03,51.23,7.26,12.32,5.36
instance-81771c00-90a0-4251-b255-7d4303f353d1,6.76,7.26,3.39,0.46
instance-9075f6cc-2161-4a47-a5b4-01a91e5b7c74,13.26,7.26,8.12,0.71
instance-99e869e9-cfd3-4428-88a8-4f1572988edc,5.61,7.26,2.96,0.37
instance-b0c56185-34a8-45da-983b-716ce4968195,2.52,7.26,2.26,0.04
instance-ccd49362-6eb4-495a-84b9-a035aa7994a2,3.15,7.26,1.05,0.29
instance-28e345ed-22c5-415e-8eb7-7edc20bc6166,11.72,7.25,5.96,0.79
instance-28fcc208-5504-4d61-abaa-ed6d30f4251d,2.46,7.25,1.88,0.08
instance-4b7a2bf2-e0d2-4d49-b19d-c8bb1c6b06dd,9.82,7.25,4.47,0.74
instance-7c479df3-4ec0-4faa-9bb5-568390314042,1.1,7.25,0.72,0.05
instance-eb493f6e-ebb8-4e30-987e-fea4bd0cc0a2,22.25,7.25,5.01,2.38
instance-fb702c14-bf33-4ac5-8b57-1491efadb58a,19.59,7.25,15.07,0.62
instance-08132f0e-e334-4c88-b14c-ba93a8c5a2f2,3.43,7.24,2.73,0.1
instance-5132376f-4163-43b3-a615-3c4c5060e0b2,0.77,7.24,0.56,0.03
instance-b35a2452-6ce7-4c8c-b969-bfab15882437,17.29,7.24,3.06,1.97
instance-3f6f5d5f-567f-40b9-84c0-5f4a7bc6ffd2,7.11,7.23,4.34,0.38
instance-a59af638-bac4-46bc-a703-938f689d859d,11.32,7.23,7.06,0.59
instance-28688f17-f46b-4d56-b06a-b326d70d6490,12.63,7.21,8.5,0.57
instance-32f53794-fa58-4316-96e7-62053379e8b3,9.71,7.21,8.24,0.2
instance-8b5d8188-c96a-41cb-a915-de3599fbb735,6.49,7.21,5.21,0.18
instance-e1da93f4-6a36-4ef2-a9d9-a790a56503e3,3.58,7.21,2.98,0.08
instance-185d6e7c-0f41-4197-92dc-031a22e8b619,0.75,7.2,0.5,0.03
instance-d6291d4e-3782-47d1-82a6-d30b5e186210,9.25,7.2,8.31,0.13
instance-52abffc5-3cb6-4c52-80c9-beeb257cbfee,23.99,7.19,9.12,2.07
instance-6062bb6d-5d6b-42eb-bbd3-758323860143,2.88,7.18,1.57,0.18
instance-a7c60a58-5589-45c5-bde5-f3a50daadfe7,5.27,7.18,3.97,0.18
instance-c44116e5-96f6-42a6-9e16-eda012109a70,17.48,7.18,15.54,0.27
instance-e3b08176-e0f1-49dd-8d35-6a807bacce2e,13.11,7.18,9.52,0.5
instance-4ab180c9-5c30-4c63-b338-23e77db826b3,2.81,7.17,1.85,0.13
instance-9c03cd9a-3446-46c9-ab94-e038e1caecd1,27.49,7.17,6.74,2.89
instance-eab00bad-93fc-4362-8140-b8e5e429b885,14.64,7.17,4.23,1.45
instance-fe2cc954-5468-4230-83bf-8e7f0546a955,6.08,7.16,2.13,0.55
instance-411e4dbc-bc2d-4d0d-be85-f1fd5750333c,4.32,7.15,2.51,0.25
instance-5b550bc8-959a-4b2e-9521-67a3c16d3cd9,0.84,7.15,0.63,0.03
instance-b8ba3f36-ee6c-48fe-9d46-d2724e7d92bf,9.88,7.15,7.24,0.37
instance-322e434c-943b-4dd0-b843-6f13ade3cec7,18.64,7.14,9.08,1.34
instance-72338876-b4db-45ba-9cef-462fe3fad9da,10.53,7.14,5.56,0.7
instance-bbefffbe-483c-4c81-9906-5ce84557aae1,11.33,7.14,8.02,0.46
instance-86f0beec-6adc-4a6e-b96c-1aa9d4045112,5.16,7.13,1.73,0.48
instance-04f983e3-5723-43f0-a074-0b610a562bdc,4.96,7.12,2.92,0.29
instance-72feeaf1-893b-4a95-b3ff-3617dba775e8,13.91,7.12,7.71,0.87
instance-c5afa0f5-32cd-4fe3-a3b4-e3352f9a4791,5.65,7.12,4.52,0.16
instance-9aaab0a2-cdeb-466d-a9db-dc02cec7a235,18.44,7.11,15.44,0.42
instance-a2f96061-7d07-4dae-8f9c-7927f95758a9,17.55,7.11,15.59,0.28
instance-e8eba339-0637-473f-ab07-77fffffb07c8,11.89,7.11,8.23,0.51
instance-02654ca1-e13c-47e0-9ccf-6e3d381ac924,2.24,7.1,2.0,0.03
instance-31a3f306-c0ec-4c9d-8123-b08ae2bd8f57,4.91,7.1,2.76,0.3
instance-61717160-317c-420b-ae14-3132a0c5c296,4.61,7.1,4.11,0.07
instance-8742a869-881e-4313-b439-7da4c135a5b5,31.37,7.1,14.99,2.31
instance-c37c7b80-8dfa-4379-9937-092bfed2798c,5.46,7.1,4.05,0.2
instance-3698c36c-eb08-4be2-949f-b99582aa2495,4.92,7.09,2.79,0.3
instance-5fe5100b-69d6-4370-9b8a-fd6c45c6a0c6,6.24,7.09,5.0,0.17
instance-70daabc2-9215-4dcd-b67a-5c2034ba4d22,7.28,7.09,3.48,0.54
instance-d07604d7-2c36-46ee-823a-a6b0bdeebda7,4.54,7.09,3.7,0.12
instance-e25276ae-cb44-4d9f-8eb5-38a4a951c1ac,2.85,7.09,2.53,0.05
instance-2a01db09-dff1-4f44-921f-9363b4ba5a26,17.72,7.08,15.54,0.31
instance-340340f6-3546-4522-8be3-946d652ffcde,18.74,7.08,17.65,0.15
instance-30528d76-a8ea-4092-8a17-bb78638d1b45,18.11,7.07,16.11,0.28
instance-630edbff-e67d-4a7c-8136-2961a0020165,14.19,7.07,9.53,0.66
instance-8a80039c-a713-48ce-bb87-87d0ca39dd44,5.42,7.07,4.53,0.13
instance-95be5215-9f12-4c5c-b8eb-de7258629e75,22.46,7.06,4.84,2.5
instance-f440fd5f-812c-4a76-bed5-fadf78c6868c,28.44,7.06,2.95,3.61
instance-03a0f04e-277e-4844-af7c-442f0b08b9a8,10.58,7.05,8.77,0.26
instance-0a8704a9-adc5-4dd5-b523-cfc47be3db30,10.49,7.05,4.56,0.84
instance-2cc67b2f-debe-406e-b87c-a8845e8d44a3,9.4,7.05,8.26,0.16
instance-45aeb548-4728-489d-a322-41d9fc2319cf,9.4,7.05,7.47,0.27
instance-863f16cd-520c-498a-b33d-cdca921a68af,12.25,7.05,9.46,0.4
instance-d9bc8d08-6598-433b-a139-15be8e8968ae,3.96,7.05,3.27,0.1
instance-18fefc26-4386-4b3b-b392-93e8d46eda8e,19.25,7.03,5.22,2.0
instance-3ffec72d-ea04-4791-a9eb-82f44b85713e,16.29,7.03,13.78,0.36
instance-46257f3a-024e-4daf-99ca-a6a7ed7e2c5d,8.36,7.03,3.49,0.69
instance-5c3690af-e385-402d-b630-70ac42b96acd,9.33,7.03,8.26,0.15
instance-3f55f8f7-8e95-46f7-83dc-2417249da557,14.0,7.02,9.29,0.67
instance-851b804f-09ce-4bf3-b67e-b09b122ee818,9.77,7.02,8.36,0.2
instance-d262a2b4-23a5-4741-865b-1beb074a7949,2.29,7.02,1.63,0.09
instance-3c5e322e-bd48-4cbe-8e19-5b716a047a91,15.92,7.01,10.04,0.84
instance-738fdc73-7393-40de-ba2d-9077e38f47e5,9.22,7.01,7.58,0.23
instance-dbe74fc6-ef4f-4331-a964-0363ca389564,5.22,7.01,0.8,0.63
instance-efcf4198-a08e-4877-8bee-95149439df1a,17.44,7.01,15.92,0.22
instance-2985e00f-9689-442f-b92c-b87c1ab6b333,6.09,7.0,5.18,0.13
instance-6d37be0e-1bfa-4ec4-81dc-bfefc742587b,9.46,6.99,7.58,0.27
instance-fbd255f6-e238-403e-a30c-b5fbb39a093c,3.88,6.99,3.06,0.12
instance-2b26af37-3584-42da-9b7d-3b0dc9ca6203,12.88,6.98,5.06,1.12
instance-c482909a-c526-477c-b8b9-beaa4d098f67,44.83,6.96,25.08,2.84
instance-e9e0ca6e-ab2f-4479-9395-dd8fb72cbb90,6.11,6.96,2.25,0.55
instance-0b800d73-48c0-4ec9-b2f3-2ea290f1fb6c,2.22,6.95,1.37,0.12
instance-23467f7d-dd0b-44e3-b584-31dfe763cd4a,19.6,6.94,17.72,0.27
instance-58ae5c28-1fc9-4036-90c6-1b335dcbd6c5,3.62,6.94,3.21,0.06
instance-ceba89f0-5f3d-40a1-9dd4-65f433d9cce2,18.18,6.94,15.85,0.34
instance-5e8cb9f6-60cf-4b65-9a3a-8cf0673c0628,28.62,6.93,10.75,2.58
instance-eb26cded-ba43-4efe-9b87-3a5fc35a6b71,6.97,6.93,4.71,0.33
instance-3d350566-8cfd-4279-a841-05b64af2820d,7.34,6.92,5.75,0.23
instance-8975142a-3575-44ad-8459-84162aed00d8,9.86,6.92,7.68,0.32
instance-c9a10609-6ab1-4228-b90f-e567a2b75b14,6.62,6.92,2.89,0.54
instance-ec4325df-484c-4318-8a8d-3a4bff652da2,3.66,6.92,3.24,0.06
instance-1ee76f72-ec82-4d0b-8ad3-26471ec92402,6.27,6.91,4.5,0.26
instance-48db57b1-2772-449c-b5fc-8105cdf29933,10.78,6.91,6.09,0.68
instance-851e173c-3e90-4eae-815c-da1ae723a3d9,12.35,6.91,8.71,0.53
instance-91b5a444-4564-4114-943c-0fd048f42992,7.23,6.91,5.55,0.24
instance-2faa163f-c36c-42db-8701-025e4a7d2444,19.48,6.9,7.82,1.69
instance-33c27bad-3565-4662-994c-f8600f4978d1,10.71,6.9,8.65,0.3
instance-3521d096-4eec-44c9-9caf-af38c79a5ee6,6.5,6.9,4.11,0.35
instance-5046dfe0-44f8-4782-b200-5527db773b54,13.75,6.9,12.42,0.19
instance-a4815afc-f2fc-4e2a-9c8f-a5e217dfe57e,9.24,6.9,8.27,0.14
instance-af69ff15-3564-4211-a597-a315f88c4f12,21.69,6.9,17.6,0.59
instance-d7895907-d66e-42f5-98ed-e89b28774d36,11.2,6.9,10.38,0.12
instance-f8f71fb9-9cba-410f-8492-37bfe11e8ebf,6.71,6.9,3.02,0.54
instance-14d6ac02-f75b-4aae-8f0c-84f8e3d283f7,13.28,6.89,6.7,0.95
instance-6bcebe81-73d2-4a79-ba03-9e7ad127dc81,9.94,6.89,1.36,1.24
instance-6e95ab17-e747-4cc4-bf39-3f4d5854802f,5.52,6.89,3.13,0.35
instance-9c0cacdf-5086-46db-a11f-323a4ef41bef,18.34,6.89,5.72,1.83
instance-ad00cc88-b730-4cad-aad1-0bc0dcc376c9,5.8,6.89,2.02,0.55
instance-1177446e-d04d-4974-b4b6-b966bc2dd1e8,6.27,6.88,5.02,0.18
instance-1c61c903-24ec-4284-ab01-8c06fd9d7167,9.24,6.86,3.48,0.84
instance-dc23ecd6-7a52-4334-8ed0-0e512d497208,16.86,6.86,14.13,0.4
instance-0193d41e-9dc2-44de-8403-ad85dde9d52c,0.63,6.85,0.49,0.02
instance-9aa657cd-cb73-4851-b52d-41d7c24841aa,8.55,6.85,1.26,1.06
instance-2bd6a5a1-556d-4603-94cc-2a2c51c909be,8.15,6.84,2.89,0.77
instance-3f1ae4cb-0555-498b-983a-46080acbfb39,4.94,6.84,3.43,0.22
instance-5b17834a-87bb-4942-bd2f-f6ae8e88c3c4,3.87,6.84,3.13,0.11
instance-ce8b76e8-9387-4325-b912-fbf7965ddc03,7.52,6.84,5.9,0.24
instance-ad7cdb3f-3ad2-4dad-8905-efb9a19c4105,4.7,6.83,4.26,0.06
instance-028b866a-5e76-43fe-9a35-c40ca94b30ef,17.42,6.82,15.47,0.29
instance-29c8d391-efa9-4cb2-a43c-d842040d8e80,33.55,6.81,17.57,2.35
instance-7c88dfec-4089-4120-94e9-b96664b7f3b5,0.21,6.81,0.13,0.01
instance-81241c93-ff73-4db3-8749-6efade368b3a,27.62,6.81,25.03,0.38
instance-981915c1-326b-4b37-a4b2-220d608eb2b7,20.28,6.81,5.89,2.11
instance-bee841e5-68e3-4f94-9902-6270df31e023,2.84,6.81,1.55,0.19
instance-1c5465a0-4551-4a55-af57-0d65edd95204,5.89,6.8,5.01,0.13
instance-40a32f41-79fb-4fa6-9999-505bb777b5ae,17.56,6.8,15.19,0.35
instance-6c1c6e4f-d0da-4d64-88d3-99a32be55829,11.1,6.8,7.79,0.49
instance-a39f5c6c-b1db-490a-a6b6-ae5376b1159f,7.57,6.79,4.55,0.44
instance-c71363a4-3db6-4cb1-a7b1-7cf9cd891135,13.66,6.79,8.38,0.78
instance-e5e68d7b-7b5d-4aea-ba40-fde4d154b372,0.35,6.79,0.26,0.01
instance-5b0f309e-13ea-4958-bc40-53ee26cc6c54,9.69,6.78,5.25,0.66
instance-93927c86-f251-4c5b-9017-2d1fc1705000,12.34,6.77,7.21,0.76
instance-943c5aba-de9a-4440-8a57-2a55552d32e5,18.26,6.77,15.81,0.36
instance-06886207-ce9a-4a36-af25-48a7dbd4a906,14.92,6.76,13.01,0.28
instance-621d98b5-3f9c-468a-8a00-554fdfe813cd,3.87,6.76,3.47,0.06
instance-801fcad0-bc62-4bef-88bf-e50fd0399e67,26.35,6.76,8.34,2.66
instance-bf4e020b-ba6f-4153-b0b1-1f8638c67ecb,15.9,6.76,10.77,0.76
instance-4a170fe8-8b9f-44ca-b973-63c545a9918d,37.43,6.75,9.61,4.12
instance-4c2be2bd-bc44-4832-92e5-54ba902e9faa,4.9,6.75,0.77,0.61
instance-a28b12e9-1167-4e55-8dd3-14370f977757,17.94,6.75,16.03,0.28
instance-e40bce13-dc2f-436c-9769-847cfda834ba,17.49,6.75,15.79,0.25
instance-f1c474b8-f05a-42f8-8dcd-2d0ffea59166,1.6,6.75,1.31,0.04
instance-0878e7bb-dc99-458b-95ed-6c0018212013,2.76,6.74,2.26,0.07
instance-2cfed38c-8476-4b66-b5c0-e1fe15c7dfef,22.38,6.74,17.06,0.79
instance-929a4973-64bc-419a-af64-dbd5d70b5148,96.69,6.74,93.04,0.54
instance-b5bc661f-9d66-4967-8e97-2043464f8291,4.1,6.74,2.25,0.28
instance-012b5deb-6883-4f5a-9a59-ef9828494bc7,7.73,6.73,3.37,0.65
instance-b371e7db-bfb6-445f-b4f3-ec4a21af54c1,1.94,6.72,1.62,0.05
instance-8704c767-aba0-4d63-be2d-d75340f28ede,4.57,6.71,3.52,0.16
instance-dde69fcc-2dce-4abb-8187-2f22f9fa8e10,4.92,6.71,2.83,0.31
instance-02f8e081-e83a-4e04-8831-77355861d295,6.98,6.7,1.74,0.78
instance-0620acb9-92a4-4d17-ba97-dee0b099cf0d,7.31,6.7,5.27,0.3
instance-a2f2f684-59e5-4fa2-abb1-0fe1e66f7c01,5.42,6.7,4.68,0.11
instance-7eb0bdea-bf99-452c-b2e4-ab290830ee16,12.02,6.69,6.92,0.76
instance-c69d3494-3c82-4495-ba10-c31358cdb83c,2.6,6.69,2.02,0.09
instance-d022122b-712e-47ab-980e-faeef4cf7925,11.62,6.68,9.28,0.35
instance-d59edbf4-20a1-4ce1-abb3-932b42db03c7,4.27,6.68,1.5,0.42
instance-2f757b12-102a-4320-ace7-8629649a75a6,17.84,6.67,16.24,0.24
instance-6332581b-2c0f-4713-8e59-8e40bc9bbf31,3.76,6.67,2.33,0.21
instance-f7e16d09-58be-4565-aa87-cda51f565136,21.12,6.67,17.68,0.51
instance-111ce437-3cd5-4cc3-8578-6b182f489ee6,5.47,6.66,0.88,0.69
instance-2b193726-c79c-4749-8a3f-2a1fbe216357,8.7,6.66,4.41,0.64
instance-91306a32-b09d-4235-9954-1700610a418f,4.3,6.66,2.92,0.21
instance-bfd183b3-33d5-4a29-a3ac-173a4cb685ab,13.75,6.66,6.08,1.15
instance-d643814d-26e2-4a57-8ca8-afd881122049,54.38,6.66,22.21,4.83
instance-8d98aef7-19a1-4322-89c2-a0ac70ab7c53,3.1,6.65,2.07,0.16
instance-96d8a575-6910-45d0-9a47-6dbc069309c4,27.78,6.65,6.5,3.2
instance-d891a794-d726-40d1-a868-7f90bc07a4ef,5.73,6.65,4.29,0.22
instance-429492b7-dea3-4163-8d30-0b5b904f3f53,3.67,6.64,2.75,0.14
instance-b01f0ec9-aa56-4e7c-92f1-5e2fbc8f1b3a,14.38,6.64,6.19,1.23
instance-8902a959-b261-4ad0-9501-7adbf910a188,13.04,6.63,6.26,1.02
instance-905f4621-ec58-4207-9d9d-8c9484314e2e,8.74,6.63,7.27,0.22
instance-ddc2b521-23d6-4ea5-b065-d0f5a3af3d94,5.28,6.63,3.03,0.34
instance-1d60e748-6b64-4814-8418-df4f41c3804c,6.27,6.62,3.81,0.37
instance-39ccf1e7-e27e-4f1a-b7a2-9ee344d39c5c,8.92,6.62,1.42,1.13
instance-3f27c969-6e07-4829-937b-daa74d552e90,4.67,6.62,2.46,0.33
instance-55d867ec-33d1-4f5e-8ee1-201c9229662f,5.01,6.62,2.6,0.36
instance-d5043641-9a1f-43b6-b6ac-9c2a8e9af2d4,4.86,6.62,3.99,0.13
instance-1407e7d5-68cc-428c-87b8-5a308fc5acf1,13.09,6.61,3.78,1.41
instance-8caacef6-9d5c-4c63-945b-d60e0dd44adf,2.47,6.61,2.0,0.07
instance-f71793df-9a49-4790-afc8-b35359ad96c4,2.96,6.61,2.56,0.06
instance-fd5b6aae-ac13-4dd5-b249-2581112a29b8,2.47,6.61,1.88,0.09
instance-3f34a02e-8029-4ecc-830c-2f85c9359bbe,4.51,6.59,2.49,0.31
instance-8e291268-5ad3-4a71-b6d1-f6eb1df3aad3,7.42,6.58,5.55,0.28
instance-c2fe72ef-148c-448a-9e91-829501e1b743,3.96,6.58,2.84,0.17
instance-dec6d799-665f-4809-b120-6897de71f057,4.43,6.58,2.55,0.29
instance-5b46152a-ed38-46f0-be1c-ff45ddd9a784,1.2,6.57,0.86,0.05
instance-8c81e3d7-ae10-499a-9c0c-77b40c54b622,9.92,6.57,8.5,0.22
instance-c21bc70a-c7f2-4043-9bb3-367fbe3e9d07,14.71,6.57,3.98,1.63
instance-26644732-46b5-40f6-a40a-a92f40188d56,5.69,6.56,2.99,0.41
instance-65b8723a-5c9e-4ddb-9766-37dd84f256f0,12.07,6.56,8.51,0.54
instance-41179646-0f7a-49a3-87b6-4f6854be99b3,3.67,6.55,3.09,0.09
instance-7499de01-b72b-4973-9ddf-441b50f5adbb,0.3,6.55,0.25,0.01
instance-b08a5e94-41ef-42e2-9807-cf7f1f97ab35,3.91,6.55,3.41,0.08
instance-02dd30a6-f98e-4777-8eb6-e9ab1656d525,11.14,6.54,5.85,0.81
instance-368e4c0c-0daf-4fc8-8da0-19f67f168cf5,3.57,6.54,2.32,0.19
instance-44290b65-daa9-4ba9-bc63-d6180733b3df,3.36,6.54,2.28,0.17
instance-75078014-2016-4e87-a4c1-f9af438d811f,18.47,6.54,7.52,1.67
instance-770cc162-1f21-4a43-9fd6-9e07de47f26f,4.58,6.54,3.54,0.16
instance-c01130e1-47c8-485b-8780-74b41f63ef8f,5.49,6.54,3.1,0.37
instance-c371b136-01da-46e5-ab14-afb834afaa39,4.66,6.54,2.92,0.27
instance-db92e54b-2284-4e61-a0e9-b86bebe565e1,15.45,6.54,13.8,0.25
instance-202928c3-92fe-438c-af09-4614204a4ac8,9.71,6.53,8.0,0.26
instance-5cd94e7d-a311-48f4-9c97-428ba63553b3,18.62,6.53,7.45,1.71
instance-63107e64-23d8-434c-abed-db67f72762e3,4.33,6.53,2.58,0.27
instance-de7871b2-484e-44a6-b3a9-3c4ee26f13b9,9.66,6.53,8.32,0.21
instance-96420e76-e742-4bb7-b8ca-8fab62c4f53b,16.71,6.52,10.46,0.96
instance-eb7c8e33-c717-4e3f-a1f3-7b465a38f983,5.8,6.52,5.32,0.07
instance-5b89849a-b308-4f5c-8233-b2a38edc2b98,10.52,6.51,8.57,0.3
instance-a14293a3-3077-4833-9fce-e44bdafe4777,17.94,6.51,7.23,1.64
instance-2ad1dce5-6bde-4297-b3a7-6c73bc9d09b8,7.99,6.5,3.16,0.74
instance-9b497f53-e48d-4a18-9510-18563d1f1580,18.42,6.5,17.05,0.21
instance-001498eb-d8df-4a8d-95ae-b49ba012f989,10.0,6.49,3.89,0.94
instance-0eb0efef-6ec6-4607-b087-9e35c70dc2ab,7.92,6.49,4.0,0.6
instance-485bd1e4-e36d-43a9-8315-7efac4d66e9d,5.31,6.49,2.68,0.41
instance-6a26c12c-bc4e-4971-9425-58ce027e7ca4,2.74,6.49,1.75,0.15
instance-8bf3a275-a794-4d2a-875c-94fed9776069,17.4,6.49,15.68,0.27
instance-c4779e5f-0d8b-4e0a-901a-ec3f832779cf,20.16,6.49,2.62,2.7
instance-d71bf549-e35c-49de-ab95-39d746c964fa,3.64,6.49,2.12,0.23
instance-e99cfe21-98f6-44c3-b7f4-e0f613174d58,7.34,6.49,3.11,0.65
instance-f683d293-49f4-4cef-a9fa-94e797f90077,6.48,6.49,2.09,0.68
instance-2a91e246-4ad1-4d5f-8066-da3a6081ba95,11.09,6.48,8.46,0.41
instance-85b09566-5818-48cf-a1dd-ba6a4a7419f6,2.95,6.48,2.46,0.08
instance-c8905b5e-9fe9-4e2a-b00f-7addaebed4a5,0.91,6.48,0.68,0.04
instance-2ee7a6ef-dcb3-4a61-b950-4dd0fdf060ad,17.93,6.47,5.07,1.99
instance-3b8601c5-c0b6-41f5-9a1d-dc02be1bbc97,4.53,6.47,4.05,0.07
instance-4ccf1408-4a63-47d4-b086-13af9a32ac53,9.94,6.47,2.53,1.15
instance-6b2cbab4-d85b-49c3-8394-1504e4ffa105,5.81,6.47,4.78,0.16
instance-816040bd-4376-4abc-986b-0a9d5c278876,18.09,6.47,7.3,1.67
instance-d600ba94-e0a9-4cbd-a6a5-9b1cc426a43b,15.43,6.47,12.36,0.47
instance-f820bfdd-f470-4379-a15a-23ad3c47ec60,96.14,6.47,23.9,11.17
instance-d1dc9db7-6f35-4a02-8f01-1a754657a453,18.14,6.46,14.54,0.56
instance-7621d6e0-bcce-4c5a-a44b-7ee9b29ad6be,10.37,6.45,1.82,1.33
instance-9dbefcd5-ba56-4885-83a3-5a1b00ad1392,4.3,6.45,3.43,0.14
instance-c048124d-05de-4502-b2c5-a56bee4d74be,9.17,6.45,8.19,0.15
instance-eaf85ce0-b423-4558-b8c2-e8367c6b3ca0,1.47,6.45,1.3,0.03
instance-9a0b6281-266d-443a-920e-a09f6b8eba29,2.6,6.44,2.11,0.08
instance-b3dc7504-2ce6-4627-8035-2d5ae44c5696,15.69,6.44,8.35,1.14
instance-e97a3082-56c5-4c87-bfd7-6b12fa1aba55,12.09,6.43,9.87,0.35
instance-a9115a65-f9b9-45a2-8522-c8c659c8d48d,1.56,6.41,0.76,0.12
instance-5c68a1c8-85c0-4bcf-be7b-ca4d275cdcb4,19.38,6.4,17.66,0.27
instance-97c273b3-e973-4e57-8c26-f25dea494975,6.99,6.4,6.27,0.11
instance-cf25b1de-445b-4433-90d0-d80143dd7eaa,36.09,6.4,13.76,3.49
instance-fd0f0b7b-7215-48d4-ada5-fd24916a3001,3.56,6.4,2.2,0.21
instance-6fae0eed-f467-49a6-a9e8-d6ead1948580,16.32,6.39,11.78,0.71
instance-7322ac88-24a7-4d3b-9b83-602a85b236b0,6.96,6.39,3.94,0.47
instance-bce9a856-bb31-4b66-8ae3-54ebbd236063,2.04,6.39,1.89,0.02
instance-9c2340f1-aa1e-4530-a61a-64bd044381e5,2.96,6.38,2.2,0.12
instance-040b19d0-d908-46d1-9fd9-0ec08fdfff6a,1.36,6.37,0.86,0.08
instance-1066a4f9-3700-4ec8-871b-f75b429682e5,5.91,6.37,3.09,0.44
instance-307ed1bd-6e1a-4335-b292-ab2c9f23b93c,19.81,6.37,13.15,1.05
instance-c2fc44c5-5a86-474e-b475-ee8fc6e65d48,19.68,6.37,16.14,0.56
instance-9275dccf-a0d5-476a-8fbb-e738582b72b9,0.64,6.36,0.52,0.02
instance-a4ea0a78-e7c1-4138-b067-02d159bc470b,4.19,6.36,3.62,0.09
instance-7abb6cdb-d594-4f29-896d-4e74f40ef61f,19.58,6.35,8.67,1.72
instance-95eb0e4e-41d8-4b8b-97a2-14bede944c77,1.48,6.35,1.08,0.06
instance-e606ab8b-4d27-4246-bf08-101657880044,8.74,6.35,6.05,0.42
instance-5d6d008f-ccf4-44f4-a1ee-87d071b29c88,4.93,6.33,2.66,0.36
instance-c057848e-7ff9-413e-b9b0-b4deb95d8bb8,8.86,6.33,8.26,0.1
instance-caf50b6d-1cf0-4789-85a2-f5a66dcbc1f8,18.24,6.33,15.7,0.4
instance-de39edfc-0c1f-4af7-9f91-83a797ab4735,4.81,6.33,3.9,0.14
instance-e013e8c9-ebac-4ea6-a959-4dd027bef388,17.53,6.33,15.75,0.28
instance-5a87775c-6565-49ff-98d0-79b3e105aa51,10.18,6.32,9.33,0.13
instance-6ac6a50b-2141-4ad2-a236-d755e7d22eb9,18.89,6.32,16.14,0.44
instance-7e6ad14b-3149-483e-8e85-47dcaff8420c,3.57,6.32,2.61,0.15
instance-be689cdf-f512-4a34-9017-fc88b923c2cc,7.28,6.32,5.71,0.25
instance-2a6e84fe-ac24-40fb-93d7-953d5f9b88c2,17.36,6.31,13.14,0.67
instance-65cdec4e-a2ce-4c80-a913-37612e98b05d,17.43,6.31,16.32,0.18
instance-5e41ae48-4742-4485-a0e3-ddcb68ea475e,7.34,6.3,4.79,0.4
instance-7afc6983-d325-40d0-ba77-564c602ab59d,7.51,6.3,4.79,0.43
instance-f3923cc3-b4be-4e69-bd50-ea52a17e15d7,13.51,6.3,9.15,0.69
instance-815162ec-9670-45d7-a882-b0e106c0b244,3.96,6.29,3.18,0.12
instance-e25fd13f-8205-40e0-9f55-f0e6580d9cbb,9.54,6.29,6.41,0.5
instance-e8dd31ed-2b42-4680-b776-1c82f0afd9f6,7.07,6.29,4.67,0.38
instance-3103c800-3765-48c8-94c7-b6ca2a9a44fe,2.56,6.28,1.93,0.1
instance-52fe00b4-1f51-4ff3-9956-6a67592f6025,4.51,6.28,2.55,0.31
instance-67fb506e-1024-4e6b-a3a1-3a0feb54c315,7.43,6.28,3.06,0.7
instance-c2614546-9758-4dc5-bb76-c16a84ea272d,15.32,6.28,14.07,0.2
instance-7bdac796-c258-44a3-815b-e26f63827f8a,0.35,6.27,0.31,0.01
instance-bf3adef1-8303-4d22-a607-f60e6c74d538,1.48,6.27,1.03,0.07
instance-f2a5e4f6-f320-43b2-ada2-0e16a049b70b,5.15,6.27,4.17,0.16
instance-625dd062-ec35-444b-93c4-88df145fa5ad,1.72,6.26,0.19,0.24
instance-9e0dba94-ac95-480d-9072-edcbbcaee863,2.62,6.26,2.1,0.08
instance-14b328b9-7c41-4ecc-9879-52efb0cdb42f,9.05,6.25,7.96,0.17
instance-2c78a41a-6d45-4e3e-b4e7-0fb3ed7d49df,1.06,6.24,0.89,0.03
instance-3236f9c1-4bfd-4138-8706-ff4740083d35,26.11,6.24,11.39,2.36
instance-e795f6a4-184f-459f-bc42-090d4905de2d,2.62,6.24,2.26,0.06
instance-49adfbb4-56ac-420e-bde9-cb6ac6ba7c9d,18.85,6.23,16.15,0.43
instance-6fe46bb9-bb32-4924-a084-7a4996a77c65,3.15,6.23,2.0,0.18
instance-a8f3eba4-7930-458d-81a2-b3a10b64fd02,16.6,6.23,4.57,1.93
instance-a9cc5177-4950-4073-8cb3-ad781769bd74,11.08,6.23,8.76,0.37
instance-226c2363-b502-40e7-acdf-db4e5e1baf03,6.24,6.22,4.94,0.21
instance-3475ce5d-29a4-42a3-9bf1-2669d6f3937b,10.79,6.22,8.78,0.32
instance-e8a8ab0f-204c-4a1a-9294-cd3f6d034f61,9.51,6.22,8.75,0.12
instance-239cd76b-87e6-45e1-a0b2-9a1b4eb9b6a3,10.29,6.21,8.11,0.35
instance-c246e431-fbe8-4a52-85c3-982c0a7fdbc6,5.41,6.21,3.0,0.39
instance-d1f486d8-1937-4b7c-83a9-7a1a24497d90,4.0,6.21,2.36,0.26
instance-a8c25aca-b98b-45de-a430-7b363bca4e52,16.51,6.2,14.75,0.28
instance-dabcfd41-6ba0-4a78-8fbd-613c736c5fa0,1.52,6.2,1.03,0.08
instance-fed3c9dc-9d51-47c8-8b32-5dccb0c10d39,6.98,6.2,4.06,0.47
instance-64cda2a4-646a-477e-acb4-fe831437f900,2.8,6.19,1.87,0.15
instance-abfdae91-99f5-4afe-9ec2-0bddc2b55cd0,16.34,6.19,12.07,0.69
instance-dbd2b72b-558b-4fe3-ac3b-ecc730aad459,18.09,6.19,15.63,0.4
instance-0ac8f07b-fb61-4498-b81d-7bdfee987e1c,2.65,6.18,1.25,0.23
instance-362c9791-b6bd-4a83-b695-8acad0599a0c,5.88,6.18,3.99,0.31
instance-a62d0537-de07-4203-8340-e67d0491e135,15.13,6.18,9.35,0.94
instance-ac331229-ee4b-4630-be96-9f93874f148c,2.68,6.18,2.2,0.08
instance-c15a1f5f-381e-4cf9-9da3-85a390a7dcc0,11.78,6.18,10.34,0.23
instance-24939f8d-ba8e-4939-ac06-0b93b6cb2cde,18.92,6.17,4.65,2.31
instance-2fb06605-1681-4d4a-82ca-92f680fe5134,1.46,6.17,1.09,0.06
instance-441a98e7-e1de-4f10-a4f7-07f0a87f3a25,8.76,6.17,2.58,1.0
instance-7ecff686-9fe8-4847-a59d-c879abaf40d4,5.7,6.17,2.7,0.49
instance-c2241a4a-07df-4453-89a9-3623aad7940a,4.49,6.17,2.99,0.24
instance-4516a9c7-6936-4e7f-abcd-5f2221c78d2c,22.57,6.16,17.85,0.77
instance-1343cf05-dcc9-43ec-8701-9cdbe39fc38a,17.65,6.15,12.13,0.9
instance-1e73bdbb-d2d4-45a6-88c0-1f1b837dffa1,5.39,6.15,4.24,0.19
instance-4421a059-bd81-481c-a830-4fe0e7048c95,7.46,6.15,3.3,0.68
instance-4bdf5128-9e29-4f44-849f-24ab50832b96,2.74,6.15,1.55,0.19
instance-86eb4b1a-839f-42c2-95e1-303cf686f61e,8.86,6.15,5.88,0.48
instance-bdb1f824-17e3-48a4-9e62-ed9517e48ea6,9.39,6.15,8.17,0.2
instance-cd0a37fc-250b-4117-a7a5-0d5fd115d105,12.46,6.15,11.42,0.17
instance-cff64260-c283-4839-ba17-1bb1873ffe44,12.73,6.15,9.61,0.51
instance-d7fe57ac-fb8f-4e83-a47d-d9036ad07be3,2.39,6.15,0.56,0.3
instance-6a24e4cf-1996-4be7-bf6b-8dda2cd5ab66,3.27,6.14,2.41,0.14
instance-e32e2c7d-3149-449a-958e-b5560da6b188,17.75,6.14,5.95,1.92
instance-ed17a74e-86f2-49f3-b897-3e081c845aca,20.06,6.14,16.61,0.56
instance-76abfaab-82b4-4654-add2-117cac7d4cef,45.33,6.13,19.64,4.19
instance-db98e290-10f2-4b12-a9bb-d0dfc94b6aab,7.53,6.13,4.11,0.56
instance-dd7c50d0-1d6e-4cd6-83e9-b703b8b9f8ed,6.84,6.13,4.83,0.33
instance-5759a63a-2528-4cec-a973-69a02ed1374b,9.01,6.12,5.56,0.56
instance-5f7e92a9-cb5f-40c1-9a42-f2c5ee4dfc59,8.2,6.12,4.74,0.56
instance-728cd731-b05b-4322-aa11-85908d1acc65,38.67,6.12,11.33,4.46
instance-92fb5803-c365-4a80-bbc5-496735671ac9,10.58,6.12,3.24,1.2
instance-724cc4e7-d073-4a84-bb30-2f29bed6802c,7.45,6.11,6.09,0.22
instance-9839297d-0ac6-4468-9b7a-0e95016c7446,0.84,6.11,0.63,0.03
instance-d8412305-c833-496e-89f7-d6600292fb02,6.98,6.11,1.55,0.89
instance-ddc1c4ec-3f4e-413a-9bc9-3f98b1db280d,59.42,6.11,41.54,2.93
instance-f8677d7c-80be-4fb8-9c89-e2890a4e376d,10.13,6.11,8.72,0.23
instance-daf98755-79fb-4324-873b-003217e3d527,22.2,6.1,7.37,2.43
instance-6838ce04-c5bf-4350-af6b-134e08036877,6.13,6.09,1.61,0.74
instance-e617a131-f37f-4b3e-8163-4b15fa6fcca9,15.13,6.09,8.7,1.05
instance-21061737-7ba2-4240-809b-cf9659858306,5.73,6.08,3.07,0.44
instance-a4f70155-2ef9-4bc8-b92a-b5c2a8fb97e2,11.09,6.08,8.34,0.45
instance-b0838599-c9cd-4452-86f9-e6bdb034f12e,5.22,6.08,2.74,0.41
instance-3bc74c36-e85d-48ae-b7e8-dcb7e631ff4d,3.3,6.07,1.2,0.35
instance-58ddc85a-e372-406a-a9b5-28b2d62c5fa9,1.34,6.07,0.95,0.06
instance-5a8eeed0-dfe3-4d64-a5fd-3694f199fbb7,15.21,6.07,4.91,1.7
instance-85233da9-c73d-487b-a494-f0eb7dee4fa7,6.87,6.07,5.26,0.27
instance-f7521d4d-ac0a-4bf8-904a-2533f2b92997,14.41,6.07,11.57,0.47
instance-fab9a97d-83a1-4f6e-ae84-e22898538807,16.15,6.07,13.88,0.37
instance-a2552f57-65f9-4dbe-b731-a1cc40cb025a,5.3,6.05,3.05,0.37
instance-b501a728-c178-4d1c-ac3d-155371f2d816,1.85,6.04,1.52,0.05
instance-cad536fe-709d-40f2-a7e7-d60460b8ac5f,5.6,6.04,2.33,0.54
instance-2f1b5430-4874-4aac-b695-a913d257d351,10.36,6.03,9.03,0.22
instance-5031367b-cf44-4e79-a0f6-97d5f87a0f15,8.76,6.03,3.08,0.94
instance-5f58c449-0053-4131-889f-41aa71180abe,17.32,6.03,15.86,0.24
instance-8668aee1-edc1-4d1c-a0c3-ad13c2891a7f,9.0,6.03,5.94,0.51
instance-d506ffe1-6b55-4f59-9b10-8b67295a1cad,4.79,6.03,2.52,0.38
instance-e09b295d-1033-4ff3-9c57-363441ed3d3d,17.41,6.03,11.54,0.97
instance-fd2c75db-4fe4-44ff-868b-5d132939ceb4,23.53,6.03,18.36,0.86
instance-8fe9d4c2-3410-40cb-81cf-abe170705a3a,0.97,6.02,0.84,0.02
instance-a5d53d9c-ca8a-4e5c-8159-b74712a0810c,6.31,6.02,3.58,0.45
instance-c28c011a-c33b-4967-a7dd-e9b8f37329b7,17.98,6.02,16.06,0.32
instance-fb3f0f5c-e0b0-4464-92f1-5f624ac3818c,9.57,6.02,4.88,0.78
instance-87043889-e675-4128-b348-0d499e060b60,8.48,6.01,6.83,0.27
instance-ee819753-76cd-4472-9696-4bf3e9c7c7a7,3.83,6.01,3.42,0.07
instance-f323c20b-6d58-4683-b644-1ef0f61a274f,13.86,6.01,10.5,0.56
instance-837cc3b8-d34a-4185-9a9e-d8c6098e3920,1.82,6.0,1.39,0.07
instance-b7d5095a-b3c7-4966-a0b0-a610d2d42709,4.78,6.0,4.39,0.06
instance-e4a5c540-e52d-418b-a511-1df9508ae7f1,10.77,6.0,5.4,0.9
instance-f8a321ca-af66-4eab-a224-1900070512ac,55.64,6.0,12.15,7.24
instance-b0fbac99-8dc8-415a-aa89-5da6fd04bea4,3.99,5.99,2.9,0.18
instance-bb3d2845-3a52-41ee-a909-691094490b8d,25.36,5.99,12.34,2.17
instance-0425f41a-73ca-4c76-8a5a-c0dd9d238a83,21.13,5.97,6.51,2.45
instance-4e9fd8b3-cfde-486d-910e-4465c3a3563f,45.89,5.97,17.3,4.79
instance-6d86cc0e-6327-4fc7-8605-6a2491eb77e3,7.84,5.97,2.43,0.91
instance-dd179082-01c1-4463-a25b-d8d7f02af20d,3.78,5.97,0.7,0.52
instance-ddc61e37-feb7-43aa-89c9-95688424b8db,6.47,5.97,1.84,0.77
instance-e2a96f5b-2914-49fb-9786-0f767d8f92f9,18.99,5.97,17.14,0.31
instance-f11f6906-d1c1-4911-80e6-013844f68caa,42.07,5.97,37.55,0.76
instance-08b543d6-288e-49e8-9b19-eaf34cdda5a2,0.76,5.96,0.39,0.06
instance-4048639e-4f70-4656-9dc6-bf18f405516a,1.89,5.96,1.38,0.08
instance-615463f2-7d1b-4b17-8301-e90215bd85ea,1.98,5.96,1.13,0.14
instance-6212faa1-cfe2-46b5-959a-0523e88caa64,11.1,5.96,3.35,1.3
instance-9793d396-f26c-4f9a-896e-5a1bd0efcdea,2.36,5.96,2.21,0.03
instance-0559cfbf-8f81-40c9-ae24-6c05dbdb815e,13.3,5.95,12.18,0.19
instance-399a462a-bc00-41d1-89ad-81a868c136e4,8.42,5.95,5.04,0.57
instance-4ff7191b-09b2-449a-977f-723cfdd3001b,4.3,5.95,2.49,0.3
instance-5b5606ee-7d6c-45a7-b799-142f1e5c3d1b,7.02,5.95,3.61,0.57
instance-9b666a34-3bab-4d38-9e5b-effe13212dd9,7.38,5.95,4.74,0.44
instance-091eece2-9a5d-47d2-9406-d02b3bf8e4e3,19.3,5.94,2.31,2.86
instance-a94a6003-152b-4749-bdc2-90fd2b5bece6,7.21,5.94,4.47,0.46
instance-655f6eef-d367-4c70-be6a-31fc151826f8,6.72,5.93,4.57,0.36
instance-24c06e15-c871-4f1a-ab4c-1e1d66b17515,15.57,5.92,13.59,0.33
instance-069aea31-8709-4b47-9e99-96cff3ce5699,16.94,5.91,4.86,2.04
instance-0b21b4e8-e3c8-438f-b244-6ada0dff8ee7,10.08,5.91,8.31,0.3
instance-1b0c10d3-10a4-489b-8da5-7a99146a32a9,17.33,5.91,13.58,0.63
instance-c3b14ac6-4981-48af-8e86-b2de1f5e35a0,4.55,5.91,3.3,0.21
instance-1b09d096-71a7-46a5-afcd-cd7b49267435,24.55,5.9,18.12,1.09
instance-a82874c5-be0a-44a4-9f90-36a538ecc64f,5.49,5.9,3.11,0.4
instance-ea99edca-bea5-44b1-b5b0-766edf6106f3,26.76,5.9,21.92,0.82
instance-f69d86fe-5557-4465-bce7-9276bc773ec9,13.19,5.9,7.54,0.96
instance-29de617e-0d14-4ae0-a1a5-edcd5a616cb0,6.83,5.89,2.2,0.79
instance-8eae745c-fec0-4ad4-88ef-2a512e28052d,1.63,5.89,1.11,0.09
instance-a456bff2-7f64-4305-86ae-57b283268ff9,14.15,5.89,4.08,1.71
instance-ba51d471-ed2e-4aba-a656-9bc333f101cd,4.61,5.89,2.44,0.37
instance-ebd661d6-9400-4182-a8b2-34390272a66a,22.11,5.89,12.44,1.64
instance-8210e504-1240-40cd-92ee-5fb436576526,4.91,5.88,2.53,0.4
instance-89db05e9-299e-4570-9d1c-04d64e8c1795,21.24,5.88,9.75,1.96
instance-12ae8f55-c98d-4b19-85af-b9024a7843f0,12.7,5.87,9.33,0.57
instance-2c580b6b-9082-4e0e-b16e-cc493ecf5501,3.18,5.87,2.44,0.13
instance-40745b77-5181-4ad3-83c6-4b05a610c98a,5.78,5.87,2.57,0.55
instance-7c515521-6952-4621-9a12-ef55da289ec6,15.11,5.87,6.92,1.39
instance-9d694b44-8552-4e3d-8ddc-8fa1a2fe8ce7,3.76,5.87,3.16,0.1
instance-eb27cb15-7184-4b8e-bca1-7f720d7f3a50,3.68,5.87,3.2,0.08
instance-f0a76b80-17c4-4ee8-9dda-9fc4bc70602d,3.93,5.87,2.7,0.21
instance-8b24241d-d79f-4211-878d-6c10ce5a56fd,6.03,5.86,5.07,0.16
instance-cadc75e0-4653-4bba-b175-62c0dd0698df,21.12,5.86,17.39,0.64
instance-239cc332-6b56-4701-991f-f7f83c7996f7,1.01,5.85,0.65,0.06
instance-e0d21eb7-5256-4020-a3d7-e2b59fb55c46,3.17,5.85,3.04,0.02
instance-231ed3f3-fb52-4d2a-890d-b264547bf57a,8.06,5.84,6.82,0.21
instance-28e3c963-d17a-4e8a-8ae2-dbb1294e91b7,2.61,5.84,1.98,0.11
instance-44d28b80-6c61-475b-994d-e7554bd4e62b,18.48,5.84,6.57,2.04
instance-7bfd5954-9170-4999-b392-26081ae02dc9,18.01,5.84,15.8,0.38
instance-0af57ac6-5b7e-41a5-91cf-97ac07708892,8.64,5.83,7.87,0.13
instance-481de3e0-d5cb-42ec-b052-d7a20efc8299,0.64,5.83,0.42,0.04
instance-8c853251-55ee-4f1f-9f53-b415c1269353,48.81,5.83,18.9,5.13
instance-1870d245-0203-4a1f-8c7f-63b4071463b8,12.01,5.82,7.7,0.74
instance-03376105-fb86-41bc-8772-5e1a0a419e6d,2.48,5.81,2.25,0.04
instance-8e3799ec-f061-4f67-be59-7155c6128893,7.35,5.8,3.71,0.63
instance-c01088b5-7abb-4ef9-bc74-23d9e6af3a6c,3.58,5.8,3.16,0.07
instance-de796a23-ce42-487c-bc0c-0632d010c86e,3.71,5.8,2.39,0.23
instance-76d5801e-4d20-4481-a612-d4811b05b55e,13.23,5.79,9.24,0.69
instance-ddcc468f-7ebc-48f0-ad45-24363bdf1b94,7.77,5.79,3.62,0.72
instance-9869b4b2-0a68-4367-a0e4-1b5123736bca,10.25,5.78,4.26,1.04
instance-305af13d-a431-41ad-825c-1e364225ddb9,1.56,5.77,0.46,0.19
instance-609d122f-feda-42da-ba22-b7eecbd9beb2,2.86,5.77,2.52,0.06
instance-739ed023-7313-401b-ac62-3c7eecf9914a,15.95,5.77,12.28,0.64
instance-9237842e-438d-4da2-8695-36c55dd7cc83,1.03,5.77,0.84,0.03
instance-031ae684-bcab-4f60-a9ce-c2aa98a3e783,9.02,5.76,7.94,0.19
instance-b9a3429f-2386-44d9-b691-8c64ba6c47ab,55.2,5.76,41.16,2.44
instance-e83bef49-eb4d-4334-8dc5-ebebfad5b5e8,17.56,5.76,11.52,1.05
instance-3db28406-c845-4f27-95df-172bca9cfecb,6.41,5.75,3.48,0.51
instance-653b0b4c-99b8-4c27-af33-01f9a0d0afeb,2.64,5.75,1.57,0.19
instance-7d5c3ae3-2376-464f-a63f-fcb0cfd7a06a,18.05,5.75,15.72,0.41
instance-964dfc7b-cded-43e5-87af-7665491b9418,21.3,5.75,9.68,2.02
instance-f72cfe30-e3ea-4637-addf-d4344b66b17d,3.77,5.75,2.88,0.15
instance-54110321-9196-42d2-b4d9-c32abca22efd,3.37,5.74,1.84,0.27
instance-8c16f108-0e77-41cd-adc6-5a43d9f97960,7.31,5.74,3.24,0.71
instance-b578529d-de7c-48d0-ac1f-55e91d684d22,6.46,5.74,2.22,0.74
instance-ccf4321a-7b8a-44df-98b8-5d2f6cb639d6,3.62,5.74,2.81,0.14
instance-d616aaa5-a0a1-4460-8bf6-e813d368e978,10.96,5.74,10.18,0.14
instance-ed7a8a98-ce91-4c42-b565-d49b0a01e3f8,12.84,5.74,10.41,0.42
instance-03d9cc7e-c1ca-4a28-b0a1-a7b3e94165ed,17.76,5.73,15.74,0.35
instance-2c216d37-45eb-41d4-9e86-3ee64ebcdf15,13.04,5.73,6.89,1.07
instance-0e7874f7-5299-4505-8c15-6ef690c477e5,2.36,5.72,1.81,0.1
instance-b4c56f86-e9e7-4700-a93b-cce70b33dd35,15.33,5.72,4.62,1.87
instance-f382eabc-7b09-4148-9d1f-edef4d362211,97.33,5.72,85.93,1.99
instance-fe562a7e-cc08-4ade-9cd1-07377ca38b8a,17.93,5.72,15.82,0.37
instance-0c95b5cb-f7d6-4c5a-9447-523cb4dcc459,5.12,5.71,2.71,0.42
instance-3bfc2bbe-b2a5-4580-90f6-7e90a51e1232,10.94,5.71,8.47,0.43
instance-72f42a80-4af8-465e-a383-7daf4151fd21,15.09,5.71,8.25,1.2
instance-733bfed7-b6f1-4948-8400-f568a65d50e9,16.65,5.71,10.27,1.12
instance-c8f670e1-a140-410c-b196-69d359636842,4.08,5.71,2.25,0.32
instance-055d1caa-e2c8-448c-a250-4ae287bddf3b,0.76,5.7,0.56,0.03
instance-6cd9d939-f1fc-44fa-970b-71d4b20faeca,3.25,5.7,2.12,0.2
instance-f7949955-0384-4658-a5d3-ef13d8395e91,2.82,5.7,2.56,0.05
instance-27faaa53-915d-48e2-a654-08f12e1a5c1c,11.37,5.69,9.32,0.36
instance-6d52232f-8a38-42d1-9fe2-a6182f345e67,2.72,5.69,1.73,0.17
instance-aa5bb830-8995-4916-9a14-149141fbd824,16.71,5.69,15.48,0.22
instance-025a7160-8e2d-4e2b-9f4b-50f02562722b,2.83,5.68,1.02,0.32
instance-0ed945b6-2239-4ab5-b796-0c8b50927a8b,7.48,5.68,5.35,0.38
instance-31a193f2-63c2-4ffd-b3a8-297e6a4b142e,1.06,5.68,0.97,0.02
instance-34579c7f-bac3-4127-9959-9ab3a9b46c03,10.17,5.68,8.11,0.36
instance-63843a0e-b12a-4888-9567-939c73a15a99,11.0,5.68,6.89,0.72
instance-e3f08857-9140-4ac5-af44-01e3b4c74e76,3.04,5.68,2.32,0.13
instance-fc3ea435-c3c7-47f0-87d6-927fd75fac13,18.1,5.68,15.1,0.53
instance-001c45d7-80da-409f-a6d2-9490309b1eb0,17.2,5.67,7.97,1.63
instance-13d9d305-d793-4f39-87bc-7f89efde4525,11.33,5.67,3.91,1.31
instance-a0710059-531b-4a3a-b626-8e950d5acafb,3.34,5.67,0.72,0.46
instance-ba204b88-b385-4a75-944a-1d7b130a1f5a,3.5,5.67,3.15,0.06
instance-5f297329-b1bc-4efa-b0cf-4e62a0e711c0,4.33,5.66,2.18,0.38
instance-a973d4db-a5d5-4724-8dd3-8e4d5c63e48a,12.71,5.66,11.31,0.25
instance-8370fec3-b9ab-4b51-9b83-982308981d40,1.01,5.65,0.83,0.03
instance-976bc9b4-63d7-4842-b56d-bf69bd4ed4aa,3.93,5.65,2.49,0.26
instance-abc3ff80-a881-4cee-b2b9-192e7e217f80,9.5,5.65,8.01,0.26
instance-110f532c-0935-42c1-8afb-12521b1f6167,17.17,5.64,5.27,2.11
instance-4de3bb2f-f195-4f55-b7d3-deea81d2734f,16.37,5.64,3.82,2.23
instance-55bea917-786d-4cfc-9cc9-834b2e0cc231,17.4,5.64,15.44,0.35
instance-5c8635b5-a918-4008-af9c-f91aaac78d94,18.92,5.64,6.39,2.22
instance-8e4c6c06-8422-43af-bed5-6442aa541a49,18.26,5.64,15.67,0.46
instance-9edb37f4-cdba-4fd2-b5e1-490699aeb89a,12.63,5.64,8.18,0.79
instance-b07cc418-732a-4e8f-bca7-f971f4b4c012,3.02,5.64,2.57,0.08
instance-b490c731-2f68-4ca7-a59d-17112cceb5d7,2.32,5.64,0.55,0.31
instance-cd22b58f-8825-4837-9774-2c842bea01ec,8.9,5.64,8.26,0.11
instance-fa69abfc-003d-450e-b9a3-f97d6919282c,5.78,5.64,3.73,0.36
instance-018ee12e-9d09-439b-8775-97a4ab5d4b5f,9.12,5.63,8.21,0.16
instance-456cfe21-c62e-4988-a2c1-de0f94ed9ae3,1.54,5.63,1.26,0.05
instance-cbc1f2c9-8356-4a63-9605-b7677043cdbc,3.0,5.63,2.4,0.11
instance-d3ed8ba2-1a04-4e1c-8ceb-3bda136dee45,4.96,5.63,3.41,0.28
instance-4792b5cd-3234-46b4-8190-0f444edb1575,1.38,5.62,1.1,0.05
instance-c853c0cf-63ea-4d21-b2c6-46cf081ae9c7,4.69,5.62,2.51,0.39
instance-0bb18fdd-b386-43bd-b0ad-70383694878f,14.42,5.61,12.63,0.32
instance-196f8666-c974-43b4-95dd-4281ddfffa7b,8.78,5.61,6.02,0.49
instance-87eb3cf8-2c71-416c-8913-c2bb8a831579,9.19,5.61,7.15,0.36
instance-a7841510-0c5b-46f3-9241-b35715ae15c5,17.57,5.61,15.83,0.31
instance-41266698-74c9-4046-bc93-a2e6db29a1ba,0.42,5.6,0.34,0.01
instance-509ee7ee-46fa-44ff-bdb2-adaa784cff81,1.36,5.6,1.2,0.03
instance-569793e9-1937-45dc-b9ae-12ef8b9bf0b7,26.43,5.6,3.42,4.11
instance-ba35449c-b9d9-4a7b-b77f-9becef38126a,1.8,5.6,1.53,0.05
instance-c30fe6b8-1265-492c-8514-d48f51d33611,40.87,5.6,17.04,4.26
instance-d4f48505-d2a5-425a-bafb-33e7e639e0d0,3.57,5.6,1.93,0.29
instance-4477ecb4-9ba5-4c98-a6a0-8a27c6613369,15.04,5.59,7.09,1.42
instance-6ec89948-9e9d-4958-ba89-164b033b856a,16.65,5.59,15.27,0.25
instance-e26c11be-bfd7-4c43-b528-415e97d751cc,8.89,5.59,8.1,0.14
instance-46019ea0-69bb-46fa-ac25-7b06650a5b3a,0.36,5.58,0.28,0.01
instance-48526261-b69b-42dc-bdc8-ba7303206b70,11.3,5.58,8.91,0.43
instance-57df716e-0d7e-4a99-aba2-6d476e16c58a,3.93,5.58,1.29,0.47
instance-592aaf44-4337-4b86-af68-b43d5f923968,6.69,5.58,4.52,0.39
instance-5e2acfd7-31c0-4bc1-a89f-0c1987a07693,0.64,5.58,0.57,0.01
instance-699a772f-268f-479d-80b5-e796f75f1b5a,16.46,5.58,8.27,1.47
instance-c090913a-5bf0-45fc-99f3-7d38cf0325b4,5.52,5.58,4.51,0.18
instance-f9c01af3-c981-483b-9c53-422d267ed6b0,7.97,5.58,2.67,0.95
instance-3c352f94-88a5-41e2-beed-8c8af21d1fca,16.01,5.57,13.29,0.49
instance-aaf88e50-5725-43b1-ba59-5f6dddd4cc4c,7.29,5.57,4.18,0.56
instance-eba21c2b-f0b2-4409-926a-b9b1b1970abb,12.57,5.57,3.3,1.66
instance-0624cd27-23dc-4b6c-8233-919fc7310ebc,11.72,5.56,7.29,0.8
instance-8d6ccc26-ca82-4d0a-84e2-123829ab00e8,13.38,5.56,4.91,1.52
instance-f25a514a-9f22-4e1b-8c12-ce97084cd63c,5.42,5.56,3.11,0.42
instance-fc4cef57-a1bf-4bf1-9050-c7f5512c2497,4.14,5.56,2.23,0.34
instance-26a0ca5f-3db1-4461-a383-1250b828e62f,4.45,5.55,2.85,0.29
instance-30fde77f-bab8-42fc-bd0b-a04f97c8a313,17.27,5.55,15.9,0.25
instance-3fb425d4-d606-4037-8c92-145425957f5d,6.47,5.55,5.43,0.19
instance-4a53cc9e-25a8-48c0-8f15-c6ce148161c5,17.24,5.55,15.49,0.32
instance-7aabb96a-5272-4386-9230-fd00be2689ab,8.26,5.55,6.54,0.31
instance-a7c7607a-0433-48cc-a1cf-cccc1020f215,1.78,5.55,1.29,0.09
instance-e091d5dd-166b-4927-b32a-1011633cd7e7,14.98,5.55,10.14,0.87
instance-0e193204-2fba-43d4-9026-2b2f21aef39e,7.97,5.54,7.32,0.12
instance-249cb60a-dda2-4864-8975-51b8d78e188b,3.73,5.54,2.19,0.28
instance-4f143621-9be9-49ce-999d-8bc7c3f62536,5.75,5.54,4.22,0.28
instance-8de5d38d-a9e0-430f-bf93-2a12504a07fc,37.63,5.54,10.94,4.82
instance-b98cae0e-83b7-4778-bd71-8dfa3d02542b,1.76,5.54,1.22,0.1
instance-0abbe8f2-caf3-4575-8213-04b7f7dd381e,2.21,5.53,1.76,0.08
instance-573d656b-fbed-4650-9e0d-b9dcbdd42de3,17.87,5.53,15.97,0.34
instance-763649de-9c1f-45dd-9e11-61a1489fdc71,4.66,5.53,4.3,0.07
instance-ea2eaa0a-2a29-47ba-96c8-c58ff2505d0b,16.04,5.53,14.09,0.35
instance-063fe4b4-f3d8-4d3b-a2ef-0988565cce5a,8.07,5.52,3.19,0.88
instance-11daa7dd-9f62-429f-98a9-2b7863f4a57a,7.26,5.52,4.11,0.57
instance-1fff9253-6166-4b0c-bfa2-9270d0bab147,17.94,5.52,15.97,0.36
instance-8f72ef75-3524-406e-a5f4-dac55bebe782,5.31,5.52,2.09,0.58
instance-5d52d7d7-1419-4cfb-a00f-856f78afb7a1,9.96,5.51,8.46,0.27
instance-5d957493-af1e-4582-aeda-b15c774068f8,81.71,5.51,38.19,7.9
instance-e3e6d813-118a-4b2d-a5ce-377b1cdb2c2b,11.81,5.51,10.42,0.25
instance-056e8f17-cd06-42be-9201-6f11d834d83e,11.11,5.5,8.82,0.42
instance-6d1dc142-4d56-4aba-b75e-f9815b256d4a,10.23,5.5,7.86,0.43
instance-ceac1cc7-3650-464b-abf4-1aa34cd508c8,16.95,5.5,6.8,1.85
instance-2c6ea319-1cea-4b8b-8321-54535866be00,9.74,5.49,8.48,0.23
instance-5b8627bf-90fa-4878-9497-cfeba3f420e7,2.69,5.49,2.34,0.06
instance-c6c27280-ef9f-4514-bffd-2050bfa572c0,5.01,5.49,2.81,0.4
instance-f4a31618-55ae-4988-98bb-f26fa78444b4,14.09,5.49,11.86,0.41
instance-0ba3e54f-0264-4b4d-b5c3-fa9ab4dd08d7,16.81,5.48,9.08,1.41
instance-45dd72af-b03c-4a8c-a96d-ed6cdfa9ceff,3.5,5.48,2.95,0.1
instance-4a87f5dc-5bf4-4ef4-92e5-36d48afed80c,7.54,5.48,6.5,0.19
instance-8574e552-c496-4c68-bc41-454bfa22e5ef,1.63,5.48,1.27,0.07
instance-922c12b2-9d0f-4332-add4-3a88b6d5d25a,4.31,5.48,2.88,0.26
instance-c9d445b2-fbb7-426e-a916-c5907a7666a4,0.69,5.48,0.61,0.01
instance-d044dc25-fb5d-4ce9-9f52-7611e28f4c64,8.65,5.48,6.71,0.35
instance-e4e4f5c5-9a5f-4936-8aa8-e1e83dec5767,2.22,5.48,1.99,0.04
instance-01115c44-5d24-4155-8532-3f2d7291b385,0.78,5.47,0.62,0.03
instance-5f67b3c3-601a-480c-bcbf-5315c01da181,5.03,5.47,4.12,0.17
instance-92a6f630-9304-4c56-be8b-a187493fe6e3,9.89,5.47,6.57,0.61
instance-bd500411-ab70-4469-9efe-3574c09703a1,18.87,5.47,16.58,0.42
instance-d7e27a6d-9469-4951-b7c0-26ecf1e216f4,0.23,5.47,0.19,0.01
instance-631c3682-0854-4fda-98ab-0c7a7b4b100e,9.28,5.46,6.13,0.58
instance-948707fc-95fd-495c-beb9-71d2a8f44d68,22.84,5.46,4.41,3.38
instance-b942125d-b49b-4cb5-b9bb-41090597546e,10.91,5.46,9.07,0.34
instance-da1b87fa-95b6-42a5-aeff-4e4e68a3f66d,1.5,5.46,1.3,0.04
instance-e7b11a40-05ab-47bf-963f-82bb57346873,64.82,5.46,17.76,8.61
instance-fdaf9471-afd7-4c1d-a080-3c43aabace25,4.53,5.46,2.54,0.36
instance-2ec48a90-a982-438a-8897-a4d09c7e3f75,15.95,5.45,7.67,1.52
instance-bf66108a-b0fa-423a-8e78-d860da30879f,45.04,5.45,22.12,4.2
instance-ed5d8294-6eb7-4004-a21a-277045ac6383,2.37,5.45,2.11,0.05
instance-f09603cf-a0de-488c-8a3b-e7457b20c184,7.07,5.45,4.58,0.46
instance-fbb06f7c-f184-4423-808a-63f3b11918a7,19.6,5.45,9.26,1.9
instance-04bc0b11-f199-48fc-8ddd-d98d034dd8e1,1.89,5.44,1.48,0.08
instance-4981a82d-effc-4b43-967b-1725b3ae9646,1.51,5.44,1.18,0.06
instance-667b1af0-b3b4-4543-a8cb-fc83afff5ca9,16.16,5.44,6.59,1.76
instance-7b526e8a-596d-4d12-81f1-d19d22d40b98,20.73,5.44,17.37,0.62
instance-b3c271f7-3457-4c6d-bff9-5aad34261b6c,5.79,5.44,2.55,0.6
instance-0f5c2eb3-eca2-4abf-9f42-7a99d7963809,24.22,5.43,3.34,3.84
instance-50d92250-a736-4377-ae09-f00aca3bebf0,4.9,5.43,2.48,0.45
instance-5744cab8-f5f2-4d2a-9afa-9463baa559ab,18.89,5.43,16.51,0.44
instance-60566e27-bc6f-4573-83f9-0e3fef9f29d9,19.35,5.43,2.57,3.09
instance-bbc30166-3dc0-4cfe-b987-1c2125921e2e,1.87,5.43,1.68,0.03
instance-d7bd3462-eb05-4ba1-995c-326b415f9133,18.43,5.43,16.65,0.33
instance-2999e1dd-a8c6-464a-b22f-4b04b77c9807,50.94,5.42,29.06,4.04
instance-45e52d65-68bd-4952-a06b-1e77dbc45a50,5.12,5.42,3.34,0.33
instance-afa332b9-0735-4e92-b2ce-eabfa67fc705,10.56,5.42,8.54,0.37
instance-c432bbc7-f911-4cdd-a69a-a3c2ded3840c,14.36,5.42,10.39,0.73
instance-e2d138a5-ad56-4d8d-9213-8ab843c5a307,18.88,5.42,3.16,2.9
instance-1e3f3e8d-c124-475e-b4c4-2183b4cc4e96,5.26,5.41,1.76,0.65
instance-5347c23c-b972-41bc-9b26-f7846eb5ae4b,15.23,5.41,6.6,1.6
instance-6ec35042-a884-4eeb-a5d7-14b791318ec3,13.76,5.41,8.99,0.88
instance-a76da68d-451e-4f91-9099-a659e27a491c,15.92,5.41,13.36,0.47
instance-c1a13e64-1d94-44da-85d8-2b590960b07b,2.75,5.41,2.07,0.13
instance-d50a3d88-5345-4b0e-a1f8-9cb8f86dd5f5,13.52,5.41,10.24,0.61
instance-e82bf396-1544-4f04-854d-9269e4923681,7.21,5.41,4.16,0.56
instance-4f17dbde-12ca-4fd7-b36d-7ae265985532,5.08,5.4,3.56,0.28
instance-56c35191-2f1a-4dd7-84cf-5c5765628539,3.85,5.4,2.63,0.23
instance-9b1e819e-f74a-4c6c-b227-ff20fee88591,15.98,5.4,14.84,0.21
instance-a10ce526-ef52-4cf1-9de1-d4abae3fd9c8,8.74,5.4,0.79,1.47
instance-a427496f-2269-4045-b46e-f29e70de217a,9.73,5.4,3.53,1.15
instance-b0799878-3054-4b6b-b684-795945de73d8,25.35,5.4,8.25,3.16
instance-00e083db-be8b-4b07-8d72-cf191600f689,16.96,5.39,12.71,0.79
instance-0933e76f-2c8e-474d-a619-87b52c3908ad,5.46,5.39,1.92,0.66
instance-3e9ecc35-047f-43b1-9b2e-11b19025893a,11.77,5.39,10.39,0.26
instance-3f574087-9b8e-46d5-9229-d2adc95bae1b,17.6,5.39,15.75,0.34
instance-795fa8c9-5f13-4958-bb32-3920c38d2228,3.99,5.39,3.17,0.15
instance-7bc3389f-2fd1-4c47-aa61-87f0b5bb20cd,3.8,5.39,2.33,0.27
instance-8e2883b3-3ffe-47f7-9b14-811bdb3dd141,23.39,5.39,4.1,3.58
instance-9b43e234-27ee-4aff-9320-1b1b60c64d35,4.76,5.39,3.3,0.27
instance-b599bb44-a29f-44ee-bf25-316e1ed65341,14.29,5.39,12.66,0.3
instance-b8d18de3-485f-4898-a8b1-c9d3e77a261e,9.26,5.39,8.42,0.16
instance-d83b383c-c08e-4235-8534-a35439709e02,3.19,5.39,2.69,0.09
instance-159eb961-91d0-4fec-907c-fba013d17352,30.21,5.38,24.62,1.04
instance-6e93ef3d-1739-4d34-9453-3093d3f77c98,2.95,5.38,2.22,0.14
instance-d6302380-a57a-45f7-a8a6-7fb8fca34bd1,7.75,5.38,1.4,1.18
instance-d64c2b4c-218d-4275-bded-afc9d84c9218,2.36,5.38,1.28,0.2
instance-e1e1991c-7be0-46ed-9a15-21538d3e7908,1.99,5.38,1.46,0.1
instance-ee0cb970-596a-419f-80aa-b0d52a29d12f,12.11,5.38,7.92,0.78
instance-77bfd9d1-ca03-4bb0-af91-2b107c1e9387,4.63,5.37,2.48,0.4
instance-bf97464f-cd83-4380-a4f3-6327baa2bbca,3.82,5.37,2.41,0.26
instance-db31c817-8d20-4761-b385-742c72b21206,0.86,5.37,0.51,0.06
instance-00c427d9-5180-4e47-88f0-09d7890cba23,4.01,5.36,3.55,0.09
instance-0116d97f-6204-4f23-afc0-44ea6332df90,0.64,5.36,0.46,0.03
instance-0dc3acf1-26e4-47c0-aa84-2a08731c6315,15.17,5.36,14.75,0.08
instance-998db57c-365d-4c13-992b-f87c2728309a,14.72,5.36,13.59,0.21
instance-af270018-e0c1-426c-ac82-4e294e082dd4,2.56,5.36,2.02,0.1
instance-086731e4-136f-47b5-889f-9c0c1ac7d5a3,2.86,5.35,2.16,0.13
instance-27b67759-41ca-4265-985b-ee4371905b95,2.55,5.35,1.89,0.12
instance-643b0655-5630-4e62-85f0-a2127e3cae6b,19.53,5.35,15.85,0.69
instance-7e532373-7ee5-4fd5-a71f-7ab873bdba26,8.01,5.35,3.7,0.81
instance-9b233759-0fe8-4148-b8f5-7d58c2298409,21.15,5.35,17.71,0.64
instance-bf4cb0df-e652-4775-878f-e1fed671dc31,11.08,5.35,8.48,0.49
instance-c1d11fe8-8d65-428c-bb7b-8a2d0018a362,3.55,5.35,2.62,0.17
instance-dc76d32a-2b46-4eec-b5dc-f89ef51d26e4,15.67,5.35,14.08,0.3
instance-eeeab463-05c0-4255-95b9-13ddbcf93b6f,12.0,5.35,8.28,0.69
instance-f07079de-f0a0-4d2e-867e-4b88f41ef911,1.13,5.35,1.03,0.02
instance-86821b6e-7d37-4a5c-9eac-fe95de46f42a,2.19,5.34,1.71,0.09
instance-b9ebbea9-2052-4cbe-bfcb-79f1fab35742,8.81,5.34,6.81,0.37
instance-0507d484-abee-49c8-beed-0b62d7e1e4a7,11.8,5.33,7.68,0.77
instance-9e73c044-6d1e-4867-91dc-f5b21c976eef,33.16,5.33,17.83,2.88
instance-cad8acaa-7400-4150-8d49-48952bbdfb64,84.92,5.33,15.45,13.02
instance-e01577fd-753f-4c0d-8e26-b81a76cab6dc,17.11,5.33,15.54,0.29
instance-f0305ae6-1a45-4dd0-aa7a-28b845bad5f9,3.81,5.33,1.83,0.37
instance-f1149f35-3aff-4bd9-8ea0-daba34fd58bc,26.41,5.33,16.37,1.88
instance-f483d8f5-d4e6-49fc-9626-f5bef8a718da,6.93,5.33,2.51,0.83
instance-ffcccf7a-af6d-4b68-8dfa-320202411b26,22.42,5.33,6.45,2.99
instance-06cdbdeb-dfbb-45e3-8b33-faab37363911,16.51,5.32,5.23,2.12
instance-0e1850f0-eeb2-4b3c-b2b0-864deef1e52e,1.15,5.32,1.01,0.03
instance-5ce7c254-e1d9-4966-a04a-a0b71ad94e14,3.78,5.32,3.45,0.06
instance-d2a48063-77a8-4e20-9824-d70f58d84990,12.3,5.32,11.42,0.17
instance-11bb7a61-20af-4f66-b4c8-4f2dad75dd08,3.14,5.31,1.67,0.28
instance-bd81bbb6-a98b-44a7-b12d-bee71d0f1d0c,1.62,5.31,1.3,0.06
instance-db413186-e976-431d-8cc5-ae0003ce57f6,5.45,5.31,4.07,0.26
instance-227d623e-5f1d-4a6e-ae1c-63136e049697,11.79,5.3,6.89,0.92
instance-56ffc34e-1fed-463c-99b8-871524d6f6dc,5.05,5.3,1.55,0.66
instance-7e35cc82-24e9-449a-9f1e-d7d7b6e43f34,8.82,5.3,7.23,0.3
instance-ab3552dd-acb0-4f66-b4d8-9222e1b2234c,5.63,5.3,3.74,0.36
instance-ca6efb4f-8ebf-4199-ad55-b038beb13480,2.22,5.3,1.8,0.08
instance-fd3b13e4-ef71-43bb-beec-cf1a17c96a6e,7.54,5.3,3.68,0.73
instance-0b290a88-0dbb-4499-8571-11fe15787d91,9.2,5.29,3.31,1.11
instance-321f3866-4c70-4add-93ed-0c6d6bf3a35a,3.14,5.29,2.66,0.09
instance-76c6e866-1df5-4ca8-9e23-d5da5d75f189,5.68,5.29,3.1,0.49
instance-979a56b5-3a72-432a-8982-4eee6db17457,13.79,5.29,4.21,1.81
instance-b91818cf-aa2e-40c3-ba17-13c5de3d78c7,5.18,5.29,4.32,0.16
instance-c4d856c6-f36e-4222-afc0-4507a942563c,3.69,5.29,3.25,0.08
instance-dfbe836a-2a65-4bb2-9846-97ab36160e16,4.06,5.29,2.36,0.32
instance-f2b6c122-9f4c-43f7-ab0d-caf55b7b8c2e,9.13,5.29,8.41,0.14
instance-1c8e9f87-a276-4e31-b54c-15ba062d4bb7,5.94,5.28,3.23,0.51
instance-29a3c2ff-cef7-4ac9-b7c1-cf47de4588dc,12.47,5.28,9.21,0.62
instance-37633abe-3b60-4fbc-85c5-10a767d4c34b,52.06,5.28,44.95,1.35
instance-3e77c3ee-69e9-4e5b-977e-8332df7db91c,15.08,5.28,6.4,1.64
instance-b60b5b76-fbaf-415c-8afb-688dca155f8d,3.05,5.28,1.84,0.23
instance-c29f7eee-354d-4d4f-9ae3-eba1573c05f6,41.09,5.28,21.71,3.67
instance-e10c6f40-8339-4540-9973-89f8638fd829,3.0,5.28,2.36,0.12
instance-e4fd35b8-177e-4f26-8471-3f14e25f8840,12.15,5.28,6.44,1.08
instance-f8d9c976-4ddd-465d-bcd4-b43d135e47a9,21.21,5.28,15.69,1.04
instance-2c934d12-f7ca-4d95-9982-3861e6840dd2,9.98,5.27,7.27,0.51
instance-3552bc43-e2f7-465a-9f37-cfdea863fe7a,8.81,5.27,4.19,0.88
instance-75c52786-a699-4b05-82f7-08c62d72ebf7,11.53,5.27,8.72,0.53
instance-a12733b1-214b-4e65-a606-5c8cebef8104,2.73,5.27,1.96,0.15
instance-bd0eb5a6-2e8f-41fe-a98f-17cdc087f003,23.31,5.27,10.46,2.44
instance-d1e2bd53-d10d-44b4-9064-6cca6c4d6280,21.33,5.27,4.13,3.26
instance-0437b11e-f6dc-487b-92d6-4e242d1fd292,14.5,5.26,10.71,0.72
instance-201cc25b-85fa-4697-8c64-06d1344c37d8,18.6,5.26,4.51,2.68
instance-65487f66-c3d3-45d1-9e71-deaab658f4f0,1.65,5.26,1.33,0.06
instance-aa575ce4-82dd-4791-8eb5-e7ba38b03cab,14.58,5.26,10.25,0.82
instance-cf504b30-b951-49ee-873f-4ae6364b9d26,24.33,5.26,4.54,3.76
instance-c913c184-be0c-4418-8384-659cab9fdd3f,3.81,5.25,3.24,0.11
instance-ce3f76ef-32eb-49b1-960b-a1b67deeb13a,7.65,5.25,5.69,0.37
instance-1feb2c60-e79b-4611-bdb9-08122358b220,15.67,5.24,12.86,0.54
instance-2626f8be-e57d-4ed4-991e-1b9ec8b9c7fc,3.37,5.24,2.26,0.21
instance-a7c7b235-df29-45db-8f9f-ea5c6ac67582,9.36,5.24,8.22,0.22
instance-b4f8969f-3213-4a16-992f-9ae943aa0a0c,0.44,5.24,0.31,0.02
instance-051d7df4-8c9b-4eae-85b8-47dbc4f111a0,3.55,5.23,2.53,0.2
instance-3ec4de05-f9f4-4c15-bbbe-825392d7741d,5.11,5.23,3.3,0.35
instance-5c71a876-ec82-4df7-92b2-cbe59c99b6a1,15.19,5.23,6.73,1.62
instance-7d0ff821-c36d-4cdd-aa4c-615d91381bdf,8.93,5.23,4.87,0.78
instance-e5f81894-b9d3-4508-a90d-9b94a2dfb6fc,1.49,5.23,1.42,0.01
instance-f9de4789-dbdb-4fe5-b11f-c61d6497fdfe,1.43,5.23,1.16,0.05
instance-000773f3-5492-4fb1-889b-79133f551d69,8.92,5.22,7.5,0.27
instance-2071459f-334d-4c8b-b18d-1688c4c4251d,4.51,5.22,2.44,0.4
instance-4df3bf84-f223-48cf-8c57-7a68f3df758c,9.82,5.22,8.27,0.3
instance-6eddbb27-d595-4ad3-80dd-b13454ce3162,7.79,5.22,5.09,0.52
instance-a5ba85d2-39ae-4951-b5fc-6f743d28b2d7,1.89,5.22,1.47,0.08
instance-b42a608b-6be2-4ac8-9774-340fb5f0d44f,9.87,5.22,2.28,1.45
instance-f04b6920-cfce-4c09-b050-ad08cfcc4df4,3.75,5.22,3.25,0.1
instance-2996471a-cfe5-4f4f-b349-1bbc3af70bf2,11.54,5.21,10.42,0.21
instance-2ab49ce2-25e7-4909-a3b9-711ed1b7c496,0.79,5.21,0.45,0.06
instance-30239d8c-df76-4964-bc35-2f5f0072e2d1,14.9,5.21,12.41,0.48
instance-60d42339-93b2-4c78-8bf3-57c111f8be26,20.04,5.21,9.33,2.06
instance-7e2cedb8-3740-47c9-949b-4bf80835bf1e,5.23,5.21,4.4,0.16
instance-92d1a4b6-8bf5-45e0-a54a-2a7ebfb46058,0.45,5.21,0.38,0.01
instance-a37cfbab-4436-4875-9b37-cc9816489c87,2.74,5.21,2.52,0.04
instance-c60681a9-d027-48d7-b5bf-2e3341beba72,10.55,5.21,8.51,0.39
instance-de332be5-e309-4f9c-ad92-792f7935af5d,0.08,5.21,0.07,0.0
instance-e631cce0-8d2e-4233-b61e-ed442a7d861f,8.58,5.21,4.55,0.77
instance-eb6f48a4-1832-4f53-b954-7c17a2e6a27a,6.73,5.21,3.42,0.63
instance-47bd5141-57b3-409d-872b-ec1dbf0d75b3,9.61,5.2,8.39,0.23
instance-4f1f7622-6762-4497-854a-ab587789fb9f,4.97,5.2,3.33,0.32
instance-572641d3-423b-437c-8455-79c678d26aab,1.61,5.2,1.14,0.09
instance-660f303c-eda1-42e6-bb4f-e48db224ec54,6.9,5.2,3.51,0.65
instance-96adff87-142f-49fd-80bc-c979af0406bf,21.99,5.2,16.71,1.02
instance-a4f3d4d9-a482-4230-8195-5b84afbbc261,1.43,5.2,0.98,0.09
instance-e4f36c89-3dc4-42ee-b72c-8ec47e9b06d7,16.39,5.2,13.19,0.62
instance-16fef55d-308e-4cb1-9e8e-972c14c7a9a3,16.61,5.19,11.07,1.07
instance-1e05d474-63c9-4445-9257-bfeaf7bb90d9,18.32,5.19,4.19,2.72
instance-23e88eb0-b05d-4a0d-80bf-c07f37034fcb,2.8,5.19,1.15,0.32
instance-6218ff3d-b24b-4692-8c57-c02b70c624a9,19.38,5.19,17.63,0.34
instance-7aa4b25f-6e56-40e0-99e6-2d2420cb0117,2.23,5.19,1.66,0.11
instance-83757f97-ff9d-4e7e-a49a-665e6f1deca3,5.86,5.19,0.91,0.95
instance-9c10ee1f-3168-46df-ba9e-0f85a28b841a,20.43,5.19,17.33,0.6
instance-e1a40eae-f32f-41d7-bb73-93b1d8b4a176,16.11,5.19,12.23,0.75
instance-e32c5fad-c076-4481-bffd-96a9cc4a6899,7.32,5.19,3.13,0.81
instance-0ee02c28-1ec9-4c8e-a443-3ce9aba668bc,14.12,5.18,7.58,1.26
instance-3a18c4ff-2935-4bd6-a841-75ef91b98c55,11.81,5.18,7.63,0.81
instance-52eb3357-7c27-46dd-a907-cbe185fe2191,5.83,5.18,2.57,0.63
instance-c8716dbf-d778-4e9d-8081-8c0b21f2f9c6,8.76,5.18,3.57,1.0
instance-cea2f947-0caa-423c-8471-44213f57bf63,2.14,5.18,1.9,0.05
instance-618205d4-8d2f-420e-8888-3e470038d9da,4.39,5.17,3.76,0.12
instance-68fad262-ba24-4043-81f8-22c3a4cff3ba,0.4,5.17,0.3,0.02
instance-748f53c1-f645-4f24-bb8e-8a9fb92f8664,1.62,5.17,1.28,0.07
instance-86fc7d62-01ff-462b-8790-35d72ee89335,9.88,5.17,8.41,0.28
instance-b2ebb129-4190-4939-a188-51a7de8253c3,3.85,5.17,2.63,0.24
instance-03417050-5a89-4dbc-81d5-cd2ea335abc4,19.54,5.16,4.01,3.01
instance-0b8d5040-a8f2-444d-b8d0-8c256969ce0c,0.17,5.16,0.13,0.01
instance-152199ff-2c39-4441-aed5-c96df1d40d4e,14.78,5.16,13.54,0.24
instance-3c8a6a2f-ccfd-4419-ae6f-6f7d9d5f1610,5.46,5.16,4.19,0.25
instance-3d8a82f5-0d19-4bbf-aa82-b003ac9375ad,39.97,5.16,16.65,4.52
instance-9fb702c9-67d9-46b1-850f-6e8cffceebf3,19.94,5.16,16.91,0.59
instance-a8a495ee-82d1-4f8d-a814-19c862613ee9,3.68,5.16,2.65,0.2
instance-d6363431-c548-49b0-828f-92fe49298a56,3.21,5.16,2.48,0.14
instance-ec14f79a-3b61-45ab-a1d9-5decdbf4e1bf,0.37,5.16,0.3,0.01
instance-fb7ef530-fb50-4351-8938-d445bb720d5e,2.63,5.16,2.2,0.08
instance-864f8286-7d30-4cde-826e-306578e90848,3.56,5.15,3.16,0.08
instance-0891203b-527f-4bdd-96d4-68388148ec84,17.02,5.14,16.01,0.2
instance-0c00046b-fde0-4d54-baa0-33911377512c,8.63,5.14,7.22,0.27
instance-368f3f53-5a5c-4b18-a735-9c7f70eeb718,10.51,5.14,9.27,0.24
instance-441b344c-cbd5-44c4-9204-3cf85d791c04,2.91,5.14,2.37,0.11
instance-4fb879e6-7cd6-4e69-88b1-d4782374122d,4.47,5.14,2.82,0.32
instance-fa1ee1e4-fad7-4a85-b919-8be60efb2549,26.43,5.14,14.04,2.41
instance-fa3a5b44-d003-4270-bb6d-d24fed0332e9,4.82,5.14,3.64,0.23
instance-43377784-c9aa-4a9d-be48-6ff86fef8b49,17.68,5.13,15.66,0.39
instance-44e8049f-1dd1-4a9f-9bc9-e5254276a034,2.64,5.13,2.17,0.09
instance-6e8cf390-435e-46f9-9d63-6fe0aa13bb0c,16.6,5.13,14.19,0.47
instance-78f68cfe-b3c2-4669-a3f0-3e7ae681691a,4.15,5.13,2.27,0.37
instance-7ba67b23-2ed2-4713-92e5-d8ea21207313,12.67,5.13,10.57,0.41
instance-ca3f004b-829d-438a-93e5-d0e8ad4bf336,10.52,5.13,6.62,0.76
instance-d07fb3f8-9769-4a9e-a977-338268e28d8d,2.39,5.13,1.21,0.23
instance-f9a5ff14-d4a5-4e8c-bcfd-6a56f8581267,9.74,5.13,5.45,0.84
instance-084ed5b0-cae1-41f7-bd82-17f369f15876,25.93,5.12,15.18,2.1
instance-49c632d2-06ac-4bb9-9c52-b63508e8efb7,1.36,5.12,0.42,0.18
instance-69bb8a4c-2720-44e3-80c1-5446e3c2d995,2.57,5.12,2.37,0.04
instance-7038e319-9120-408f-aa26-0a1d84bada2f,3.89,5.12,3.46,0.08
instance-828c04b6-c564-4524-ac43-96b09f8a935b,8.94,5.12,7.87,0.21
instance-4cf15765-bd75-473f-9107-23b189c86220,9.29,5.11,1.73,1.48
instance-518070db-b11e-4447-bdb2-c51db31c321a,10.21,5.11,8.72,0.29
instance-6a6984dd-130e-43f2-aa2f-1a850e5c99ee,2.03,5.11,1.72,0.06
instance-882fb0b7-686b-4535-8832-5a8c9290c60e,3.02,5.11,2.61,0.08
instance-a08cb370-ef1a-4644-9a8b-b85c25984429,5.37,5.11,3.43,0.38
instance-c4fd07ae-0dc2-4c00-8b7b-de0b52d3a501,15.46,5.11,13.96,0.29
instance-eccd8554-0c9a-4d42-981f-943eeb47d8b1,2.74,5.11,2.16,0.11
instance-378ac71f-7465-41a9-8b79-dfce27409dc4,17.46,5.1,15.5,0.38
instance-3fcb448f-d09a-4ceb-91d4-753e4974a83a,17.4,5.1,16.19,0.24
instance-bca9a0de-0c04-42b0-a84f-68989850edb4,18.9,5.1,16.49,0.47
instance-d6807e2a-66b1-48d8-932c-d6f4a20ebdb2,2.66,5.1,2.37,0.06
instance-2ee654ab-620e-489b-bf01-849153ead850,3.58,5.09,1.76,0.36
instance-61819323-e80e-4c1a-a77e-7c6a62ebb581,16.16,5.09,3.24,2.54
instance-9f3715c0-b181-485a-8965-3623fd8585de,4.29,5.09,2.54,0.34
instance-e7701d37-4b0a-4a88-961d-3240a7096e15,14.16,5.09,8.89,1.04
instance-eaf75c20-a5ad-4c5d-9b2e-8d691cfe475a,5.97,5.09,2.85,0.61
instance-efa7e17d-f7f9-4984-a766-e7d8b64caf2e,45.08,5.09,18.52,5.22
instance-341ac174-f920-48d6-b0c8-ad176a00f033,17.06,5.08,13.22,0.76
instance-35946e5a-2eb2-40f5-8e3a-8dd531fa6693,9.98,5.08,8.35,0.32
instance-6d0d37ba-10d8-4c07-b9ae-0560866cdcd0,1.86,5.08,1.48,0.08
instance-c72557bb-8b51-4d5d-a860-9bf715522dd8,9.38,5.08,1.95,1.46
instance-d128275a-3a79-4f3d-865d-77393cfbeac6,5.37,5.08,3.27,0.41
instance-e12daea5-ad36-4fb1-9061-09fc2ee5fcb2,15.02,5.08,10.91,0.81
instance-e3ecc8b5-c0e3-4166-b9f5-02f19e32e0cd,4.45,5.08,3.81,0.13
instance-249b921b-6c29-44c2-bb23-568c096ebe1c,3.24,5.07,2.29,0.19
instance-43587b09-d918-4564-8292-8d6087229ce9,2.55,5.07,2.06,0.1
instance-9a378bf1-365a-4166-98e6-a0ef42d6fe04,9.65,5.07,8.28,0.27
instance-ee597c8e-5539-4a89-a613-909f5b2c12ac,0.46,5.07,0.35,0.02
instance-18c0aa83-0484-496a-a861-43a0420659fa,4.31,5.06,3.44,0.17
instance-29a316e6-ed1a-41ec-a8c2-9f2ced2f1a8c,17.66,5.06,15.25,0.48
instance-564d76df-751a-4b29-a646-1ab0520b67d6,16.57,5.06,15.84,0.14
instance-8be1fdb1-8405-459d-815a-7e1cf64e43cd,17.95,5.06,7.45,2.08
instance-d7c11ec7-f8f3-4a3e-a6c4-d5e80a6d4254,10.41,5.06,5.36,1.0
instance-e7c0dca9-a85f-4829-9b9b-8740553b7c70,18.75,5.06,14.2,0.9
instance-1b9a19f4-22e6-4b58-b443-6a6d932ad85c,9.55,5.05,2.09,1.48
instance-339e1a78-648f-47ea-b643-e0343eefbd44,17.86,5.05,16.02,0.36
instance-66fa6468-d3dd-4dc4-9d91-c53df8a8a0d2,2.54,5.05,2.17,0.07
instance-8560ff4a-5e15-4b2d-85a2-de819d22ea02,1.53,5.05,1.32,0.04
instance-d4d4ad65-f323-4a2a-ac8e-9b88292b08af,9.04,5.05,8.15,0.18
instance-f37f5cbe-806e-463c-aa2b-e5d65cbc7e97,52.1,5.05,4.71,9.38
instance-11e1401d-283a-4ea2-a19a-e284026121f1,17.51,5.04,15.91,0.32
instance-2d590453-26c3-49c8-9e8b-6048d00c4c70,5.78,5.04,4.6,0.23
instance-cb74891e-679a-4c7b-a270-38d9041b7885,0.55,5.04,0.5,0.01
instance-f4f02b26-c7ee-4589-aee6-4fa29309b84e,11.57,5.04,2.22,1.85
instance-0948df1b-5105-40b9-83b3-27ce4713b7d3,16.85,5.03,13.96,0.57
instance-2bc084ce-fca9-4026-8115-828dbdb962aa,0.89,5.03,0.63,0.05
instance-4a58e8b3-c3bd-4e27-8564-08b1bcc45e21,12.69,5.03,9.02,0.73
instance-5779e8df-5df5-4f3e-879b-95d33032935c,14.65,5.03,13.47,0.23
instance-57985a91-bc0b-4cad-a3a4-f7bb61eadb31,4.75,5.03,3.38,0.27
instance-7ef02355-1538-4372-822a-0b4b5156b243,40.45,5.03,24.36,3.2
instance-84cc5d89-25bd-4c32-8f86-8572321243a0,15.45,5.03,13.39,0.41
instance-8a27b3c3-1cd6-458e-adb1-56c3cdb4b74b,20.04,5.03,10.74,1.85
instance-90d44d01-362d-4cc8-acf7-ef1f5ac07f00,1.56,5.03,1.27,0.06
instance-ad41bd87-9eed-4e26-aac9-8861986e3e79,1.55,5.03,0.66,0.18
instance-adb099ea-e0b0-4e04-9194-c6de8dc47f5b,10.56,5.03,4.8,1.15
instance-d07bff7a-0972-4529-8a8a-7e9855950b94,2.44,5.03,2.04,0.08
instance-d95bac9f-d970-4aea-ac5c-997bac053024,7.33,5.03,6.88,0.09
instance-4aad9237-217c-4744-a0df-ed19548ca6ca,1.61,5.02,1.27,0.07
instance-663a5032-a0d2-412e-9a3c-b9d4c68899b0,38.87,5.02,8.87,5.98
instance-a4b15c65-e1cf-445f-915b-5b877a16f671,2.43,5.02,1.95,0.1
instance-dd273655-5ff0-4306-a2a8-5fb060248e95,9.31,5.02,7.4,0.38
instance-f185061e-23e3-4a18-80bb-aa49e7348e03,4.98,5.02,3.09,0.38
instance-18e774a7-6b7a-4803-9892-977a1bbc09f9,4.6,5.01,3.62,0.2
instance-24ea0ebb-777a-49a4-a6ea-754243f95bf0,12.27,5.01,5.5,1.35
instance-888e0c06-fa63-4717-abed-be1a0ba88010,0.62,5.01,0.43,0.04
instance-96be615e-e008-4eaf-aedf-3b8ba49872dd,1.6,5.01,1.29,0.06
instance-d8a51884-39a2-4db8-a8b1-cedf29943558,18.93,5.01,3.4,3.1
instance-0669f8e2-c0f2-4e69-ba9c-88e7f263b595,10.12,5.0,1.94,1.64
instance-3b8e1bfb-9b0a-4c84-8da7-4d111b56e556,13.94,5.0,9.11,0.97
instance-419140bf-f538-46af-bc02-acc1c7667461,3.82,5.0,3.28,0.11
instance-c44461b2-2dee-4494-8135-5a37291a4a48,6.98,5.0,4.5,0.5
instance-da91622a-2831-415a-ba92-bad3598e27f3,3.3,5.0,3.09,0.04
instance-02bb43e3-365f-425f-84bf-4bf27371105a,5.48,4.99,3.65,0.37
instance-174f9002-9bb2-42af-802e-593e0d5e368e,20.44,4.99,17.14,0.66
instance-3b38b1a6-cfd4-4d9b-9d93-ecc454da39b2,10.22,4.99,9.35,0.18
instance-4c401cc0-40fe-40a8-aec6-af66ef38fa22,30.97,4.99,8.28,4.55
instance-e3aa13b8-0efa-480f-b3ac-ba13175838df,15.63,4.99,14.07,0.31
instance-73a3fd88-0f7d-4639-89b5-760e339096bd,22.42,4.98,16.93,1.1
instance-84d7dc5e-171b-4332-8b3c-2dc21963c3c4,39.62,4.98,11.55,5.64
instance-c74b0c5e-d402-417d-be56-6244c5198aaa,3.79,4.98,2.46,0.27
instance-f63d0427-27aa-43f4-bb00-0da67ac85fb6,9.02,4.98,6.37,0.53
instance-fbe742de-b223-421a-ac52-6e024cdf2f46,18.28,4.98,15.45,0.57
instance-05a9b5ca-adb9-4216-8c69-eda5d7ab29bd,10.8,4.97,7.23,0.72
instance-12143a3e-0952-4e35-a2f1-2cba4944ce4e,11.07,4.97,6.06,1.01
instance-1972b8dd-11b1-4e28-9e53-51e80b8c3491,5.78,4.97,3.37,0.48
instance-67db87cd-2fb4-46f4-9318-26d0f521e583,19.67,4.97,7.52,2.44
instance-7993e1e9-aecd-4bfb-ac59-05fff3fcd2f5,11.8,4.97,3.55,1.66
instance-8ae5b977-5ded-4a34-97a5-5005d54a0257,4.4,4.97,2.39,0.4
instance-94564de6-2030-4d12-a198-0ad98bfcafd9,9.78,4.97,1.98,1.57
instance-94d61413-9fb1-47af-8526-bd2beca70953,37.88,4.97,12.53,5.1
instance-a7ea5e6a-7f91-40d6-ab66-00c6b915b636,19.83,4.97,15.74,0.82
instance-d2daf70e-c0d6-46cb-899c-44ec2a54dd21,4.92,4.97,3.47,0.29
instance-e1c32690-06dc-474d-82c9-38bfbd9e0f8f,40.94,4.97,6.85,6.85
instance-188a78c6-92f5-48eb-b349-5c8f479d4eb0,8.25,4.96,2.93,1.07
instance-203dcfc5-e524-4b7e-90d2-ac7cc7fe5a3e,5.42,4.96,3.02,0.48
instance-2b4ac037-6aa2-4556-a79e-62d98f08598e,89.47,4.96,10.67,15.9
instance-7801f9d6-c7f4-4e95-b15f-75fb36b9756c,0.92,4.96,0.72,0.04
instance-adc3ae0e-e52e-40ee-8c63-8229f56dce1b,9.69,4.96,8.2,0.3
instance-bad6dfd6-4627-47e1-a6fe-23a31c2ced89,14.71,4.96,8.07,1.34
instance-bbc86104-2373-4215-8a32-0b541aacd3c7,13.56,4.96,12.31,0.25
instance-bd1a4f05-01ec-4905-b670-f08eff4977c4,4.39,4.96,4.03,0.07
instance-21db8059-0513-402e-b7c4-917cc2e2f159,7.4,4.95,4.08,0.67
instance-2aaa5e6c-1418-4d0f-bad7-153cf5e79319,1.95,4.95,1.49,0.09
instance-4cf299df-d92c-4664-adeb-9af742822641,10.0,4.95,8.79,0.24
instance-661e9da5-1520-4f1e-bf05-f27e238dd024,1.84,4.95,1.39,0.09
instance-734fed59-8902-4869-b87e-5bd17892afee,6.45,4.95,4.82,0.33
instance-f79f0a5d-13e8-4516-b5de-1e5db6c69199,8.48,4.95,3.22,1.06
instance-18ab6040-b51e-4c9d-962d-289906173bba,1.49,4.94,1.06,0.09
instance-51f635fe-2728-4594-9d6e-88b105f87973,9.7,4.94,3.76,1.2
instance-bdf0b369-6902-488a-8195-635dc9f9229e,20.21,4.94,16.87,0.68
instance-ea11d2ab-4347-438c-8869-5df86a639101,20.45,4.94,17.06,0.69
instance-f6303cbf-ae71-417d-9c17-2dd8c13f96ff,4.6,4.94,2.75,0.37
instance-37cf2fdf-7085-4798-8aa0-5eaf0b3fd207,3.48,4.93,3.16,0.07
instance-384e08e5-d6d0-4274-a31b-29444d4361ce,17.17,4.93,5.52,2.36
instance-9bdee53a-8661-44a1-9e0d-482665ae6762,6.89,4.93,5.76,0.23
instance-a08fb5b8-f7bc-42c6-8678-3c5672313213,2.73,4.93,2.21,0.11
instance-a15c8df5-4648-44ed-bd0b-76e0d8752f23,5.97,4.93,2.65,0.67
instance-c70a3e97-1cca-4570-8363-8d6c66cd741f,5.71,4.93,1.88,0.78
instance-eec89b66-2a71-46f8-af69-f77892b3bff4,20.22,4.93,17.42,0.57
instance-1483f1d8-6218-495d-8551-9348394bd5a2,3.95,4.92,1.72,0.45
instance-1837946d-98b2-475b-950d-738ffb58bdf6,5.13,4.92,3.06,0.42
instance-1968bf92-fe3f-4c23-b527-bd3036c87edc,3.56,4.92,2.47,0.22
instance-6eccde4a-5bc6-42ec-bef6-47bfb610ad96,4.74,4.92,3.18,0.32
instance-9446ee7c-9e82-420d-abc3-aa682ac75756,19.66,4.92,5.53,2.87
instance-a2c0e80b-6dfe-47aa-9e6a-42ed3ff4c863,9.06,4.92,3.92,1.04
instance-fa613bd0-02c3-46dd-9550-b4ecffb7476a,0.4,4.92,0.21,0.04
instance-121e1944-6ba3-40df-be37-571ad7eb2791,19.79,4.91,16.55,0.66
instance-2db0b68b-b0d5-49f0-8f2f-c30e0ce0c084,3.67,4.91,2.72,0.19
instance-87762245-5d5f-482b-b483-7d4240e285af,8.42,4.91,4.02,0.9
instance-c774bf25-1282-4a05-8e5b-8e57210f5f11,7.66,4.91,6.85,0.16
instance-dc638fd2-0602-4268-8bd0-7e14e73b0d87,0.52,4.91,0.45,0.01
instance-dc68ed9b-8470-4e31-8da2-e4cac0180a45,16.39,4.91,14.61,0.36
instance-ef8b7758-5d94-4a88-9bbd-ef7f4ea8e8c3,4.35,4.91,2.66,0.34
instance-0fb2f5e1-f365-4914-ba97-c4d4e2b55335,4.48,4.9,3.24,0.25
instance-12c8c9d3-c111-440c-afcc-6cfedc927f04,5.93,4.9,4.82,0.23
instance-3d457b28-9d24-4853-b573-20ac2c88f627,11.14,4.9,3.28,1.6
instance-44061a53-ca45-4120-8f20-c29a286c34f8,4.13,4.9,2.67,0.3
instance-7099b15e-ed16-41c6-94c8-954fa3ada490,4.95,4.9,1.96,0.61
instance-7e5101ab-d58a-47aa-9b17-24052691fa52,4.88,4.9,3.94,0.19
instance-7e82b60d-5eae-41c4-843c-6ec702118834,2.21,4.9,1.79,0.09
instance-fdec6787-8775-4d7b-b63d-012cb632b4bf,15.04,4.9,10.24,0.98
instance-1d01aa1c-c2ec-474c-8ae2-7ca530c71f2a,3.23,4.89,2.46,0.16
instance-34f178ed-1ad0-4fb4-baf8-d94983904176,2.24,4.89,1.78,0.09
instance-67a66738-0593-4844-b6d0-d2264c3bcef4,11.77,4.89,10.91,0.18
instance-6d141139-0226-4de0-8381-dfa49a446e01,3.3,4.89,2.43,0.18
instance-ac76743a-0c98-4811-a465-ac9e7f28d4d0,9.68,4.89,1.94,1.58
instance-c84d4a3e-d2c4-4558-83c3-ea121a42da19,4.73,4.89,2.87,0.38
instance-6bdba0a6-b851-47f8-94be-2217d4f22122,4.46,4.88,2.96,0.31
instance-9cfc1676-1727-40fb-92a2-df01d6e195fa,3.6,4.88,2.49,0.23
instance-bca875e9-e0ed-4b0e-a5da-a503fcc30f4a,10.2,4.88,8.73,0.3
instance-bd014fc9-f543-42cc-84cf-60ae882b95d0,6.38,4.88,5.47,0.19
instance-da63adab-6706-4e38-8160-df16ecf1c625,23.38,4.88,11.34,2.47
instance-06472334-f153-4afa-baea-5ba71a8516bb,9.6,4.87,8.47,0.23
instance-1d843aad-a789-4ea7-a4a6-43bad59a7e75,4.64,4.87,3.85,0.16
instance-36f2c8f8-eaa9-4a6a-a110-43e220252471,2.37,4.87,1.96,0.08
instance-6775efbc-f907-4834-9441-1f18c18e8206,6.31,4.87,3.04,0.67
instance-7de5e013-b27c-4e0d-8178-29bb1bd074bb,9.83,4.87,8.51,0.27
instance-8e5cfa7f-4523-4d11-8cab-fd5cf9f95e9b,8.8,4.87,8.02,0.16
instance-c5c36635-935e-4b38-99f0-d38f480428ca,1.64,4.87,1.38,0.05
instance-f0908e95-3ab0-43c4-aaf7-464e44cae6f0,9.09,4.87,4.07,1.03
instance-f23395a6-1521-4a73-97cc-b605b8bf4345,19.91,4.87,4.1,3.25
instance-fd8172bc-73e8-4d8b-bc5b-6f8035fe06c0,2.49,4.87,1.95,0.11
instance-17265187-f4d1-4680-908e-559718f202b3,6.02,4.86,3.57,0.5
instance-18feb415-5ac1-411e-8835-eb5e29bc633a,15.01,4.86,13.59,0.29
instance-209ef937-6043-4245-8849-f9602749848b,3.65,4.86,3.29,0.07
instance-39a86959-90ec-45df-8bf0-e99fe1d6e3e6,5.62,4.86,2.52,0.64
instance-748006b5-1a4e-4e92-9af2-47ad8c9e8e48,34.03,4.86,14.08,4.11
instance-bf743269-5d99-4620-8bc8-6d809a87ba10,16.7,4.86,15.58,0.23
instance-dd3d31fe-9c63-444b-97f1-94941c07cc98,4.12,4.86,2.87,0.26
instance-eb6f81b9-2ac2-4f7b-bbdb-a41311bffad8,4.8,4.86,2.24,0.53
instance-f2a890de-c108-4bf4-9bcd-9c965f81fb32,16.9,4.86,13.41,0.72
instance-f4a75267-727b-4dba-88d4-5a9526477e5e,12.72,4.86,7.79,1.01
instance-1b4f4b63-92d8-4590-9b5d-ed79bf4205f0,18.86,4.85,16.21,0.55
instance-234c5c14-777e-4652-94e3-e1e3d7ddfc09,3.66,4.85,3.28,0.08
instance-55430a7c-5088-41e2-a825-cda86832f82b,4.63,4.85,3.5,0.23
instance-5a9b4d79-5d45-4334-819c-959b2e67158c,5.72,4.85,4.43,0.27
instance-a5ac4984-04b8-456d-aacc-4dc79881ec3b,3.5,4.85,1.99,0.31
instance-b1da2728-0707-44ce-95ae-8f292ae5c507,11.87,4.85,3.63,1.7
instance-d04bd978-e94c-4cdf-99c7-2b035e9509c3,4.87,4.85,3.02,0.38
instance-d12e7d79-2171-42c3-bf68-85aefd5dd4e4,3.37,4.85,2.34,0.21
instance-d7375869-c0e5-470c-b4bb-6bd3780c206a,2.25,4.85,1.55,0.14
instance-034240b1-47c0-41fc-ace5-c1b6ec12e01c,13.2,4.84,4.79,1.74
instance-13d1ee4a-f9e2-4109-877f-d7c39aba8028,11.16,4.84,8.98,0.45
instance-1dfa4584-9cf2-46f4-8b8c-f7695388379b,2.15,4.84,1.86,0.06
instance-78a92ade-681a-4c04-a8ea-6f595c446da4,4.68,4.84,2.48,0.45
instance-a1c09511-95ff-4fd7-b0ec-a71946044eef,11.2,4.84,7.78,0.71
instance-c97355be-152f-4b94-be80-f03e56bad39c,4.03,4.84,2.29,0.36
instance-def76789-dc9b-4fc7-8caf-9a54142e6a86,1.64,4.84,1.31,0.07
instance-dfc3aec2-c1f6-4496-932c-a4de2b9b0fbf,20.03,4.84,17.6,0.5
instance-0233f4e0-9382-4f3e-828d-730069d5493d,10.07,4.83,5.65,0.91
instance-1a2d54a0-13a6-450e-88b9-6765d2c8a482,18.96,4.83,17.28,0.35
instance-698ef1fb-198b-43c3-a651-39771ea00023,0.94,4.83,0.55,0.08
instance-72409c54-ec80-493f-a1fe-a4a5b90b4cff,10.65,4.82,6.57,0.85
instance-8baf9a56-d87f-4511-a15f-e09d7793acc3,15.89,4.82,8.07,1.62
instance-92baa9d7-b99b-4630-b3e5-c2ace958a006,18.81,4.82,3.67,3.14
instance-a0473bc0-d64a-4deb-95b5-98ea00f91cfb,29.32,4.82,19.8,1.97
instance-b3000011-5ef3-4650-953f-fb6573dadd97,3.54,4.82,2.73,0.17
instance-1e7d093f-1342-495b-b596-bbceefd30cb5,85.56,4.81,17.72,14.09
instance-2d183a39-7309-4cda-a3ca-d5bf7f419d92,4.65,4.81,2.48,0.45
instance-415f5986-66b4-4024-b5cf-576b8eb0e62c,4.39,4.81,3.64,0.15
instance-4a9e286e-ec77-4ac0-b4d8-576353125af0,4.34,4.81,2.44,0.4
instance-6530c5ae-94aa-4892-939f-4f1e49c4e857,7.84,4.81,4.9,0.61
instance-7108f14c-2cb6-45a6-b341-f47f70e09405,7.02,4.81,5.9,0.23
instance-a437ff0c-56ee-49a4-8c4a-a94827595fe0,20.31,4.81,16.41,0.81
instance-aeee5f26-f0d4-4528-86db-8be5780f2a18,9.49,4.81,8.59,0.19
instance-af67d1ab-c631-4c5e-ade3-c85e14453dae,16.71,4.81,3.54,2.74
instance-e91c0be7-5975-48ad-9340-4933e455380b,10.87,4.81,4.55,1.31
instance-0fd96e0f-31d5-4311-80d7-d19dcb6fe9f4,17.43,4.8,2.8,3.05
instance-4d11969b-df8a-4a2a-afb2-a00cf97bcb41,2.57,4.8,1.39,0.25
instance-71b09f05-723c-47ff-ba8e-2420964aea84,0.19,4.8,0.18,0.0
instance-7531eac1-1c81-45a3-9fc1-e28fa71bf068,59.06,4.8,18.52,8.45
instance-7f1c686a-9c8d-47cc-bb73-eb144a2ec54c,6.91,4.8,5.76,0.24
instance-9b04aee3-f05c-4c3a-8526-984a107447ae,1.1,4.8,0.99,0.02
instance-9bf58e06-9c1d-48a6-a3b2-2d847f1bdf96,1.09,4.8,0.89,0.04
instance-a172e860-efb5-4a33-9e36-b23809527e20,20.2,4.8,16.25,0.82
instance-a610d06f-9773-41d7-a5ca-8084e7640b59,2.33,4.8,2.06,0.06
instance-c81e363d-b305-4e9b-8b8d-8925cdf84da6,0.16,4.8,0.15,0.0
instance-cf08bb56-4703-4059-b772-6001713e6374,10.32,4.8,4.94,1.12
instance-ebb6973e-a549-406a-b0a1-5fa4e00ac26f,20.63,4.8,15.21,1.13
instance-ef709438-51ac-4137-9a09-1e6803e12410,11.69,4.8,5.74,1.24
instance-f01c3a69-8f5e-4252-b4d6-3e975d8a35f4,4.79,4.8,2.61,0.45
instance-ff41831a-5287-4276-b925-58e55947d3d6,2.67,4.8,2.22,0.09
instance-190ea766-cc4f-4088-8a12-a3cb4cb6aa5f,2.45,4.79,2.25,0.04
instance-1d6b988f-c92c-418d-85cf-6e9c630f16e3,0.83,4.79,0.62,0.04
instance-3af960a9-9a90-4bf5-8bc1-6903a69b399b,5.01,4.79,4.15,0.18
instance-3b9cb262-e56c-4324-87c1-11e2bdb5153f,19.56,4.79,16.3,0.68
instance-47aaf9a2-ada7-4ae3-8077-b764b1a1900e,10.27,4.79,2.38,1.65
instance-5bc6ef99-c274-4a3a-b2b5-23b279def687,3.55,4.79,2.43,0.23
instance-84c06bbb-8666-4b05-b64f-00b9e33b8d6c,8.42,4.79,5.34,0.64
instance-c43f4fa7-4cb6-45cf-bb78-e1fb2b39406e,26.28,4.79,13.62,2.64
instance-57fedc11-7800-4100-97fb-690b0ab08f44,1.48,4.78,1.24,0.05
instance-b4156986-2458-4564-bbfe-f4ade85c0ca8,17.4,4.78,15.79,0.34
instance-cd8379a8-6a63-4965-b69f-8b00750a6566,6.1,4.78,4.44,0.35
instance-df51f0ea-4ce4-405f-845e-1cb6a2d31258,1.46,4.78,1.13,0.07
instance-29d4257d-f2fd-412c-9217-1739cc9958c8,6.08,4.77,3.89,0.46
instance-819a8265-0328-4b3d-9453-44fcd942cb29,14.49,4.77,13.5,0.21
instance-82dcdc37-84de-4f15-bc80-f946da8b43fe,9.72,4.77,7.26,0.51
instance-8b16edd7-7147-4830-ab9f-4c813802ff99,7.67,4.77,6.13,0.32
instance-8f6e07ae-5073-4e67-bf52-77c5878a2f0f,2.73,4.77,2.13,0.13
instance-99222e0b-9e0d-4e33-b416-62c1f966b5be,3.8,4.77,3.1,0.15
instance-290dafdf-db4e-4953-be8f-1a4ae0ae42f4,1.6,4.76,1.25,0.07
instance-3bf997f8-2550-4cb1-9c3e-74932cb41398,19.26,4.76,11.0,1.73
instance-99116eb5-8077-4609-beba-1d9a021aeaff,3.2,4.76,2.91,0.06
instance-b7aa560c-57ef-4b14-a824-493c8cce113a,19.34,4.76,16.76,0.54
instance-5a8e2ee0-7ae0-430b-af23-b8060e4b9a69,3.89,4.75,2.53,0.29
instance-6f02266d-e02c-4801-91cb-f4a3942c2e04,4.47,4.75,3.64,0.17
instance-8f6cca5a-e660-4426-aac5-158f165eeab5,9.83,4.75,8.4,0.3
instance-b7ffad70-4b33-4c0c-9dc4-bdc43f5b46f8,3.64,4.75,2.34,0.27
instance-c3403cc6-6160-4739-9281-8b306300c1cd,7.42,4.75,4.15,0.69
instance-e692844b-3eec-45e4-9eca-3e61c89eccde,17.33,4.75,15.74,0.34
instance-f5c1b536-0d60-4294-aa4c-c30b97dbc6a1,14.12,4.75,12.44,0.35
instance-1055fc00-19c0-4d07-9539-d5d4809dc4e0,2.73,4.74,1.38,0.29
instance-2d57e4e1-82c2-46d1-89cd-7301aed10185,10.91,4.74,9.02,0.4
instance-741d6718-0c26-446d-a3c3-fde5137a8f15,13.12,4.74,12.01,0.23
instance-93fa5e51-f3bb-48a3-ad9b-bb8502f0a498,7.0,4.74,6.46,0.11
instance-a4db6715-0140-473c-a57d-a8ccd825034f,10.5,4.74,9.12,0.29
instance-339c0bfc-5f0a-406b-ad1c-ea8e0e736938,4.29,4.73,2.98,0.28
instance-5ccc5497-fa00-43b2-8792-f600556d6b1f,0.53,4.73,0.47,0.01
instance-6c061fbc-2510-4628-86df-941613f34ba2,1.55,4.73,1.22,0.07
instance-b5d17e5e-a704-46d3-acfe-75213da0a028,17.41,4.73,16.42,0.21
instance-befd3da4-be4e-4e0c-9070-214997c6b4c3,8.71,4.73,7.82,0.19
instance-cc103ad2-9ace-4622-b3bc-25ecf1a312bc,4.72,4.73,2.39,0.49
instance-e46bdf68-71df-4265-82ef-8ff428cca77c,20.07,4.73,3.36,3.53
instance-04069b56-7578-4a18-adcf-528084f06fe0,17.39,4.72,15.96,0.3
instance-1b5756d3-6113-4e14-a3b7-3672df664506,30.46,4.72,23.98,1.37
instance-1b7a01bc-bc05-4f74-bc01-4d4a062f43e8,15.69,4.72,13.87,0.39
instance-56a25eaf-50fc-468c-ad0b-8f751ef29521,41.13,4.72,23.49,3.74
instance-9d82c90a-3e62-4f37-bb5c-2ab4f9e1ab5a,18.83,4.72,17.16,0.35
instance-bc804219-e080-4f4e-ae8b-619b7a051a63,9.1,4.72,8.35,0.16
instance-eb8dc4d8-b02d-4176-92d8-ceecee2dcecc,2.99,4.72,2.61,0.08
instance-52198cac-fcbd-4a4d-92df-07c2b9f05131,12.0,4.71,8.52,0.74
instance-748a9bf7-b03c-4b6a-95df-febb9fa23022,3.91,4.71,2.79,0.24
instance-7df6ded8-68ea-467e-beff-ff9dc93316b3,3.08,4.71,2.82,0.05
instance-ee2b24f5-5a8a-432b-9095-77d2152f7a39,9.11,4.71,8.16,0.2
instance-0eb46e8f-08d0-4d99-847c-e7fb8ccac5c4,12.91,4.7,7.85,1.08
instance-1d5aa664-b6be-4270-b92a-cdd45caa2373,12.9,4.7,11.72,0.25
instance-4d2a3bfb-8238-417d-8762-9f4a5077779b,3.83,4.7,3.41,0.09
instance-5aa5a764-7aa2-4def-b9e4-0be9855d538c,29.11,4.7,7.55,4.59
instance-91e47fc2-2388-4758-8e75-b8e2955be721,2.59,4.7,2.1,0.1
instance-ad6ae9b0-3ca0-4522-b828-af601bead41f,4.69,4.7,4.47,0.05
instance-c8bc42c8-537d-484a-a2cd-1a048d1ea331,11.83,4.7,10.86,0.21
instance-e818c8ec-f657-4753-a320-03625b2ec4f2,12.69,4.7,11.82,0.18
instance-ec84aa96-8e9a-4066-900a-30e6756d8dd2,16.55,4.7,14.61,0.41
instance-0d7566c0-e237-4fd3-8170-1c6b18f2daa7,17.39,4.69,16.09,0.28
instance-0ef3c654-a269-4368-8e96-9d7f9a9651e7,3.55,4.69,2.43,0.24
instance-3141e8c9-675e-45fc-9c26-4a9977b57e9a,6.4,4.69,2.27,0.88
instance-84e3c591-9b0b-4803-8a51-ac63e9f474e0,3.48,4.69,2.71,0.16
instance-85a4ada3-08b8-4a4a-bd1d-9ac9ef7d3885,3.7,4.69,1.91,0.38
instance-9bdc7dea-39d5-42fd-8e7e-7356df922b96,3.39,4.69,3.03,0.08
instance-aa6e2f18-162a-469a-bc4e-b30e69d24d84,11.21,4.69,8.59,0.56
instance-d13dfd2b-83b3-41d9-b8b0-2ed713afbe59,3.89,4.69,2.47,0.3
instance-db0a3ba3-75ea-4d87-98cf-71ab299b293c,17.29,4.69,15.84,0.31
instance-e211c6de-4621-4bff-acde-8ff5aa1708d2,2.06,4.69,1.68,0.08
instance-e8d97bac-9a1a-4778-9ac4-74cfaef60b38,9.73,4.69,8.76,0.21
instance-fee3f20e-77de-4d4e-9c05-9708952c4a73,39.97,4.69,21.36,3.97
instance-1c85fbe5-3c60-4701-836c-bc987c0fe7f1,32.57,4.68,27.72,1.04
instance-1d2beee2-7cec-4ee0-b7cf-77e6def5f95d,10.29,4.68,8.94,0.29
instance-41c4037b-6c04-460a-bfc4-da7b01ee1072,20.44,4.68,18.17,0.49
instance-6ba044c1-38c0-41c7-b5ee-1d0d9c63367c,16.09,4.68,13.01,0.66
instance-81cd75b6-aed7-4983-ac42-2f5cf73dde57,3.51,4.68,2.44,0.23
instance-96d1350b-3889-4995-921a-fb2ff33d8cca,3.98,4.68,2.57,0.3
instance-db1a4aa3-0e3e-4e2b-ac80-74e50a88690b,4.57,4.68,3.74,0.18
instance-559f4b3e-b88c-4fb0-b68c-f9ac34bbdeb8,16.03,4.67,12.51,0.75
instance-77ebdb0e-b6f9-4faa-aa34-16982da6ed3f,3.03,4.67,2.38,0.14
instance-92d94a0b-99ac-4229-9d72-a285641c3a7b,9.13,4.67,7.31,0.39
instance-ab43b059-2e61-455b-945d-de5f070f1302,17.28,4.67,15.79,0.32
instance-d73d7b4f-a38d-40b1-9b43-af22994af8e6,10.66,4.67,8.42,0.48
instance-fd0d4078-266a-4aca-b2aa-d23886dc46f2,3.06,4.67,2.62,0.09
instance-028ae7a9-617d-4371-aab8-56bbfc0c61f4,35.55,4.66,29.04,1.4
instance-17bbcb0a-da05-4a7d-9595-fc5c0cbaf791,4.74,4.66,4.52,0.05
instance-18041008-da2a-483d-ab42-b0ae9d49e12b,14.4,4.66,11.95,0.52
instance-34a6145f-1155-47bd-9fab-ca954ae7db84,0.74,4.66,0.62,0.03
instance-41564f73-e88e-4163-b864-900318ab516b,3.86,4.66,2.57,0.28
instance-47f1b516-dcdd-4512-8b0c-4751fe79ee9a,16.29,4.66,14.56,0.37
instance-6f77829a-d240-4f72-936c-f1198b617ee4,3.2,4.66,2.68,0.11
instance-bf6d7ffa-b1b0-4507-a686-4fcd88c026ae,19.16,4.66,3.15,3.44
instance-c51af9f3-276a-4399-8f6f-17209a2a5646,6.12,4.66,2.95,0.68
instance-e2f4f463-f4d0-48b0-852e-cab8a98f0037,35.13,4.66,5.36,6.38
instance-04bdaff9-dbde-463d-9e0f-fe7696d0be04,0.54,4.65,0.5,0.01
instance-15991a1c-8f50-44e8-bc6a-eea8e00339af,5.92,4.65,3.27,0.57
instance-4fa52db6-8047-49a5-8ea2-5323cd211541,7.21,4.65,2.49,1.02
instance-7a98bb99-ab0c-49da-b5ac-f6ed7f83af85,81.77,4.65,13.74,14.63
instance-9a79ba33-286e-4a11-a535-318a62fd833d,22.77,4.65,20.54,0.48
instance-ac4870a5-f194-4f25-9939-f9bb4e214581,9.29,4.65,2.04,1.56
instance-c4601610-e027-4d13-b413-3e7f86b55d74,5.68,4.65,2.71,0.64
instance-cbda2c34-3e56-4c2e-aaf1-62e0db5bd5f2,10.3,4.65,3.12,1.54
instance-d9f6f898-26b1-4b7e-ad47-66686ee81b7c,19.41,4.65,17.33,0.45
instance-ef7c9731-8649-41cc-a028-a0b530dd1162,1.23,4.65,1.11,0.03
instance-0fd628ae-3dda-44d6-a073-39839df3c846,12.54,4.64,8.58,0.85
instance-2eeb9e77-231b-4e82-a33c-7570c317ba8a,10.17,4.64,3.11,1.52
instance-3c19bf09-5a58-4acf-834e-f27ad9826e37,17.24,4.64,15.72,0.33
instance-40593c8f-4608-43b6-ba6c-0fc93d3963f2,2.86,4.64,2.11,0.16
instance-51aef469-e339-4e67-8dad-bf8951502058,24.68,4.64,7.04,3.8
instance-741fe467-6dd4-445c-9f9f-796317ba925e,1.99,4.64,1.61,0.08
instance-a3d681b9-1edb-47c7-a928-dc258cddb4e6,4.17,4.64,2.89,0.28
instance-b8c95e6c-b1f1-4357-a7f1-5417f0fcd6a0,3.68,4.64,2.8,0.19
instance-d806a888-38c4-43d7-8848-de25e12a7e76,5.68,4.64,1.55,0.89
instance-0f8b53cf-f676-40da-9df8-cad7c7665e62,8.31,4.63,2.71,1.21
instance-61835bca-3ef2-4a38-bda6-58ad87039747,6.76,4.63,1.13,1.22
instance-7def1dee-28f2-4f07-8603-643ac48e3110,13.12,4.63,8.11,1.08
instance-8b12a2a1-27e3-4e9f-b984-29cfa2fc9500,3.34,4.63,2.13,0.26
instance-ae071b91-39fc-406f-8038-a791993e1fb0,15.59,4.63,13.18,0.52
instance-b394e799-8084-4d0c-82ff-253605b41b47,17.69,4.63,4.37,2.88
instance-c213d6d6-d362-4f33-ba3d-3a0e22a7d7bf,4.38,4.63,4.04,0.07
instance-1d3cb4e6-16be-40a5-8384-579d42116701,0.57,4.62,0.52,0.01
instance-24680af3-245b-4f84-a9b1-38571f3d3280,9.06,4.62,7.29,0.38
instance-2afcc353-a26b-4849-96f9-65ae2c05725f,10.03,4.62,8.38,0.36
instance-3382b70a-de89-4b6f-82a6-f28a66a388a7,6.35,4.62,3.07,0.71
instance-345fa390-ef47-443f-93ac-50b36969dcd1,12.24,4.62,9.82,0.52
instance-5e3ce988-92ad-489f-838b-6f1926a6c713,20.47,4.62,11.1,2.03
instance-696da2d9-b638-42fe-b47a-a555298fdb31,13.97,4.62,7.12,1.48
instance-6d70b8d0-1505-4916-a525-81a9a2df6f7c,44.06,4.62,24.01,4.34
instance-7aa47bf0-f2ad-44d2-b7b1-706d3046030d,18.57,4.62,7.07,2.49
instance-96244097-bec4-4b1e-b58f-7627d48e00a9,42.96,4.62,21.75,4.59
instance-98f86e57-8763-4092-b363-a34952d721e2,2.76,4.62,2.28,0.1
instance-a354cd74-afe9-49ed-b0c5-7f89b8a445f0,2.1,4.62,1.97,0.03
instance-bdedb4d2-857a-4104-b317-476d13f71ef2,4.97,4.62,4.11,0.19
instance-c142b48b-d32f-4276-a2cf-37fdad09cbd7,18.07,4.62,8.13,2.15
instance-c18fa3fe-53ce-4f75-aa64-7b32cb6fca64,1.48,4.62,1.32,0.04
instance-eccd064f-078c-4f0c-86c3-207bf154617e,14.74,4.62,8.36,1.38
instance-0ac2a0ba-2240-41d8-aee6-22d49dcc76f0,3.98,4.61,2.18,0.39
instance-3033d5ca-a7aa-4b85-8d5e-91260e296900,5.72,4.61,4.62,0.24
instance-3ea4351c-9d16-4821-b9b8-32bcaa277b7d,12.43,4.61,11.22,0.26
instance-60c53432-3b2d-4c4f-afc4-1dbe248713bb,17.21,4.61,15.41,0.39
instance-667c07db-5d16-470a-9b19-f83c3b35d8f5,13.46,4.61,12.82,0.14
instance-bc92ece0-12c6-49d1-9262-0b9db0c7e0c2,0.39,4.61,0.31,0.02
instance-d58ef4fa-04df-4c6c-971c-ec2e9fcc882e,4.72,4.61,4.24,0.1
instance-d64aba46-b476-404b-80e2-e1c36cec9c4a,8.27,4.61,1.84,1.4
instance-de7933a4-52ff-4e89-9f20-f955cf20efaf,3.78,4.61,2.56,0.26
instance-294d4df1-57e0-4a7d-b52f-25733a0d2019,4.14,4.6,3.05,0.24
instance-3f8a6d46-c67d-4ebc-9744-95355a15070d,6.63,4.6,6.12,0.11
instance-5118ba34-be1a-422f-aa78-e849f441e737,1.45,4.6,1.2,0.06
instance-7fc09287-01a5-416e-b7ed-d1b30afecf85,16.98,4.6,15.87,0.24
instance-978348f4-087b-46c4-acea-273056ff709a,7.07,4.6,4.58,0.54
instance-b9ac7a8c-2952-4dc6-a428-cfea65328a66,5.38,4.6,3.4,0.43
instance-d70be8a5-f3a7-4111-a3ca-7b03397907f5,3.45,4.6,2.29,0.25
instance-e4b0b3b9-0f9b-43ff-870c-1f1ba15574dd,10.33,4.6,8.26,0.45
instance-f3e40edf-c175-432b-adbd-f827d18f9725,7.55,4.6,3.02,0.98
instance-06819d9f-f1b6-4893-8c74-0538f999bb98,4.07,4.59,2.73,0.29
instance-4d459409-c067-4f5d-89ef-7ce5654525ca,9.67,4.59,8.61,0.23
instance-890bdfe1-add4-4879-8304-f442e198b8a4,48.48,4.59,18.36,6.56
instance-8b5f3260-c87e-40a1-9f04-d98780bd87dc,7.74,4.59,6.89,0.18
instance-949eae48-34bc-478b-bab6-ee23f59dd3c4,13.76,4.59,6.05,1.68
instance-b78315a2-3274-40ce-9a8d-e2f1bdb47f37,5.09,4.59,1.05,0.88
instance-c16c762c-cf20-45e7-bd51-87db178d5e66,2.12,4.59,1.97,0.03
instance-c7d1bca4-591e-48d7-bcdf-a990a79eb916,14.83,4.59,9.18,1.23
instance-cfdb1593-248f-41f5-9ce0-7f48e50cb168,11.99,4.59,4.94,1.54
instance-d24d8a03-9d32-41ad-ae9a-897f9880b25d,13.12,4.59,7.85,1.15
instance-faebbb50-8e18-4b39-a3e3-f9cc5b2949e2,11.83,4.59,3.29,1.86
instance-fcfe9d2b-28b0-4c40-920f-3bd562b0c297,20.98,4.59,18.24,0.6
instance-0036ea29-9f5d-4dae-ab39-52ec48a1af52,15.86,4.58,5.99,2.15
instance-02f3e217-fe43-4af7-91ee-9985ecf2c9d1,7.8,4.58,4.34,0.75
instance-07c89655-a83b-4e64-bf43-7bdc256a4a0c,11.67,4.58,10.91,0.17
instance-0e53a6f7-ad2b-4313-b999-4eb32587f702,60.55,4.58,6.05,11.9
instance-13ba0eaa-1db9-4dd3-a434-1b1553d68d7f,13.14,4.58,4.12,1.97
instance-29532249-5948-4d8c-8e9e-976e7c2c04db,6.03,4.58,5.34,0.15
instance-7ea9f7a6-e770-4794-8396-495e05157a1d,11.99,4.58,10.47,0.33
instance-981e398b-955b-4ed7-94c0-7d6171a800a5,2.51,4.58,2.3,0.05
instance-ce5fb9c9-9c27-42ae-8b6d-9e0868348e44,17.68,4.58,16.11,0.34
instance-58ea053b-0a8b-496a-94fc-4fd04766351d,17.57,4.57,12.39,1.13
instance-9a09c8e8-a339-42cb-9e97-1868667789c2,4.83,4.57,3.45,0.3
instance-9a417083-7102-491f-8da2-ff1b6f1fa935,18.25,4.57,3.72,3.18
instance-bc8eada9-a9d1-4c84-b737-7ef048e428f2,4.19,4.57,3.46,0.16
instance-d351b5a1-fabf-40c9-b6e2-6960d851eaa0,17.65,4.57,3.35,3.12
instance-e683a75d-2797-492a-921f-5dfbd023565d,2.91,4.57,2.51,0.09
instance-fa2bbee0-ce15-49f7-82f4-eb408ff24fe7,4.59,4.57,3.95,0.14
instance-05d474aa-b03f-465e-9244-18b580374d57,4.12,4.56,3.8,0.07
instance-0c99fa36-8c48-4a2e-a413-605ba00b528d,8.48,4.56,6.55,0.42
instance-0fb23827-f4c2-46a5-8320-59e8543c137c,17.16,4.56,15.68,0.32
instance-52096a75-f322-42a1-9efe-52ff8c3c30a2,0.47,4.56,0.4,0.02
instance-665410c8-2e31-4f3e-baad-44ff81edc49b,2.07,4.56,1.55,0.11
instance-9aa4cd17-a973-407f-a79b-e45fb131e7dc,2.16,4.56,1.61,0.12
instance-ad03e124-322d-434a-aa24-f5abd9463c07,9.59,4.56,8.57,0.22
instance-b0700200-27df-4854-b69c-d9176c2932e4,8.98,4.56,1.85,1.56
instance-201bf1c6-e795-4f35-807a-c74d5752ebd6,1.84,4.55,1.53,0.07
instance-27d2c1dd-d241-4982-826f-83e87ae25d24,30.34,4.55,16.07,3.14
instance-3645f52e-f5f6-4e77-a2d5-5fca61627d96,3.74,4.55,2.6,0.25
instance-7a313c1a-6096-4d8e-873a-e34fe645c643,8.33,4.55,4.35,0.87
instance-81c8b91e-f1cc-44c0-8990-b90ba8ac4819,7.52,4.55,5.38,0.47
instance-07f81b56-deb4-4b35-beb5-5ed380eb6b8e,17.24,4.54,15.78,0.32
instance-1740baff-8dd9-4043-8b49-97227b3ce67a,12.39,4.54,4.52,1.73
instance-22c1c286-4ef5-4703-88a6-b6ebc04dd87e,11.73,4.54,10.24,0.33
instance-33473529-ab98-4ba9-87cc-8239922d1429,2.79,4.54,2.23,0.12
instance-4da37712-c908-410d-8a95-6183e5f057af,9.15,4.54,7.9,0.27
instance-70ad8bbd-8102-4ebf-a451-bd974766745f,9.21,4.54,8.35,0.19
instance-7c7799de-ac7a-40f9-bdb3-0bb4655e1767,3.75,4.54,3.35,0.09
instance-9f154569-2abd-400f-b7a5-1f6ce568b09d,1.51,4.54,1.21,0.07
instance-9f6ac520-c2c9-43c2-b67f-29bac6c61d95,1.07,4.54,0.73,0.07
instance-fc6f9675-a9c3-4c11-8900-01c3e493e36e,18.16,4.54,16.39,0.39
instance-fdfafba1-90bd-4ac1-b526-edb742532cb3,3.49,4.54,3.16,0.07
instance-3008f93b-dae8-42e5-b6c7-adb7d7fd53b0,9.43,4.53,2.09,1.62
instance-31c96f12-258f-437c-abdf-3dc6ad9c2606,8.79,4.53,6.94,0.41
instance-4174dfad-90c7-41ae-b7ac-0f428f34dd6e,17.84,4.53,17.05,0.18
instance-b47479c9-d53c-46c1-87dd-c69219843cd4,6.98,4.53,5.21,0.39
instance-f0ba96b6-cc36-4d6a-82ae-58e27e75d7dd,4.15,4.53,2.18,0.43
instance-2a23e20b-8e74-47d9-bc7c-4d5d06b8748b,8.15,4.52,3.05,1.13
instance-356dde08-89b3-4e07-bf6a-722feb0b3ea0,17.93,4.52,16.17,0.39
instance-9cebdad4-1082-41a0-88f5-3dd5f0fe9481,6.07,4.52,4.84,0.27
instance-ea288185-bfbd-4ce4-af28-bc4e5b9e6fd5,3.16,4.52,2.55,0.13
instance-0eff59cc-e019-4179-87c5-a808a0d88a69,6.81,4.51,4.01,0.62
instance-1135ee14-8724-4efe-83f5-040fa2d7f512,11.41,4.51,10.62,0.18
instance-5d590a0d-d22f-4078-8f4b-6387ab334933,5.66,4.51,1.08,1.02
instance-754b1de0-7d35-42b1-8ee6-8c387a83ef99,2.68,4.51,2.3,0.08
instance-98d723e2-6335-4669-9a4f-738741bca84d,1.37,4.51,1.16,0.05
instance-d61738b2-1c81-4ba5-a0bb-7e2a3689bf83,19.08,4.51,13.85,1.16
instance-e755fa8f-f00c-4c3b-a639-73082f86a436,12.89,4.51,7.45,1.21
instance-f9f48906-a626-4549-81a5-98522329916d,3.55,4.51,3.29,0.06
instance-0847a424-7f29-4fd0-8f6c-fb914fd62be4,1.17,4.5,0.83,0.08
instance-1adfbefb-92a1-4fc5-a634-d1206bd1d341,1.89,4.5,1.43,0.1
instance-4c38ddc5-910d-4c1d-a016-f6e39298d95a,3.36,4.5,2.75,0.14
instance-5b711c22-33a5-43ac-9145-03c4241bca74,38.75,4.5,13.46,5.62
instance-5f649ebb-7cf2-4356-b480-d8b31117c88a,15.06,4.5,4.84,2.27
instance-833a38b5-fcff-4496-952f-b5284501e0c8,3.11,4.5,2.73,0.08
instance-833c2f45-cbd8-4063-b873-a9126c8eaadc,11.01,4.5,7.18,0.85
instance-af55f7eb-7e18-44af-866c-6f5847de63cf,17.94,4.5,9.2,1.94
instance-c94603a3-cdca-4046-8a41-967bf5d1cded,17.66,4.5,2.29,3.42
instance-dae00a9f-8f4d-43fe-ab79-3f4099f9e8e3,3.41,4.5,2.76,0.14
instance-50eb9d96-fc37-49f0-ad29-bfab5fc9a5cb,3.56,4.49,2.43,0.25
instance-58d84610-a356-4f4f-8105-b9e9a29f2730,5.23,4.49,1.33,0.87
instance-72ac7870-42d8-4244-9893-457908b945e2,4.24,4.49,2.74,0.33
instance-7b36e159-6fb6-46d7-abe7-2a97ce1de1bb,17.81,4.49,10.54,1.62
instance-7caef3ea-1fee-4ad5-8898-333e0914d0f3,14.93,4.49,9.22,1.27
instance-8e5c683a-ebc1-49ca-98f8-8c139672ab05,5.63,4.49,4.08,0.35
instance-b6f10aa0-c9e7-441e-af54-0087d87ebd54,12.5,4.49,9.0,0.78
instance-f3c33e0a-5614-4cb6-ab2c-eb4bc3158f89,89.7,4.49,13.23,17.05
instance-1bbd2b8d-e2c3-438e-ac12-02319a4e06b6,2.45,4.48,2.06,0.09
instance-23108ced-f8ef-4774-9bdd-95c44671854f,3.72,4.48,2.65,0.24
instance-53709a1d-7117-4274-b5b7-0b9273c297af,11.72,4.48,3.66,1.8
instance-70740156-1cc2-469c-abf8-ebf29425e41c,10.29,4.48,7.85,0.55
instance-c06df4f0-a87a-48cd-9041-bbe0ff8a4856,18.92,4.48,16.54,0.53
instance-f0da81d2-c530-4be1-9425-880e7b7c78db,3.65,4.48,2.26,0.31
instance-facc6176-29ae-42a4-9fde-ddc82a458d94,21.57,4.48,5.27,3.63
instance-fd4a3698-4e37-4177-beee-ae36da47dcf6,17.58,4.48,15.97,0.36
instance-24d02058-64f0-47a3-9b06-7190385afa2b,6.99,4.47,5.89,0.25
instance-74b1a91f-58ba-4475-b3ab-73fcdb8810e0,23.37,4.47,5.43,4.01
instance-74bd42e7-e15f-47ab-aa75-01c86699e1a8,7.9,4.47,7.09,0.18
instance-9628b9a1-a89f-4d01-ae0b-52c4b82c4950,13.8,4.47,7.03,1.51
instance-aa90c771-1757-475c-aeca-e0b78179d10b,40.16,4.47,34.48,1.27
instance-bfd596f9-a449-4407-9ea7-df3974ccb1be,7.39,4.47,6.51,0.2
instance-c0f695b9-d421-4644-ba19-dd6d25dfe0de,3.09,4.47,2.04,0.23
instance-d4cba97d-0ca3-4c2d-8024-4a85cd239202,1.69,4.47,1.46,0.05
instance-db44fd60-9664-4e8f-b93b-4c7880ffe6b8,28.7,4.47,22.19,1.46
instance-ff6fcd50-9401-4c88-b5a8-b99de0c53aac,12.66,4.47,4.02,1.93
instance-2f814511-4fd4-4547-9a6f-0a3bdb8ccbef,3.97,4.46,3.69,0.06
instance-6a2b757b-ba84-4141-b44a-cb99194bfc30,36.4,4.46,27.33,2.03
instance-7b27482f-442a-4cff-b4c9-cf12004f2acd,11.09,4.46,4.21,1.54
instance-8c46a832-4882-4405-a827-463ccd1410fd,1.37,4.46,1.18,0.04
instance-9d2b3bd6-f2ca-4a29-9b36-d75c6a64721f,4.03,4.46,2.93,0.25
instance-ad28e820-1222-45c1-9f56-8ce0f72eae63,17.89,4.46,3.75,3.17
instance-b19623ab-2082-4247-aa58-2c6112753978,5.84,4.46,4.3,0.35
instance-c81335d6-ef44-4e94-942e-9678558bdd80,4.45,4.46,3.76,0.16
instance-d571b593-4731-4a01-b040-292eb3cc8f17,9.94,4.46,9.21,0.16
instance-dd3b1799-6495-4d1a-8418-6a86190fa581,6.45,4.46,3.66,0.63
instance-e5ec2cec-b8bf-437f-8563-d329d92d9aca,21.01,4.46,18.35,0.6
instance-e9b6d8bc-5c15-4868-bd7b-912096ce1b11,10.01,4.46,7.84,0.49
instance-ed351340-2f4c-47cb-bd28-a5d76d1fe645,26.65,4.46,12.43,3.19
instance-ffda1e6b-2e41-45a8-903a-c83fcb7ee25b,3.16,4.46,2.11,0.24
instance-3a5faaa2-1e22-477f-a1e2-06e7b055fc00,9.63,4.45,4.81,1.08
instance-3e155759-aa21-4056-9872-5e4aed273184,27.33,4.45,23.68,0.82
instance-91f42664-5a14-4b33-8805-4b06ff3449b3,11.3,4.45,4.02,1.63
instance-0afeaa84-fb47-4a03-a565-dfc093506388,4.16,4.44,2.95,0.27
instance-3fd02bbf-a2c5-47dd-a749-2db6ea6d21a9,1.54,4.44,1.27,0.06
instance-aa3111a2-aa85-42d4-bd03-695b5680fbba,14.95,4.44,8.11,1.54
instance-aecd9177-1a3a-4955-b09e-ecf7139345ae,3.9,4.44,2.85,0.24
instance-b776eaa0-281f-4acf-9060-382d9a905dd0,3.08,4.44,2.46,0.14
instance-c9db66cd-df25-455b-9058-f696f2c48f5e,4.12,4.44,3.05,0.24
instance-ce5d764d-715b-4a30-aed5-2dc11d774084,8.11,4.44,7.59,0.12
instance-dff2d8a7-8049-4771-bd37-7dce27a3b0e4,7.91,4.44,6.54,0.31
instance-4d8a63f2-3876-47fd-b6d6-6382a33db2ad,13.92,4.43,8.28,1.27
instance-562c1977-11f8-433a-893e-015ee7170265,25.13,4.43,10.4,3.33
instance-718b72c1-e3d2-463c-8313-a2e8207b448f,13.82,4.43,9.77,0.91
instance-79a054aa-a42f-4342-9873-d2c88401245f,18.91,4.43,16.83,0.47
instance-7a37b381-4786-4409-9a29-4f1355f63067,0.76,4.43,0.63,0.03
instance-7eee60f1-26c9-48c0-b393-eca04627bfda,1.91,4.43,1.54,0.08
instance-9c08f265-63fe-49fd-96f4-5af2f705a542,11.5,4.43,7.5,0.9
instance-9ef7222b-6d80-40d7-aca0-6778c19a7a49,11.31,4.43,8.27,0.69
instance-a0a709f0-801a-48cc-9d0d-035471ff750e,2.52,4.43,2.02,0.11
instance-a2df0623-d2cc-45ec-8ec3-b89e74bf2268,1.68,4.43,1.4,0.06
instance-a5a4f0de-e0bc-46dd-850c-e2c325c108eb,11.72,4.43,5.15,1.48
instance-d6d363ac-6078-4b13-9389-3f3c94b05bf5,5.05,4.43,1.52,0.8
instance-f139ba42-da40-42da-a8ae-b65d72e3b698,9.37,4.43,8.48,0.2
instance-fad15281-3a4f-4a8d-b565-b02089563b58,2.74,4.43,2.49,0.06
instance-100f6247-7e82-40ba-ba58-ada9daaa7ef5,1.37,4.42,1.02,0.08
instance-26adc6db-5807-472f-ade4-02c65d8076ba,4.3,4.42,3.87,0.1
instance-38273f8e-2cff-4599-a891-752881dfc2ad,1.11,4.42,0.97,0.03
instance-4ae25b11-d594-439f-bc84-7838b0e5965b,4.42,4.42,3.01,0.32
instance-9ec1bc57-c69e-42a2-8314-e0e76a666ff8,3.26,4.42,1.76,0.34
instance-9ecd4525-4038-4d27-a39c-2cd3e0630cf0,11.16,4.42,7.95,0.73
instance-b5a5137d-ead2-4869-98e9-54f7bec0ff97,1.6,4.42,1.22,0.09
instance-c0bf4a64-0b35-4f12-aae7-d7afbc20033a,15.43,4.42,4.3,2.52
instance-d74b952b-5dcd-4a2e-a12c-0b9e959c2a62,3.2,4.42,2.27,0.21
instance-1bb3865c-d47c-4376-9662-38eb2c896bcd,2.14,4.41,2.04,0.02
instance-277eab3f-af21-4e5a-871c-a9027aedd31f,23.62,4.41,10.21,3.04
instance-3a41c73c-6ff2-42d9-8560-ed6ee3e8d2ac,1.93,4.41,1.47,0.1
instance-55784da0-cf65-4e63-8483-a8e2ab434222,12.64,4.41,8.74,0.88
instance-5fa4bcb1-d1e3-4a4c-b20b-19197eaf22fd,11.28,4.41,7.75,0.8
instance-6ce141c0-a083-4523-93e3-9f11efc1d438,4.54,4.41,3.16,0.31
instance-6faa0df3-57cb-46b0-a852-e93dfa308fea,17.05,4.41,15.99,0.24
instance-8ba078b0-7acc-444d-aadb-d942d73fda1b,5.72,4.41,3.59,0.48
instance-9022d369-73ba-43e6-9352-7d525d96cef7,4.36,4.41,3.11,0.28
instance-b8f6fdf5-461e-429d-a2d9-763733074b40,2.8,4.41,2.24,0.13
instance-0514fd60-9f58-41ba-9350-c676f8c12f67,3.17,4.4,2.94,0.05
instance-1d82a500-6c10-488b-8cef-5ccba7b40c38,3.08,4.4,2.69,0.09
instance-4c828036-4009-47f1-9841-1aaa160b96ef,65.87,4.4,50.44,3.5
instance-52f3b9cb-140b-409f-a8b0-85934a6dc99a,1.06,4.4,0.89,0.04
instance-638880e1-aca9-4341-8604-4433782a7afa,6.13,4.4,5.14,0.22
instance-69ac83da-57f4-4927-bd94-a25df8e4aaa8,18.75,4.4,16.69,0.47
instance-742340b5-ecd2-4640-bbdb-01c751b64b17,4.44,4.4,3.76,0.16
instance-a386dc7b-ca7b-4e3a-8b68-bde532197af1,6.78,4.4,4.65,0.49
instance-a3e7c883-cc91-49b4-933a-ef518f9f6f98,5.7,4.4,3.62,0.47
instance-a64ab561-fd79-4036-8d25-7dccc4883b89,1.06,4.4,0.76,0.07
instance-bc692f42-243f-417a-9118-c7986af4c58c,1.16,4.4,1.0,0.04
instance-c3b95283-a009-421a-8b84-7607b7ae75c2,1.63,4.4,1.3,0.08
instance-d9b1f7d7-7005-4476-8777-4e14d3ed819a,2.11,4.4,1.77,0.08
instance-f2307a7c-afb5-42b0-9ab9-6f075601370e,11.15,4.4,3.38,1.76
instance-f7a6cce4-7c86-4c21-92d3-99e01a0596c4,1.5,4.4,1.28,0.05
instance-0a864d44-ff4d-452e-afb7-7202cd341ce7,6.79,4.39,3.12,0.84
instance-15cdfef5-13f5-447e-a534-a26aeca28e52,22.83,4.39,12.15,2.43
instance-75a94b95-d91d-47bc-b92d-3f275d7d72ba,10.08,4.39,8.93,0.26
instance-8f17599d-c221-45e0-bb88-b77c0f92ee15,3.07,4.39,2.13,0.21
instance-b7506d39-b195-4fae-87a7-2066458e988d,0.89,4.39,0.68,0.05
instance-d1e05852-f9a8-47ab-9ba5-a168d0581243,3.51,4.39,2.71,0.18
instance-dde723b0-b3f9-4e9c-af07-5bc97b1b6074,16.92,4.39,3.21,3.13
instance-e07082c3-3b81-4bc0-aea6-c9b198292363,0.88,4.39,0.68,0.04
instance-eec8950b-caf8-4f32-b2a0-9cfa88fc531a,25.91,4.39,5.28,4.7
instance-1dcf7489-93ae-441a-9fbc-f38f0ab9151f,9.72,4.38,8.59,0.26
instance-1fe4616f-e1f1-4e34-8105-cd8b4e3e0052,1.96,4.38,1.51,0.1
instance-21de9fb9-91a9-4f6b-bba8-dc91fd532d14,7.56,4.38,6.16,0.32
instance-312d7430-bc6b-4b80-8702-58213ef72ad9,1.08,4.38,0.91,0.04
instance-40d3df14-b8ca-4ab7-aa4e-a31bc06c151c,15.77,4.38,14.01,0.4
instance-5c0db646-f1e4-4b56-bf99-8b60e7160685,0.55,4.38,0.46,0.02
instance-5cb3b2eb-e2ac-4509-ba26-099fb20e0d7f,2.48,4.38,2.11,0.08
instance-728bb2e0-ce62-4a77-8c7c-2bcd18eefef3,17.47,4.38,15.53,0.44
instance-b63bbece-6e30-40df-b50a-96e980c92de8,16.78,4.38,15.17,0.37
instance-eef51340-264c-4640-b2fe-b49321412eaf,11.49,4.38,10.58,0.21
instance-efa47824-e31c-46b2-b44c-10b291ac141d,13.53,4.38,7.96,1.27
instance-0d88839b-a317-4015-ae85-1bf3fec9bd50,2.61,4.37,2.11,0.11
instance-382ca2d7-8901-4039-9576-aba0eb94d446,10.99,4.37,9.13,0.43
instance-3d35254d-656f-4d66-b6c2-9af8ca699b6a,3.4,4.37,3.06,0.08
instance-452c1e9a-c7ab-41c0-b1fb-a9c81c2e70b2,23.23,4.37,10.53,2.91
instance-4e6ec59d-70d2-40ef-acec-891fea218c72,37.5,4.37,6.41,7.12
instance-5df34461-81c6-4b0a-8455-42804d3f8e6e,9.69,4.37,8.22,0.34
instance-96f49a68-57bc-4a23-95fa-fff6091d156b,3.83,4.37,2.81,0.23
instance-a5f07af5-4dad-407a-bdbc-a0adfbac2d7a,4.7,4.37,2.87,0.42
instance-aa83ef40-15a9-4b49-8461-88b0cf3aa0c0,3.09,4.37,3.0,0.02
instance-be04c376-6be9-4f60-a137-5b8745e555fc,2.47,4.37,1.99,0.11
instance-d3afa50f-3d2e-4fe4-8d2a-94b876f711d2,3.23,4.37,2.3,0.21
instance-e11a08f7-15c0-4bf4-833a-6d8547d3c5f6,1.01,4.37,0.77,0.06
instance-fe4a15a4-b6f9-4d80-afb6-6bb1eaffd19b,19.65,4.37,17.31,0.54
instance-1c91b66e-6050-4dc8-99ae-25dae7951bf9,16.61,4.36,15.06,0.36
instance-288d804f-3f52-48e7-921b-bbe550c1b29b,3.42,4.36,2.85,0.13
instance-7d5e6760-09cf-44e3-ba79-603bea8cfcd0,11.2,4.36,4.66,1.5
instance-b9c67837-df1d-4474-8293-3bc5893de954,19.04,4.36,16.45,0.59
instance-cf7109f6-1aca-499b-8a55-a989efd79896,4.96,4.36,4.55,0.1
instance-db81d684-305d-42f0-8709-e0e62682f2a5,17.55,4.36,15.75,0.41
instance-f7b5fc57-bb7a-4a0d-a350-ea2c6b25bc7b,3.57,4.36,3.05,0.12
instance-0125f2b1-5d14-489e-aeeb-7f698344878e,34.04,4.35,8.3,5.92
instance-1daaa110-8397-49b5-9c26-a168f8b90498,1.69,4.35,1.3,0.09
instance-a4dbffa9-1a1e-4f65-8ebc-9e9984216b9e,7.36,4.35,6.77,0.14
instance-adaea9a5-158a-4f8e-b1a8-c69a50276ce7,5.73,4.35,4.69,0.24
instance-c2d784e6-9964-4d09-ab8c-e93ff14e52d3,18.6,4.35,16.18,0.56
instance-c707f711-ffe8-4d68-b1de-460855ec72c0,1.55,4.35,1.24,0.07
instance-ccc4aad6-4ae8-4e81-9f31-3e85ee7592e6,8.42,4.35,4.03,1.01
instance-d33b503b-321f-42ef-9736-5f57d49e6d17,9.14,4.35,7.91,0.28
instance-e28fc952-5cde-43e4-9d79-8c26f4c3f9b5,6.21,4.35,4.63,0.36
instance-03a28d0a-43b2-4f87-958c-d546a1d287b3,4.04,4.34,2.91,0.26
instance-1899bdb8-aee2-46d7-993f-4206f118f5c9,16.32,4.34,13.67,0.61
instance-2114c0e3-daac-487c-8bdd-9db490f5ac99,5.59,4.34,3.41,0.5
instance-3e990f24-ca51-4bf2-a26b-5a8f1b27da1c,18.21,4.34,7.28,2.52
instance-59d671f7-2281-45fe-b20f-acc11b073d4d,14.0,4.34,7.0,1.61
instance-5c47139e-311a-4d9d-84e6-a048078d8b30,3.36,4.34,2.5,0.2
instance-6510b6ea-c270-4b7c-9300-b85fa34e3e16,2.21,4.34,1.86,0.08
instance-cae999e0-71d9-4839-8957-364bd3d14ae2,9.76,4.34,8.61,0.27
instance-de9f496c-f0cb-446b-887e-a6c9f05353f6,9.7,4.34,3.77,1.37
instance-e3bdbdfd-fbd5-444a-a88d-b01c3d39685e,15.75,4.34,12.69,0.7
instance-e5b0a90d-9963-4567-b08a-1f40803c8cd6,9.96,4.34,9.12,0.19
instance-f67c6cd6-60bc-4b64-bc15-ddb94076c407,2.23,4.34,2.06,0.04
instance-0db390fb-1e7d-4d25-a242-df881b2c98c6,4.94,4.33,3.63,0.3
instance-383a0af1-a47f-4187-ace7-7cba6f8a1fbe,9.97,4.33,5.16,1.11
instance-6567c4a0-507b-4170-b5a0-6c094fc9372e,1.34,4.33,1.02,0.07
instance-76bc2f9d-0d36-493d-a68c-05d98ca4fcb7,4.16,4.33,3.06,0.25
instance-8e397632-fae1-4254-9b66-2d152d6ff6ba,6.07,4.33,4.49,0.36
instance-951a656f-71d1-45f4-827e-a708e285b72a,10.85,4.33,3.78,1.63
instance-cdea8f8a-9d04-4c60-ae99-4017d1937d2d,0.23,4.33,0.2,0.01
instance-d18aea88-453b-4dff-a653-0387e16812fa,6.76,4.33,3.92,0.65
instance-d599902b-197b-4730-8c72-8e04c7e2a616,10.92,4.33,1.55,2.16
instance-dbe8f043-1df6-41fe-a932-390c2f570ee4,4.93,4.33,4.1,0.19
instance-e5d41bc9-428f-42cb-a2cd-f233c76f24a4,2.05,4.33,1.92,0.03
instance-ea920add-4a5d-43af-956c-6624291a1f6f,1.77,4.33,1.57,0.05
instance-f15fd54b-7287-40ca-8717-cec155d05c4c,0.45,4.33,0.35,0.02
instance-057798b0-be8d-4f5d-8a27-13f56359f0c2,4.11,4.32,2.93,0.27
instance-08f383cc-7575-4798-b153-a9449a133d46,7.66,4.32,3.06,1.06
instance-21c53de0-4682-4137-860b-837e15b314ec,14.59,4.32,5.26,2.16
instance-2cf394b2-ffb4-49c8-9963-130ec56d019f,4.16,4.32,3.0,0.27
instance-39601058-0a3a-4d51-b2ac-8ffe276f2081,0.71,4.32,0.6,0.02
instance-3dad9e5f-d146-49f1-8e3a-1da3fe7c85cc,11.32,4.32,8.23,0.72
instance-66347463-a9a5-4035-b6ab-945e22ae3ce2,3.1,4.32,2.32,0.18
instance-737255d3-e890-4d39-abd6-90a727bab066,1.53,4.32,1.18,0.08
instance-7980a759-d1c2-444a-a125-1af9c9083b1a,13.19,4.32,4.97,1.9
instance-fa27eab4-9b16-4ee8-9d14-feaead9214d7,8.29,4.32,7.6,0.16
instance-fbc1e37b-9a0b-4c84-82c7-ee1909fbfbc4,8.09,4.32,4.61,0.8
instance-0665f4e8-ddb2-46de-b70c-8a6c4d8a121f,1.58,4.31,1.33,0.06
instance-12c18eab-4fd6-4a11-b1bd-546a3cb79cf0,21.98,4.31,11.33,2.47
instance-21876ebd-315b-4280-8744-da797359946c,14.95,4.31,12.96,0.46
instance-3c328c45-0282-4664-bc13-06c5080929b7,17.12,4.31,15.34,0.41
instance-3e79541b-19ac-4a6b-b31c-0386817e5815,10.49,4.31,3.38,1.65
instance-423fd014-6812-4bb0-952b-0a09f709e8fc,17.43,4.31,16.08,0.31
instance-7e7114b5-97a1-49c1-b7e6-a29f00c202ca,39.1,4.31,15.24,5.53
instance-8aeec399-244c-4156-99ee-b8520c1f2ea6,1.8,4.31,1.38,0.1
instance-ac8361e8-6bc9-4afd-af83-eed357122dd0,10.37,4.31,7.43,0.68
instance-0fdc8ec3-2de0-4145-852c-ea37a55fd7e5,3.75,4.3,2.1,0.38
instance-2a0975eb-3299-48f3-a268-1dc4b1759a62,12.68,4.3,6.28,1.49
instance-334d4fe4-b0b1-4b29-a317-1591080bbe38,24.47,4.3,15.96,1.98
instance-3ca2a8c8-bf15-40d7-8da6-bf1a96159cf2,7.82,4.3,3.32,1.05
instance-3d3d9619-9ac4-4a29-b370-a915443e7869,16.78,4.3,15.55,0.29
instance-469d94a8-66ce-4fa8-8ff4-7e9d4585b011,12.58,4.3,8.0,1.06
instance-771545d6-c2e5-4402-a65d-b656b6e5a96c,3.46,4.3,2.78,0.16
instance-7d398ac1-cc0b-47b4-a713-bc9e603e7505,2.57,4.3,2.05,0.12
instance-881f7c18-db07-4071-ad86-57f1fc8f8cec,8.33,4.3,3.31,1.17
instance-911a81e7-17ec-411c-969d-15df5bebafcd,9.26,4.3,8.18,0.25
instance-a4fe0e92-b684-4955-b9cb-2ab73511a428,17.03,4.3,4.0,3.03
instance-a891b480-6da6-4062-94b8-7c9cbbe583c6,3.65,4.3,2.78,0.2
instance-a8b39919-b148-46b1-a525-6f8bd328a4dd,2.5,4.3,1.87,0.15
instance-bb2d1901-34cf-4bcb-9e56-7745938e6538,4.81,4.3,3.27,0.36
instance-e3c9818e-60ae-4ac8-ae4d-acc406f8be28,8.95,4.3,8.49,0.11
instance-0a51d831-89c3-42a2-aa62-c27ebe62162d,1.74,4.29,1.27,0.11
instance-3ebe52b4-9fb2-4f0d-b24b-c5817a5a82b9,16.5,4.29,15.22,0.3
instance-9938e831-f9d6-4ed1-a4b2-fc92b735c7ef,5.12,4.29,3.45,0.39
instance-a0f938bc-e7de-4c15-afc4-b5074111c414,17.08,4.29,15.8,0.3
instance-a5b9b957-4bd9-421a-9e3c-627130ecfc04,15.45,4.29,11.17,1.0
instance-ca5bcebe-4bc2-46d8-b5d1-244e669ab5e3,4.04,4.29,3.01,0.24
instance-d7093d64-5338-4aec-ba2a-263b9b1df08a,18.32,4.29,15.85,0.57
instance-e0ec9eb7-0c31-469c-b656-9b77407c45a7,4.2,4.29,3.53,0.16
instance-e932f04e-1c09-44e3-baec-170a2f2ac09c,9.59,4.29,8.56,0.24
instance-f0400886-9df2-4210-869a-62a2976529e0,17.91,4.29,16.93,0.23
instance-1d2ec560-3d00-45ef-9456-432aa3c1e895,18.23,4.28,12.39,1.36
instance-22de267f-d8a2-40f5-ae5b-d8d591fe4322,3.26,4.28,2.47,0.18
instance-43202670-f8af-4c67-adfa-d94f833e7dec,17.62,4.28,15.98,0.38
instance-460df8a0-1c2a-46d6-9946-3a226a0fb2e5,4.96,4.28,3.7,0.29
instance-4a29a825-0f0a-46b9-adba-20a8f217b60d,2.87,4.28,2.47,0.09
instance-551c8081-5831-467b-8411-2c842bcc2e84,2.48,4.28,2.02,0.11
instance-707c7dac-d1d9-45e2-b83b-06f68e73350f,3.66,4.28,2.23,0.33
instance-970172f1-76db-4af2-b2ea-ee1a61bf6314,12.53,4.28,11.02,0.35
instance-a8f5d435-e434-493f-8665-a08c91f3fd63,3.98,4.28,3.42,0.13
instance-af42cb18-8728-4528-b79b-4bbf80fda096,6.61,4.28,4.43,0.51
instance-c10c7c24-6c2a-4090-8ee5-445eb65894f7,13.76,4.28,11.22,0.59
instance-c23f5e0a-7438-486f-9f0a-31ef3f20db59,33.88,4.28,14.8,4.45
instance-d2c96a5b-60ed-46fd-85f6-ccf3bae24ad2,4.89,4.28,3.34,0.36
instance-e1378291-fa9e-4293-ab82-1864cc7bd8f0,4.16,4.28,3.04,0.26
instance-ffc2566b-16ad-4b9b-ad4c-452e9c7fa5d4,5.14,4.28,4.34,0.19
instance-20a0b7b0-0067-47e2-93f4-fe5d595764b3,25.4,4.27,11.07,3.36
instance-4eba6b4d-4586-4a98-9b3b-12e6dd5fe29b,8.07,4.27,5.38,0.63
instance-889f6d1b-28a1-446d-8e07-46668d2f2c97,2.04,4.27,1.72,0.07
instance-8b6dc431-6ba0-4913-97a0-8597215f89d4,0.62,4.27,0.5,0.03
instance-ad6bc5e8-78f9-4c0a-bb85-07bf194fc0dc,23.05,4.27,13.41,2.26
instance-addf260b-afba-40ab-8ec6-415c62de3446,6.04,4.27,4.76,0.3
instance-d784e767-930d-4243-a6b4-f76f03af9bbf,2.78,4.27,2.01,0.18
instance-d7a3ef19-8455-4c02-806d-d1e4eccefee5,3.44,4.27,2.69,0.17
instance-d9c8f2bf-d0c1-4b94-bc30-b0533445e9de,4.86,4.27,4.32,0.13
instance-1233394c-8a98-4221-a2ba-d5ae78305cd3,4.19,4.26,2.95,0.29
instance-124d2ce5-8153-47b5-bdfa-e61369d17da5,33.33,4.26,20.71,2.96
instance-1278ec3a-cad2-4d7d-bfbc-870c860a85c7,1.38,4.26,1.3,0.02
instance-2c06c758-fa7e-47a9-a60c-694cf568ed52,6.41,4.26,5.66,0.18
instance-624feb67-bc29-4c4c-88db-7883b11dc332,18.64,4.26,16.23,0.57
instance-695d860b-f027-4da4-b4a7-517d0aa814c9,19.15,4.26,8.39,2.52
instance-98b0ac1f-5d25-40b4-b553-8abf2cac0c49,3.35,4.26,3.0,0.08
instance-9ff6468b-a80e-4454-9a2a-1abec152ac4d,9.11,4.26,1.98,1.68
instance-b0cb7e59-5194-42f5-bdf2-3bc15fd86195,4.28,4.26,3.44,0.2
instance-b0d05113-65a3-4025-b453-a271624ac0a6,17.26,4.26,15.2,0.48
instance-cc300b5a-82f4-4456-8e40-dcab3974b755,1.39,4.26,1.18,0.05
instance-cf4d4da2-d10b-4219-8d9b-d91b80ea10aa,10.66,4.26,3.48,1.68
instance-096eede0-6434-49ec-b3e3-02239a6465d8,4.46,4.25,2.92,0.36
instance-31906e3f-7898-4a1e-adcd-efa1ce7d7767,9.02,4.25,1.98,1.66
instance-4a1c828d-b9ef-4968-ade4-8c9138b23eba,19.81,4.25,13.9,1.39
instance-4ca508fa-fa38-44de-a029-ed8e1cab1155,1.63,4.25,1.3,0.08
instance-6f7a9104-a44e-4f62-bcf5-d61393d8c021,20.28,4.25,12.99,1.72
instance-735dcb83-f6cb-4a2a-a26a-082346e6f358,13.42,4.25,3.95,2.23
instance-8fe86858-4569-4d1d-be23-324da0e2a08a,2.85,4.25,2.53,0.08
instance-91b2a148-c5f5-4efb-ab75-c050e6b77b84,10.18,4.25,8.48,0.4
instance-b210b1ae-50f1-4af9-9193-35a8baaa6ad7,9.57,4.25,5.76,0.9
instance-e8662b66-79f6-4673-8d15-79a0595360f0,13.45,4.25,11.94,0.36
instance-3084b9a6-f02f-44ab-97d5-d93f50ed142f,4.7,4.24,3.65,0.25
instance-3d50119e-d616-474e-91ca-2818cf92d11f,3.56,4.24,3.25,0.07
instance-3f875d95-f298-4b1f-aa85-3f61bf3c72de,19.66,4.24,16.74,0.69
instance-4b29dca5-e8a9-41d9-9c55-d1e3a4700fcb,22.17,4.24,14.37,1.84
instance-68ae2ba7-ad3b-41b6-8bd1-527efbf40bf2,19.72,4.24,4.53,3.59
instance-8cf0a3ba-62de-48b0-96e4-e587e5be5e9a,13.18,4.24,4.42,2.06
instance-9852fd22-2a13-4ded-b1e9-36bf3a855e6b,4.8,4.24,4.17,0.15
instance-bbf8d9db-0cf1-4317-9a3a-851d28b401bd,17.6,4.24,15.43,0.51
instance-c87796af-2987-433d-8dec-6af3da6af90d,3.67,4.24,2.72,0.22
instance-004805cf-fd37-4f6a-a726-2f8510a59424,13.0,4.23,6.39,1.56
instance-00d009f1-193a-46f2-be18-9fa5c028fd35,13.73,4.23,12.36,0.32
instance-06759a29-59d2-45ce-8112-2bd6a7f640d4,18.18,4.23,16.39,0.42
instance-0e84e61d-6dc9-4a3d-9956-c3cd1e881be8,21.2,4.23,4.52,3.94
instance-1515c47b-76ee-4508-acf8-15b231108eee,17.81,4.23,15.31,0.59
instance-46d37ef9-d956-4b13-b428-9f0cc227d44f,8.9,4.23,3.66,1.24
instance-558f4ef8-698a-47bb-87a9-fc83ed0c0689,5.26,4.23,3.44,0.43
instance-656fb7fd-ea30-47d8-9eee-9040b74dc8d4,4.14,4.23,2.77,0.32
instance-73352989-b053-4ff4-9332-5dd4b6b2678c,9.64,4.23,6.94,0.64
instance-77e8c6d1-5425-4077-a943-ae3517ba29aa,7.01,4.23,3.13,0.92
instance-83d34465-89bb-4464-a73b-4caef392e118,1.39,4.23,1.15,0.06
instance-932cc39a-7f24-46b0-a4e1-0519663661c8,3.34,4.23,2.95,0.09
instance-9d427a20-b893-45f4-9f7f-f387dfe477ae,16.63,4.23,15.12,0.36
instance-a4c876fd-e00c-47aa-9a38-08910bf37af0,18.16,4.23,16.03,0.5
instance-e5249e59-a424-43ef-a1f7-e3e4a623b2d6,6.29,4.23,2.36,0.93
instance-e82b9683-7a98-4de6-b5ee-1a38478e0fa3,3.14,4.23,2.72,0.1
instance-ebd991e2-4b7b-4249-9897-6ee96fda7969,5.77,4.23,4.19,0.37
instance-f0ca596d-05f7-4d8d-8d02-c360d8cdee99,3.7,4.23,0.96,0.65
instance-1490a1e7-a5a0-4ee6-8356-9c1a69c452ae,0.7,4.22,0.57,0.03
instance-14cc74ea-5a58-4eba-8e37-d15196becc56,8.17,4.22,4.03,0.98
instance-3cef32f5-eeff-4de1-9b2b-4d6c1f97c9eb,16.42,4.22,6.61,2.32
instance-414cd803-3fc7-4720-817f-94ace6d8d7ce,2.03,4.22,1.55,0.11
instance-516ac4af-bbc2-4acb-81fb-96550359d8aa,7.27,4.22,6.4,0.21
instance-5b9f7da2-ef17-4dba-afd2-5d709b425077,26.5,4.22,10.02,3.9
instance-5cea44a5-00a5-4b07-97a9-0a80b6b53e1b,3.81,4.22,2.85,0.23
instance-5db733dc-b647-46c6-bd6d-6609bde51d16,12.81,4.22,11.16,0.39
instance-6794606e-ffc1-49e1-8845-7410f12d8965,8.38,4.22,6.94,0.34
instance-9ed9ec59-8e7e-41be-b4d9-6a5d2494bf5a,19.17,4.22,16.33,0.67
instance-d69ae0d6-0d63-4f65-b603-9e3951eb7ce0,3.87,4.22,3.48,0.09
instance-0383e53b-4682-4810-9645-b382965d9bdf,18.98,4.21,15.99,0.71
instance-08d23181-0cf1-4703-9cb2-a522de69794e,2.97,4.21,2.37,0.14
instance-12d47cd1-dea6-4fdc-a77f-b1a8d8df15e6,19.66,4.21,11.06,2.04
instance-2f52a8b1-7a31-4b64-b6c7-949b92853c27,17.95,4.21,16.18,0.42
instance-3006d460-8103-42c1-a8e6-8dfc5e1d44cc,10.84,4.21,3.88,1.65
instance-44daa77a-431c-4ea7-bbb3-204731b76698,1.63,4.21,1.21,0.1
instance-49472b2d-1d17-4b3b-b247-2cbec7f2efbd,1.89,4.21,1.03,0.2
instance-8b8e6033-d33f-44d6-ad2c-a15b9eb4f622,1.67,4.21,1.35,0.08
instance-bba924e1-6c52-4dad-96d5-135b2ba76419,11.52,4.21,10.88,0.15
instance-be41fde8-180d-45c1-bd46-000a130d0a67,5.62,4.21,4.57,0.25
instance-c46c6edd-80fa-4473-9fbd-54b8cb5e1cdd,4.11,4.21,3.46,0.15
instance-e2de46a7-caa3-41be-b69c-8bbc0b400b1c,16.94,4.21,15.68,0.3
instance-f61a306f-9087-4a84-acb8-12fa7379e2cd,4.67,4.21,3.49,0.28
instance-0a5a823e-dfb5-48d0-aa18-1e1eb3166f4c,2.98,4.2,2.57,0.1
instance-0fe5a40c-11ea-44ce-bf5c-0b4bb36f8c9a,7.35,4.2,5.24,0.5
instance-346cfe7a-6aa8-47f7-b639-c34a4557a2ff,24.02,4.2,7.36,3.97
instance-3bed2ae8-6daf-4e8b-9e7e-e197d4ab751b,1.32,4.2,0.92,0.09
instance-3dd1de58-2e4b-46c9-91f1-bb1d21364375,4.21,4.2,2.86,0.32
instance-5312ab5a-99cc-4918-91a5-1e771eb64921,1.99,4.2,1.55,0.1
instance-6e345d8c-b030-4015-8f99-3e672343c8c6,3.0,4.2,2.48,0.12
instance-77f32628-2f0b-47e1-aa31-734a751a13ab,4.4,4.2,3.04,0.32
instance-8124512e-84c8-4060-a8f3-df1cc0e7deac,13.97,4.2,5.86,1.93
instance-a5d5afc9-d3e2-4dbb-b463-f5b2ae37dd27,3.65,4.2,2.46,0.28
instance-acae3d67-3757-4135-915d-bab245464cfc,2.43,4.2,1.95,0.12
instance-eb834e39-51a6-43f1-a9b2-733d500f71d2,16.99,4.2,15.95,0.25
instance-1973f396-caef-486d-9c35-3de4c29ef019,5.1,4.19,4.21,0.21
instance-386871d5-8312-4015-a0bc-40c842c7f63b,4.0,4.19,3.51,0.12
instance-8a106e5e-5d32-4f5b-8a9b-da65f397140f,6.81,4.19,5.6,0.29
instance-8da5b609-0869-4e9f-a55d-6d7f2280827d,4.99,4.19,3.31,0.4
instance-9e9804d8-57c9-4f7d-9237-7de8f3f1b376,2.95,4.19,1.72,0.29
instance-be923558-b711-42d8-b7e2-6bd209fabb3e,4.07,4.19,3.86,0.05
instance-c734fd6e-31b8-4505-958a-63a80a848329,17.14,4.19,4.11,3.11
instance-d2ac4059-8321-4d1a-90f1-34481e069123,17.49,4.19,16.06,0.34
instance-d7872cd4-3f5d-4441-b450-ef1881607e90,7.8,4.19,7.01,0.19
instance-db0dcc18-3263-4524-ab32-64f2734a3282,13.51,4.19,8.72,1.14
instance-dd1c4790-8dc0-4771-8f8f-38f4518ed78a,5.02,4.19,2.95,0.49
instance-145e0fb2-a9fe-4fe0-b260-f784980fe347,1.97,4.18,1.84,0.03
instance-154170f3-5349-4efb-a9b9-9cec3b0d1362,16.95,4.18,9.04,1.89
instance-25e2878e-70e7-40f5-8449-041a36fcc4fc,62.02,4.18,15.73,11.09
instance-35e6af63-40be-45cf-8b78-8b2db06dd99a,4.47,4.18,2.97,0.36
instance-423bac3a-3821-4c66-a8fe-559965cac388,8.83,4.18,3.02,1.39
instance-43bea4f3-c6d9-4432-8539-f6c9121d8388,3.52,4.18,2.51,0.24
instance-454864a5-a3a6-4099-94a1-bc8ac6199ca6,1.86,4.18,1.3,0.13
instance-47ef6e80-575b-4c10-9231-ec18119296d5,70.7,4.18,37.19,8.02
instance-54bf189b-d945-4112-b47e-223e3c4584d6,9.36,4.18,8.45,0.22
instance-5aaa17fa-83e9-4775-8276-d7cccde7e5bb,12.31,4.18,4.49,1.87
instance-5ceb328a-19a3-4e91-8f51-a76fcb6ab1fe,3.94,4.18,2.87,0.26
instance-7d41791d-c040-4436-a010-5f8d709a0f35,11.25,4.18,7.8,0.83
instance-84fc6e1d-1512-4ce3-bb8d-33979738eec0,34.72,4.18,24.52,2.44
instance-c271d9aa-ddaa-4250-ac52-a50661da0836,2.56,4.18,2.04,0.12
instance-d542173b-3453-4f92-8fc3-37ded1e377f2,12.78,4.18,4.13,2.07
instance-d8d72962-edc3-4d77-a136-b37c406f3345,3.01,4.18,1.76,0.3
instance-e2702e20-54c5-410a-8c94-66183bbb3caa,16.44,4.18,15.43,0.24
instance-ebf426c4-dfbe-4b36-9c71-f04926584263,1.02,4.18,0.81,0.05
instance-f4abed9f-87e4-4b3c-9713-1f57b12f0899,7.02,4.18,3.76,0.78
instance-73a25e96-1da2-4769-b433-5a3724145fcb,1.92,4.17,1.62,0.07
instance-73d97beb-ca8d-4138-b116-479e8820b7ab,3.81,4.17,3.55,0.06
instance-77e9ac97-ec63-434e-a101-79b96a2bfd74,1.89,4.17,1.49,0.1
instance-780a9267-90e6-4527-b5cc-dde8c24b8470,26.53,4.17,11.42,3.62
instance-78bd4af0-db11-46f8-85a0-60ab6d5c367c,10.16,4.17,8.28,0.45
instance-8e65878a-81a2-479b-855b-0a1d95525b50,3.8,4.17,2.8,0.24
instance-8fe2c5b2-e919-407e-a990-8e2b790b8213,17.56,4.17,15.87,0.41
instance-91925095-c100-4cb7-b40a-79b1b515a60d,6.79,4.17,3.25,0.85
instance-93ea2c61-3564-4d8c-8489-658ce7cde74e,8.05,4.17,6.03,0.48
instance-d7a13172-4376-49d1-b1aa-91c6d4ca1164,0.42,4.17,0.35,0.02
instance-dbd49c43-35da-4666-b75d-2cd6768120e3,1.55,4.17,1.29,0.06
instance-dbf9ff36-b43a-4329-bb07-9802089efbd9,17.12,4.17,14.49,0.63
instance-f2971d96-0e71-4f71-9955-0e65bbad99a7,16.39,4.17,2.36,3.36
instance-f68ad96b-2106-4e4d-8e0c-3e58ebbb4d0c,18.32,4.17,7.85,2.51
instance-1082aa80-cef8-406a-b1a3-981d6f152c13,8.76,4.16,8.26,0.12
instance-2a2e955e-5890-40f7-b41f-c3d5d7b63436,6.15,4.16,3.81,0.56
instance-41d9f9c4-b519-417d-a3dd-b9bd28957200,1.84,4.16,1.49,0.08
instance-478d4084-78a4-40c3-a781-24c3ebd9e25d,25.73,4.16,12.34,3.22
instance-59f66bfd-04b7-42c7-8843-214e8f2f5f7e,8.33,4.16,6.86,0.35
instance-61fe4d3c-1c80-4d13-b1ba-65d785e610f7,12.39,4.16,11.05,0.32
instance-64f8cab1-853f-4b97-8b23-841656a1e14d,0.64,4.16,0.43,0.05
instance-6afac88a-b0bd-43b8-a146-35b3a7c49a97,8.83,4.16,4.21,1.11
instance-80c2f771-6bcf-452b-9ef6-28406942c5ef,17.1,4.16,13.78,0.8
instance-828bda8f-175e-45c9-b0cb-d99ccc330298,13.57,4.16,12.43,0.27
instance-8c805b2a-7940-4c23-bb6e-5e9205833578,17.07,4.16,5.51,2.78
instance-b2732bde-3014-4994-a799-3bcc10b923c1,6.39,4.16,2.22,1.0
instance-0b35fc04-afdd-4f18-a251-f98dc5401cdc,17.27,4.15,15.43,0.44
instance-169dc42f-dd2c-41c4-b865-b25134f0978c,3.41,4.15,2.46,0.23
instance-25033f73-56f4-44e1-92bb-9f9d301aeef4,17.18,4.15,15.6,0.38
instance-35d74d3b-c884-4b2f-9a1a-8f6ba6ec81af,4.3,4.15,3.37,0.22
instance-498ed70a-adce-44a5-ac5e-678989ba9ba6,18.27,4.15,17.19,0.26
instance-6d0bb6df-e702-49aa-ac6c-df9416d9e443,17.13,4.15,15.68,0.35
instance-7495a23e-18a4-4aa8-a5b4-21605dd1f20b,8.99,4.15,8.28,0.17
instance-a55c7dc5-df25-42f4-b347-f5567b61dcf0,3.54,4.15,1.9,0.4
instance-aa372329-9d1d-4e38-ad94-faeac4c2d614,9.4,4.15,8.12,0.31
instance-abf121b2-5853-4689-a250-7b88643e4a6e,25.15,4.15,21.88,0.79
instance-aca546d4-784d-4e29-9ceb-c2e7abad3f5a,22.54,4.15,14.93,1.83
instance-b7b5b8f2-dce7-489f-a46b-baca47304573,13.28,4.15,3.39,2.38
instance-c70fa682-21f5-4b88-93be-644cc6a151e1,17.87,4.15,7.89,2.4
instance-d82bbf6a-53ee-43a3-aa7e-87bb8be8044e,0.53,4.15,0.46,0.02
instance-da676802-feb6-4463-844c-1af15e50f5bb,4.0,4.15,3.71,0.07
instance-ecc23b8f-7d21-4f64-bca4-d73d0a8ee267,19.02,4.15,16.25,0.67
instance-fae536d1-2d50-4056-bfa3-ac20110bee02,3.93,4.15,3.04,0.21
instance-0727f6af-477d-46cd-97ef-e8964c690425,0.46,4.14,0.34,0.03
instance-2c9742f7-6d73-4af7-a1c5-8aa5b4b43fc4,2.15,4.14,1.48,0.16
instance-4e75f82e-77ab-4419-88c5-4c49a949fd38,3.59,4.14,2.71,0.21
instance-51910750-e26f-4126-b928-844ae33d3e15,61.91,4.14,30.71,7.53
instance-5c01a2c2-82ff-4ca1-8b1a-051927a3bb41,24.7,4.14,19.61,1.23
instance-5ee61977-9b88-4181-8813-06b9cc835bc8,4.02,4.14,2.54,0.36
instance-7a698d2c-83b5-49dc-b562-ea645fd59601,2.21,4.14,2.09,0.03
instance-adb76cbc-780a-4481-a7f2-349587f2a64d,13.07,4.14,11.96,0.27
instance-b19318b4-df60-4f6a-898b-86f2f5ab724a,4.1,4.14,3.13,0.23
instance-bb0cbe42-7cdf-420a-b26c-c14c8ece573c,1.48,4.14,1.14,0.08
instance-da132f5f-87e2-47ef-a2f0-b80e18bcc186,3.47,4.14,3.13,0.08
instance-e5e57843-9e8a-4db4-8bf3-457d1f817070,3.68,4.14,2.93,0.18
instance-ea4f2b81-0aae-4650-ad60-2aadceb095fb,16.64,4.14,15.37,0.31
instance-f2fcf5f5-eee2-4a2f-8e86-1f7728cfa659,9.45,4.14,8.44,0.24
instance-14451851-7871-40af-abcb-8f1316ca5ec0,18.75,4.13,17.48,0.31
instance-248b01a7-dc8f-40db-b319-4af4b85fddb0,3.0,4.13,2.24,0.19
instance-33191335-b12c-44e9-b9ec-8bc383545411,12.11,4.13,9.19,0.71
instance-4ee1fd9f-c484-4df4-a39c-85caa2ae7679,16.31,4.13,15.03,0.31
instance-623ff035-ccc7-43ab-a167-4f98e0148750,4.46,4.13,2.08,0.58
instance-78b6585e-af14-4f69-8f90-6fffb74b1715,3.85,4.13,2.83,0.25
instance-815395a4-80ed-498f-a53f-a140924483b1,1.71,4.13,1.35,0.09
instance-84ae85df-a300-4d5e-aab1-f8c6bb2b2afe,16.78,4.13,15.55,0.3
instance-8802833a-5666-4d0a-9e50-6fec325904ff,4.11,4.13,2.98,0.27
instance-9a7674d0-e326-4286-9c52-d4329eff3dea,4.15,4.13,2.73,0.34
instance-a1323491-140a-4c35-94b6-be311bb59474,3.39,4.13,3.15,0.06
instance-b8501cec-2a9a-4496-a733-749a6e42a7db,17.76,4.13,14.48,0.79
instance-c15b5758-2dc7-4a11-946f-b81c8c608237,6.5,4.13,3.99,0.61
instance-d99917dd-35ec-4958-a392-e6f9c35458c1,3.79,4.13,3.34,0.11
instance-dfbb75da-007e-4d1f-9b7e-9f898d7c2828,7.82,4.13,6.64,0.29
instance-e025eddb-7ee8-438f-9579-ec998cf51ce0,3.7,4.13,3.28,0.1
instance-e1738386-fc47-4f2b-bef7-3622398c98b2,1.54,4.13,1.28,0.06
instance-ef177446-27c1-4fc2-bd9d-7f7e1d719c09,14.8,4.13,4.6,2.47
instance-16630b99-7f84-4ef8-be0e-ac41f417164c,5.06,4.12,3.57,0.36
instance-5c47a1a9-2dbe-4c8a-bd1f-a5bd3fb18d5c,1.33,4.12,1.14,0.05
instance-73b2e89e-b706-46d0-989f-53124cf7ebe3,27.58,4.12,10.48,4.15
instance-97caf73e-461e-4503-998e-6ce7c053cfd3,5.48,4.12,2.12,0.81
instance-b01b6a82-5287-4097-b2ee-d45f01181f42,16.39,4.12,3.88,3.04
instance-c53c5b29-db39-43f9-a63c-efa3c58d5320,9.74,4.12,8.36,0.33
instance-e39940d1-63b4-480e-bfe6-09b903a60ccf,94.57,4.12,16.08,19.04
instance-e418742a-e778-40c2-a521-580159eadf35,1.19,4.12,0.94,0.06
instance-efcb1e84-975f-4db7-9272-6719adf72c2a,9.23,4.12,8.32,0.22
instance-f987ee33-8b1f-4963-b7da-2f03acd7b33e,17.87,4.12,4.19,3.32
instance-0d484ae7-39ae-48fe-947e-01bc5b552269,11.46,4.11,10.58,0.21
instance-1a0df0a5-bd76-4895-b433-dc31f523cb1c,3.97,4.11,2.72,0.3
instance-31d29ad7-feab-470f-bbd9-2d75958c9d47,3.47,4.11,3.08,0.09
instance-3adc818a-6455-43a0-abeb-e51dc55ed372,3.59,4.11,2.52,0.26
instance-3b59aef4-6551-4397-9692-0094f4e46009,5.09,4.11,3.7,0.34
instance-3c505283-eeb7-461e-9c8d-86f6f02a9f73,15.27,4.11,13.78,0.36
instance-4e1a0528-f815-4707-a6d2-8988dd3de676,5.68,4.11,3.65,0.5
instance-683f9de6-cac2-4a80-90a4-6ca5e646244f,2.03,4.11,1.6,0.11
instance-6daac6e7-7023-44d5-be96-a507ede8f29b,14.82,4.11,12.55,0.55
instance-7c681d44-b1b9-4edf-8f03-532749588bf9,10.81,4.11,8.93,0.46
instance-8434fb7b-85cc-4093-b10e-94ddae2b4d9a,2.56,4.11,2.24,0.08
instance-86e5b25a-8933-440e-ac06-abb82381c4e7,20.25,4.11,7.36,3.14
instance-9bdb7149-2621-4f6c-9521-35e52b07b7ae,3.91,4.11,3.08,0.2
instance-a370fa66-9542-4a1a-8149-2fa3ffeb821e,14.54,4.11,5.76,2.13
instance-a565723e-895b-4918-866a-e7ca6a9eb8e2,27.92,4.11,10.9,4.14
instance-16463c5a-12ea-48f9-a823-8398749e5e2a,18.29,4.1,11.32,1.7
instance-21eff125-e320-4f98-a579-ee0949b0ef7f,3.19,4.1,2.25,0.23
instance-42c86e8b-f887-4049-afb4-b6f0d8a71e11,9.61,4.1,8.5,0.27
instance-5426c8cb-851e-472c-9a09-ca61e0ead590,2.79,4.1,1.9,0.22
instance-5d326bce-9970-4580-84cf-9c46b473c981,5.28,4.1,0.97,1.05
instance-6f88d42b-d7f2-426d-b44c-68b88a4c98c5,7.99,4.1,6.86,0.28
instance-8b02d56f-0bd8-4e78-8c4f-e3ca5a2df116,4.43,4.1,3.79,0.15
instance-b6be787d-f62a-4d3a-9a65-6d6340113af9,8.86,4.1,3.49,1.31
instance-b729ca6d-eab2-4a12-9428-3e4fc2bebcbd,3.73,4.1,2.57,0.28
instance-b8c7f01f-8acb-4c94-87b6-bf141a3267b7,11.05,4.1,4.03,1.71
instance-c4f4b633-7e9e-4da5-a592-e7edbcf00bfa,4.24,4.1,3.12,0.27
instance-e9a1782b-bd35-47e4-b2e1-52b14ecade89,2.15,4.1,1.55,0.15
instance-06eb3c4f-868f-40a0-927c-3eac2b4fc9c9,3.53,4.09,1.94,0.39
instance-0d1045f2-c428-4ecf-8847-a8203f12360e,18.64,4.09,16.47,0.53
instance-1d0c554d-43b0-4565-a75b-c41493f7fb14,0.65,4.09,0.47,0.04
instance-2b342c95-1799-4bd5-a030-01e7be2d403b,5.98,4.09,3.67,0.57
instance-2d1656e0-4443-4997-9fe0-9d07d19f66b9,0.81,4.09,0.7,0.03
instance-6876971a-c956-475b-8e39-b2b7ee47dad0,1.8,4.09,1.69,0.03
instance-6d82f685-d50a-497f-967d-caa24b80ef27,19.28,4.09,16.32,0.72
instance-96c7f9b0-7f0e-4679-a9f3-0cd367cabf73,11.64,4.09,7.54,1.0
instance-ae309487-5598-4bd7-b775-bc156bfad529,1.87,4.09,1.63,0.06
instance-ba0602b3-0c7e-4adb-a7a1-7858cd9ad9fc,1.59,4.09,1.27,0.08
instance-ca999214-a956-41ed-a342-eca31dce8e55,13.11,4.09,11.87,0.3
instance-f57e169b-f535-4caa-92c1-f5ebf7147a1d,18.04,4.09,13.03,1.23
instance-0c420b30-de75-4a00-8c6b-9fa424a8a887,26.79,4.08,10.03,4.11
instance-22ec24e6-e5ec-4c4c-ae45-519f2a2f80cd,19.06,4.08,12.43,1.63
instance-429da400-495c-48aa-98da-2096a616f089,17.71,4.08,9.21,2.08
instance-4f972c35-f428-4a8b-8234-d494f01beda1,1.17,4.08,0.82,0.08
instance-70c47356-bf6b-4560-bbcc-b5cc90716ee3,6.1,4.08,5.5,0.15
instance-9c51994d-61b1-4f29-beee-99addd901b93,16.48,4.08,15.33,0.28
instance-d7b63cb5-d505-4a0b-88ac-4419b880e648,3.31,4.08,2.44,0.21
instance-ed4b9423-7543-4cc2-b824-9ad2935f9460,3.75,4.08,3.42,0.08
instance-f6da5e3a-9a18-4ed6-b705-c74667c95334,15.46,4.08,14.12,0.33
instance-fa948560-6d37-450b-8a0d-0b9d2c8a16c8,8.19,4.08,5.45,0.67
instance-ff99a5d9-f2db-41a4-b44f-53227dfb67a1,4.09,4.08,2.94,0.28
instance-0b91f186-ef6e-4f06-9101-09dda07e2dcd,10.83,4.07,8.96,0.46
instance-0d769d21-4de9-42d3-85ad-efadf00a72aa,3.93,4.07,3.54,0.1
instance-14456adc-2009-4cea-af3c-1679b7743b8b,7.65,4.07,6.87,0.19
instance-31f023e6-e353-42c6-aa86-eb42e6a43b50,1.7,4.07,1.36,0.08
instance-3284ffeb-9fd9-4588-808e-fe717dca3436,1.3,4.07,1.14,0.04
instance-439c87f6-9b8a-4982-b76d-7612b13ef5c9,31.32,4.07,24.65,1.64
instance-6e4d600b-0dff-443b-a09a-a719dbb00a7d,9.26,4.07,8.52,0.18
instance-7b1556fa-2d54-483c-b8a4-9d6a36d9d396,2.67,4.07,2.25,0.1
instance-846d7ced-7dc3-4b4e-aae9-0da554234ff2,8.0,4.07,2.2,1.42
instance-a2fdb139-b6b4-4938-b43c-7ad79b8bbd53,10.33,4.07,9.19,0.28
instance-a7485711-5098-42b1-af91-04683dc33209,3.58,4.07,2.62,0.24
instance-ac26d854-2d36-422f-8f72-61c83fa83b22,14.27,4.07,11.32,0.73
instance-b21a292d-7de5-4db6-a39b-5348c85517f0,2.2,4.07,1.59,0.15
instance-bce83edb-090e-4e27-830b-a40a346d693f,2.76,4.07,1.93,0.21
instance-bcef9f37-e9e8-43e6-b6ec-84674402a01d,2.48,4.07,2.03,0.11
instance-c53f5906-45a5-41ea-81fe-b8b2c635d60a,16.6,4.07,15.57,0.25
instance-edead68b-4f21-4644-8a79-6ff80b088dfc,1.9,4.07,1.65,0.06
instance-0a7766c0-14bf-41b4-9b06-a478d47cfd08,17.76,4.06,15.81,0.48
instance-1f39707e-7901-44f2-bbc7-832e9eae86b4,6.36,4.06,1.25,1.26
instance-20d46197-5f40-4ed9-a940-5eae070eb5f6,18.08,4.06,4.6,3.33
instance-470b44db-fa72-4410-a4d5-214c76f607d3,3.93,4.06,2.8,0.28
instance-53591e10-8aa9-46a1-ab24-f77b92eefe56,2.89,4.06,2.38,0.12
instance-6c343cbd-eb66-4249-b434-d6f9b048e15c,2.11,4.06,1.7,0.1
instance-965ab4f2-2b1b-451e-9fbe-f42196bea4f5,18.09,4.06,16.41,0.41
instance-96abb939-4fe9-45d3-8c09-19bab6bda127,5.58,4.06,3.29,0.56
instance-fef21ae2-d8f6-4ae3-bc31-e43a842b1661,20.26,4.06,9.48,2.65
instance-00562ac8-eb3e-425a-85a3-d5010c13249f,16.29,4.05,15.33,0.24
instance-066af6d3-3d08-4a55-8c26-b9b3cca1ca3c,5.05,4.05,3.62,0.35
instance-1d2d110e-2764-4176-bad7-ed2be02c691e,2.22,4.05,1.93,0.07
instance-221e54cc-c53b-4bc8-af13-e4ae361dc2f6,8.24,4.05,7.41,0.21
instance-2ef975ee-3f93-4566-a25a-f1c271c6c7b3,3.07,4.05,2.4,0.16
instance-3246cd0b-1c03-4a91-acf0-1f93a7f14694,2.82,4.05,2.43,0.1
instance-59b60b25-89b7-4080-9aeb-8d50c2e41719,4.63,4.05,3.82,0.2
instance-73bcbe8c-3b2d-4b61-af5b-fbad25e4046f,17.69,4.05,16.02,0.41
instance-8436ebf8-3d29-4418-96da-4a414d93e7af,5.39,4.05,3.3,0.51
instance-85ad634b-fb67-4513-9458-d094f454f66f,3.3,4.05,2.85,0.11
instance-8aee1993-9c23-4893-8f16-361af33514d8,16.21,4.05,13.53,0.66
instance-a976f799-a528-4d40-b5b8-0f212a25b300,4.85,4.05,4.58,0.07
instance-ade8ab96-e4ba-4152-90a2-3aec5ea0421a,4.56,4.05,3.78,0.19
instance-bbea49c3-e637-46d5-a061-f2ddcb8cbb0b,13.62,4.05,7.63,1.48
instance-be6492ba-e1c7-4be1-a570-7de3fbbfdd14,4.91,4.05,1.45,0.85
instance-dbe77a24-547b-49ce-af5b-568ff8ea5ce1,4.86,4.05,4.63,0.06
instance-e961015c-976c-4cb8-adce-802c161df644,10.54,4.05,9.43,0.27
instance-f98da25e-6023-4fd1-bc38-49fe1674c48c,16.96,4.05,15.64,0.32
instance-14477a24-4f68-4c66-9921-a042799d9363,9.81,4.04,8.41,0.35
instance-17fbe572-9d84-4d74-8d21-57f9b6a20fc1,13.72,4.04,4.44,2.29
instance-37bd1402-be9c-4916-9e83-cc86c9009936,9.59,4.04,3.89,1.41
instance-411e4288-232f-4e59-bd17-25106b2116f1,1.44,4.04,1.37,0.02
instance-44b40a5e-bbdc-4b6d-904a-caa45c43932d,0.64,4.04,0.5,0.03
instance-536fab1e-33ea-48f9-b262-9f096cbb89d3,14.88,4.04,10.75,1.02
instance-5c434074-2ca2-4ee1-ba2a-3308c54896bc,16.58,4.04,13.31,0.81
instance-615220fd-f7d9-4e31-90af-ab39f7854343,3.57,4.04,2.25,0.33
instance-631aaeaa-9019-4527-a88a-8f6359b068d2,4.68,4.04,2.94,0.43
instance-68623bf6-ed66-473b-9f12-5063dbc0c047,9.33,4.04,8.52,0.2
instance-aa81eb79-5f2e-4e1e-8e69-fe92adbd782d,1.56,4.04,1.21,0.09
instance-cfedb652-5a30-4b28-9e51-0c7ea9003274,8.7,4.04,0.99,1.91
instance-d0950faa-092e-45f9-9de1-bd84115d9498,1.94,4.04,1.52,0.1
instance-e3cf0e9e-d459-4a29-91ba-ab055ddfb227,7.5,4.04,3.31,1.04
instance-eb2ebd38-279f-42f1-95d6-4447fc703a25,11.85,4.04,4.79,1.75
instance-ed65b108-335a-4c04-9b93-86622c2d5d39,2.2,4.04,1.78,0.1
instance-f11ff8b1-3e43-4f08-a075-d815e782c844,3.11,4.04,1.72,0.34
instance-f33f54f4-41da-4065-bb7f-a0979a3e461b,17.82,4.04,16.0,0.45
instance-20385e46-2a0d-4a7e-a38a-374484434886,3.11,4.03,2.38,0.18
instance-3188dc62-ae77-4abf-9657-5ffed9c3482d,4.08,4.03,2.96,0.28
instance-35308f16-192f-48a1-9ce3-b5da92822b44,46.54,4.03,38.43,2.01
instance-732f84e7-0db0-4a1a-91b7-d1cff52f6589,4.42,4.03,4.18,0.06
instance-a0485b98-67ec-4044-b444-957c44ab218f,29.11,4.03,23.93,1.29
instance-a54934af-5035-4361-ad81-1eb8b7385c6f,1.79,4.03,1.4,0.1
instance-b1ea4e4b-8ebb-4bb1-97c2-6ea9c3dd2b59,15.02,4.03,13.23,0.44
instance-b6734e41-2fa7-47c1-b270-35cc66010035,2.93,4.03,2.07,0.21
instance-ba4f9b29-86ad-403a-946c-41ac1f74057a,5.34,4.03,4.3,0.26
instance-c0a1ffbb-a1cc-4154-8403-0ccae184079a,1.64,4.03,1.29,0.09
instance-d7666765-a565-4586-a0e7-688bc500cff7,10.1,4.03,8.93,0.29
instance-ea776b06-d39c-4a62-89a3-6ba286c08b7d,3.81,4.03,2.03,0.44
instance-f10944ba-72fc-41e7-b563-d87b2b441708,3.33,4.03,3.02,0.08
instance-015a96c9-d93e-4eca-a98e-eb586ba4a17b,7.49,4.02,6.95,0.13
instance-04597016-00d4-44b0-b104-4c6040ce2519,9.35,4.02,3.41,1.48
instance-04965f37-6276-404a-a0db-d4d97da7457e,14.44,4.02,12.15,0.57
instance-04bc0f86-1268-4ed3-bc62-fad4135d21ea,2.07,4.02,0.95,0.28
instance-07bf5c52-81d8-4b30-8966-173c1f6d7825,5.31,4.02,3.69,0.4
instance-1bc9712f-ef84-468f-9ef5-09d29feb486c,1.83,4.02,1.69,0.03
instance-258cd45c-b415-4311-be85-ea646a7a8bae,6.99,4.02,5.77,0.3
instance-26d22d9a-9318-44e9-8566-18255e57fe34,1.03,4.02,0.84,0.05
instance-2763f875-eae9-4e94-9d1b-23c49cd2cc7b,1.67,4.02,1.31,0.09
instance-29d4ec64-b251-4ba5-abbe-63fc050e645a,6.47,4.02,3.1,0.84
instance-382ddbcd-061b-4e63-a85a-b93fb9f879ef,22.65,4.02,18.34,1.07
instance-45ee2209-674e-4f8a-b5b9-6a548332927a,16.57,4.02,14.9,0.42
instance-4f133fb4-1acd-41c0-bcaf-0d7a687edc06,17.23,4.02,15.78,0.36
instance-58b06021-8641-4076-8770-72f4f6005e27,2.32,4.02,1.9,0.1
instance-a0f2064e-b1a5-496b-a413-d5e4467e1687,12.99,4.02,5.38,1.9
instance-ad90bc9e-2b9f-4545-80bf-ac66c0f4f9ea,9.97,4.02,8.79,0.29
instance-ae88df98-3c5d-4c36-936a-68dd2303bbe0,1.88,4.02,1.68,0.05
instance-bb42feda-5f09-4d51-955e-274b4af43d43,4.17,4.02,3.16,0.25
instance-c325ace8-298e-4163-af08-88117bfc6588,10.54,4.02,9.14,0.35
instance-ce07fc67-e685-4376-a265-f40446286047,1.8,4.02,1.51,0.07
instance-e56292ec-47af-4afc-a349-70acd744ca4d,14.71,4.02,6.69,2.0
instance-efa5cf5e-b071-409a-9bb0-18a8c29a6f3a,3.83,4.02,2.84,0.25
instance-f3efde6c-8f79-4844-ac86-031c6275d4f2,3.63,4.02,3.17,0.11
instance-f56bb42d-e8df-4964-900b-1a9f3ca914d2,3.27,4.02,2.28,0.25
instance-23cc8d7a-f4fa-4b70-a56c-2cd1ac2bb631,7.06,4.01,2.8,1.06
instance-2f8efcaf-dabd-4395-8ebd-93b98702a889,1.39,4.01,1.22,0.04
instance-3c4f3e8b-37a4-4c13-b880-d9f0b37c8141,3.11,4.01,2.38,0.18
instance-6156911c-e867-43c6-98f9-79506b34d14a,1.69,4.01,1.31,0.09
instance-63dc3973-8174-41c1-999f-f0cb7d98df36,2.81,4.01,1.46,0.34
instance-7118d445-b049-4148-adaa-32d776005bf4,3.24,4.01,2.4,0.21
instance-7a0d3a45-4625-4738-bfbe-dc87ec0b85e1,3.18,4.01,2.7,0.12
instance-7e2d995a-a62e-43ba-8087-e659dad9b7d9,3.2,4.01,2.35,0.21
instance-93d037c2-a5d6-4556-8d13-1da35cf8ab82,1.07,4.01,0.9,0.04
instance-b0cff788-c25c-43fa-a814-edb8c98b889d,14.31,4.01,11.0,0.83
instance-c6957b21-0bc3-49fc-a0b8-23b3bd6c1300,17.23,4.01,14.15,0.77
instance-ed5520c5-500b-46e2-a121-0dd6267759e7,1.26,4.01,1.02,0.06
instance-fbf184a6-6355-44b0-a8aa-0af7c5fe1693,2.85,4.01,2.59,0.07
instance-fcd45e53-c444-4a6f-93d0-f628496f8e07,54.0,4.01,48.14,1.46
instance-0d22059c-b44c-401e-90e0-7151ead90898,2.1,4.0,1.46,0.16
instance-16f98a38-f871-4728-85f8-d14a6147ac3e,4.23,4.0,3.0,0.31
instance-1d49a01c-e40e-4e13-892c-c1205516a250,3.73,4.0,2.74,0.25
instance-27efb363-27d0-4d05-ac83-bb12886d3100,2.39,4.0,2.11,0.07
instance-2df65094-02a6-4550-a42a-4835bb0ff444,8.0,4.0,5.21,0.7
instance-309d0952-b787-475c-9b7a-e53f53105180,4.67,4.0,3.66,0.25
instance-33e2afcf-ad86-4fa5-ae93-2ced480527f7,8.66,4.0,5.9,0.69
instance-7391f0c2-a6d4-4e85-8737-71c09848d19c,10.8,4.0,6.16,1.16
instance-75bcde23-6427-4ab5-a0cc-79b95fa20ff5,2.8,4.0,2.31,0.12
instance-77a14dfb-df2f-4a8d-9a27-d9a4664c0b44,20.09,4.0,9.64,2.61
instance-834cd3df-c3da-4bb9-8708-086598318af8,1.91,4.0,1.56,0.09
instance-97f51866-617a-4cd8-b6ff-fc50507e2df1,17.83,4.0,16.19,0.41
instance-9eb0773d-ad9b-440e-b392-427eb9398ecb,2.32,4.0,2.01,0.08
instance-ca660cab-387f-4197-b369-b1821dd124f4,2.04,4.0,1.6,0.11
instance-d7a8a6eb-653c-4a1a-8822-f68974e91e37,3.9,4.0,2.96,0.24
instance-d998d9ae-2fca-4ce2-a145-0380c65199c3,1.36,4.0,1.09,0.07
instance-f686f5db-cac0-4d04-bb90-0fc3af7c57c0,3.49,4.0,2.28,0.3
instance-1005ee08-cd84-403c-a380-24514d69e3ff,1.43,3.99,1.12,0.08
instance-17d9f2f7-b745-47f6-b37e-79938d0bc4f2,4.1,3.99,3.84,0.07
instance-21d353ee-5fe9-474f-b630-97ad1f7840c5,3.38,3.99,3.18,0.05
instance-2bafb352-fb14-41b9-958e-0a128458dccc,16.24,3.99,13.22,0.76
instance-4bf5162f-a054-4769-88ad-1ea751e0f9e1,2.34,3.99,2.06,0.07
instance-596d6a37-5445-4cd8-b291-3018bd2dbcae,3.71,3.99,2.34,0.34
instance-6f5c4d09-bc2e-4a65-9673-740226ec548b,37.6,3.99,22.63,3.76
instance-83e8dc45-a533-4872-bd28-a58e6bf366d6,4.24,3.99,3.16,0.27
instance-92725efb-f2d0-4b01-a8be-2dbb0e4a69a2,17.83,3.99,8.93,2.23
instance-b8b3c087-8137-40b8-b20f-f453cd89dd0e,57.6,3.99,7.31,12.61
instance-c2725091-3bcd-4560-b8f6-8a2b8dfe7e58,2.12,3.99,1.66,0.12
instance-d02c0dfa-6b0e-4ba9-82f6-bc4c220c92fd,58.89,3.99,31.53,6.85
instance-f4c9c3fc-3fef-4000-a733-15a1bb55871a,10.71,3.99,8.56,0.54
instance-f6566e98-2e84-40e9-8d5e-8bac104880da,0.88,3.99,0.75,0.03
instance-0a73667f-e7f9-40bf-9723-be4bea7c0dd8,4.71,3.98,4.42,0.07
instance-1386c6e7-8981-4329-bf21-2c7a47303024,33.79,3.98,22.5,2.84
instance-1cb61457-c451-43b8-96f7-350adb0b3b80,4.14,3.98,2.95,0.3
instance-22eb6a32-48d7-4dc9-b2fb-48c4b5164e94,4.28,3.98,3.18,0.28
instance-5fd9ccb1-663a-4da8-8476-1b4f216c8000,15.52,3.98,4.29,2.82
instance-8465b810-bab0-4c63-b759-1a4d4056b8fb,9.07,3.98,7.36,0.43
instance-97bd312e-a8ba-419d-8061-0c985870680d,16.82,3.98,15.84,0.25
instance-9ba0e954-befa-478e-99fb-bc47f19d0e5b,23.57,3.98,7.69,3.99
instance-a0e9afeb-453b-4150-9923-03ee7d894cba,3.69,3.98,2.7,0.25
instance-ad365650-1a66-44d0-a155-409eb349adb2,21.79,3.98,14.56,1.82
instance-b24a7120-8982-4d44-b8bc-fec18190887e,1.61,3.98,1.34,0.07
instance-c711f44b-5478-4f7a-945f-c6ad59b57727,9.54,3.98,8.61,0.23
instance-c8235a2f-e5d6-4e0e-a988-b0cd1b65513c,7.4,3.98,6.14,0.32
instance-cbb11ad6-547e-4e53-9940-7f86445a2d2d,13.44,3.98,9.24,1.05
instance-dab7cf72-6208-4a73-b052-1d8b1ee9d36a,1.98,3.98,1.67,0.08
instance-e90e6304-1227-4afe-8caa-62e63f54611a,1.72,3.98,1.57,0.04
instance-131e8a31-0caf-426d-8cb7-26fd4e112fa1,17.64,3.97,9.46,2.06
instance-1a59c6a0-5560-40e7-9e8c-ba72522baa65,4.02,3.97,2.94,0.27
instance-2ceeb39b-315e-4d0b-b103-842ac983cae3,10.45,3.97,9.12,0.33
instance-40db16f9-2d6d-4d9c-9a21-bf859c661740,9.89,3.97,8.15,0.44
instance-4441165e-1f0d-4c94-99a7-dc19be5425d3,25.47,3.97,14.16,2.85
instance-4d88400e-c7a0-4c4b-a4c2-20430eb8d3b0,4.03,3.97,2.9,0.29
instance-59defd31-cef9-41f1-9cc7-a93c7a7f89ed,10.9,3.97,8.85,0.51
instance-68731fa7-7c72-4acc-a5b9-de59a08bb84d,16.54,3.97,15.44,0.28
instance-772b726b-837e-4b3f-8bc0-bc87229bf0cf,17.3,3.97,15.85,0.37
instance-8c877918-1be0-473b-8d0b-94d2f0ecb307,4.48,3.97,3.22,0.32
instance-98da2b11-9f11-49ac-954a-ca5a8315aeba,3.12,3.97,2.65,0.12
instance-9c305946-861c-4dcf-ac3a-a38fe70012cd,11.22,3.97,9.59,0.41
instance-e9a8eba6-7a6c-4ac0-8212-7118bf60ece1,19.37,3.97,8.92,2.63
instance-f2a881b1-7e8c-4310-bd44-4504504b5990,16.77,3.97,11.15,1.42
instance-fc55481a-2463-4f55-9d84-c852797943dc,14.56,3.97,9.38,1.3
instance-fcbdf31b-b763-490e-967b-0bbe23579d76,1.76,3.97,1.43,0.08
instance-047b5a9a-a99d-4187-b40e-1c0a4be2731f,1.46,3.96,1.24,0.05
instance-350727d4-b768-4123-8ed4-46e2836fd684,8.58,3.96,4.98,0.91
instance-4a2375e8-02c6-45f1-9bce-989741f160ac,3.98,3.96,2.84,0.29
instance-5187148a-4323-4bac-8076-d73edb5bb7b3,3.75,3.96,2.58,0.29
instance-51bc92cb-5ea2-4099-a428-3bdb993f495d,17.16,3.96,15.91,0.32
instance-555bd104-4fa7-4ffd-906d-ca7f4eb5f70a,17.5,3.96,15.02,0.63
instance-57056634-11f8-47dc-b8f9-115393abb7a0,20.68,3.96,18.24,0.62
instance-600577d3-64d2-4b99-8906-249aecdc3b2f,6.89,3.96,5.96,0.23
instance-6784ff0a-8cfa-4f60-a4d1-d735f260f80b,7.0,3.96,6.29,0.18
instance-6edb75c3-d0c6-4323-a1d6-1e8bd37cf1da,1.71,3.96,1.35,0.09
instance-775bcfd5-cbc8-4eb5-8c18-a32dac96d621,0.86,3.96,0.7,0.04
instance-7f881a54-c498-4cb9-8f3f-117a4dc3302d,4.0,3.96,2.91,0.28
instance-8481b8a5-56f3-4959-9479-a8414376f8a3,5.02,3.96,4.25,0.2
instance-97d36310-9b07-4fc1-88eb-a312738a9a2c,18.24,3.96,10.02,2.08
instance-db33f7c7-b836-402b-a775-2a343c8bdab7,3.88,3.96,2.29,0.4
instance-1290b80e-bd56-449f-845e-9a8301240b18,20.9,3.95,10.51,2.63
instance-17ab26e0-16e0-4186-bb95-4012929a0e31,17.14,3.95,14.77,0.6
instance-1abc1a6e-7fc0-4f13-a6f2-6b5e379e5d0f,9.05,3.95,8.31,0.19
instance-2c90cd9a-3eeb-4d05-ba46-39067f72ff41,44.04,3.95,37.96,1.54
instance-3f5d989f-0b48-4767-82fd-7c2ba2253443,1.61,3.95,1.2,0.1
instance-49146d1b-8ef6-4a39-a9bb-ce6ff8cd89d5,1.83,3.95,1.44,0.1
instance-49683c12-92bc-41bf-8ad4-7be0aa4564f2,3.98,3.95,3.25,0.18
instance-51f9512a-47f9-408d-b73c-e04554eb6781,8.52,3.95,5.12,0.86
instance-5e42f649-b035-4eb9-bd7c-359dd60b9138,16.68,3.95,15.4,0.33
instance-6f344b60-4bac-446c-a578-9803f3d6193f,15.24,3.95,14.08,0.29
instance-781250cc-3c26-4ba2-98d3-7758b1fd79cd,8.86,3.95,3.07,1.46
instance-a1d407c5-a1ee-4479-9571-7b296453a5d6,14.98,3.95,12.33,0.67
instance-a41d0f39-9c6c-4f8e-93c7-fb6401c03eeb,4.08,3.95,3.13,0.24
instance-a7911025-28ad-44aa-8b3f-65bb6439de1f,3.83,3.95,2.99,0.21
instance-bbeac6d7-3c38-4e68-a5ce-76002d1f0621,16.11,3.95,4.07,3.05
instance-d195e43f-4c38-409e-9dda-4d38a8fce69d,17.53,3.95,6.13,2.89
instance-f15c152d-6250-4005-8ed8-d5bd484da190,6.83,3.95,4.43,0.61
instance-f9d9fe74-61f4-4066-8933-c4079b1a60f3,6.02,3.95,5.22,0.2
instance-241e84d8-1b3c-4f61-8287-73a2c92cb9f6,17.31,3.94,16.19,0.28
instance-2537f8c9-f033-45ac-bd9d-fbe9e804a4cc,4.25,3.94,3.0,0.32
instance-2c7e350e-471f-4f9a-a506-0d5fde64ddb9,7.06,3.94,3.32,0.95
instance-4b632ed4-e73d-420c-bae9-4bced6410dce,2.1,3.94,0.7,0.35
instance-55e4a2d2-8fe3-4ea2-b8b6-e74314e99d75,0.51,3.94,0.36,0.04
instance-6abd3fcd-9147-41c9-9db9-4bf5e0534423,1.56,3.94,1.29,0.07
instance-6dc18650-7e89-4481-b020-b70dc8845359,5.33,3.94,4.08,0.32
instance-762b85c8-126a-4327-ac03-70d1208ece2d,4.87,3.94,3.94,0.24
instance-870bb32a-a16a-4ef5-8bb8-e89308feb6bc,19.18,3.94,16.81,0.6
instance-b3d2daf1-4535-4129-8dac-2e6131486bee,4.23,3.94,3.34,0.23
instance-d1565658-c656-4885-a8af-3c2ec9cfbaeb,3.13,3.94,1.44,0.43
instance-d50f0698-7464-4d35-a7d5-ae1dae4ccfb0,2.61,3.94,2.34,0.07
instance-e36c072f-898a-4917-8e40-be8b54f93a08,15.04,3.94,13.46,0.4
instance-e3d2996b-3f01-4e4c-b6b4-1a8524fd9fa6,7.22,3.94,5.39,0.46
instance-e6508f9d-a97c-48f0-a7a7-2e10a38b9224,5.82,3.94,2.71,0.79
instance-f3ab4219-f089-49d8-a9ad-18f4301d8562,6.63,3.94,6.04,0.15
instance-09b73c7f-9ec8-4d21-bde0-1ce7b3f36cbe,1.13,3.93,0.94,0.05
instance-3ae8cd15-e599-43e1-a768-4935e45d8db3,1.62,3.93,1.24,0.1
instance-4faa17e1-83c3-4c37-a23e-35988c44a041,18.23,3.93,15.43,0.71
instance-633550c3-e577-4268-bb9f-3429c4d1f9a5,7.21,3.93,2.69,1.15
instance-6e18d05b-2637-4323-bf73-9f04e0d32b71,3.86,3.93,2.49,0.35
instance-70379a71-4ec8-4ee5-a1ba-2035b5253cb1,2.45,3.93,2.05,0.1
instance-765bb49d-e3db-4e6b-92af-e722c52dcbbb,6.69,3.93,5.91,0.2
instance-8bb55939-0c54-4935-80d8-7cc2f7077fcb,3.99,3.93,3.28,0.18
instance-9359db9b-7a00-44b7-a236-91f8c5661336,8.54,3.93,7.54,0.25
instance-b529d4c4-82d3-4240-8a92-ff87a7d6e936,12.27,3.93,8.02,1.08
instance-d8888d2d-d1a8-480d-84e5-51c91f105233,11.48,3.93,5.64,1.49
instance-e8bbed45-1cfc-48cb-9e0a-f15bac665756,4.2,3.93,3.62,0.15
instance-f1585045-b634-4903-85dd-20ce7942452b,17.1,3.93,15.78,0.34
instance-f308ef83-c169-4536-b30f-abac2e147d44,12.97,3.93,11.7,0.32
instance-f55f4ff4-1a57-4ea5-bf62-6b0f34a399ed,9.06,3.93,8.18,0.22
instance-1bdd33e3-0b78-4c29-8005-05a275c6b115,5.09,3.92,4.0,0.28
instance-1f432490-5ced-4801-bd21-470979fa6353,3.05,3.92,2.15,0.23
instance-2ec8b963-6265-48e3-a438-378bab503068,19.23,3.92,14.73,1.15
instance-3b266ae6-2a19-418c-b61d-6d6aa5bc36ce,2.92,3.92,2.29,0.16
instance-46e27734-25c9-40af-9839-bf6efc07462b,10.5,3.92,9.29,0.31
instance-4e4354e3-ee7b-4679-ae67-ec2c9ef8f61b,15.83,3.92,14.56,0.32
instance-51896ca9-6a23-4541-a0b3-264e9ccc66e7,6.17,3.92,4.83,0.34
instance-68d834a3-f2d1-46b1-a39d-aedd8f77489d,3.08,3.92,2.55,0.14
instance-8388ff2f-b560-46a7-a674-efc20faf07ef,2.92,3.92,2.36,0.14
instance-84f3eaa3-f222-4afb-9c05-889047b8cf9a,4.3,3.92,2.62,0.43
instance-864c72b5-fe28-4a54-9121-3f030034cdf3,21.07,3.92,14.23,1.75
instance-a0279092-cf39-4186-b538-caf52252c6f6,3.79,3.92,2.97,0.21
instance-a2029858-fcab-4f7f-97dd-303cb012697d,9.1,3.92,8.29,0.21
instance-d5e9412f-8093-4724-8fac-cdc9c3d72e1f,0.11,3.92,0.1,0.0
instance-e0e6446b-aa55-432a-9d68-27f6d2f54998,2.11,3.92,1.64,0.12
instance-077fabc8-3164-451a-8573-2ba343304b9c,1.57,3.91,1.17,0.1
instance-2e1ba846-bcbf-4c30-b396-fd941baafa8d,0.67,3.91,0.58,0.02
instance-53837516-b032-4418-a8b4-6a187839158c,3.26,3.91,2.59,0.17
instance-632c1b67-702f-4f47-abf7-ab99d988b639,11.22,3.91,4.22,1.79
instance-68588b94-0e42-4c91-a8f7-c3170869ef93,17.35,3.91,7.95,2.4
instance-7435d44b-6b05-41c7-bc3c-68ff2e0bb5ae,5.32,3.91,4.74,0.15
instance-7c713003-9966-49bc-998b-c1af271685e1,3.27,3.91,1.84,0.37
instance-84b685e2-5992-4165-a18e-eb995d7316b5,13.94,3.91,11.98,0.5
instance-9230d494-4b6e-4009-becc-106265bd7c3f,5.17,3.91,4.84,0.08
instance-abb21628-5b91-477d-8b0d-f662ab77a8c4,12.21,3.91,7.87,1.11
instance-b08b6b80-f5c1-4935-a743-21128ab04dad,3.67,3.91,2.65,0.26
instance-ca11b74b-1d36-49d4-8f5f-e9d0383fa043,3.32,3.91,2.28,0.27
instance-d9b3afdb-cc16-4165-920f-bde5bf1af854,13.66,3.91,6.84,1.74
instance-d9e516e6-aaac-413f-a714-ab688c3e1d4a,17.99,3.91,16.06,0.49
instance-1bbfb755-07e8-4ea7-b203-6ccf7cc1fa0e,5.29,3.9,3.12,0.56
instance-3aabee26-2fdb-463f-b344-962d09cfcae6,3.47,3.9,3.2,0.07
instance-3c00fae2-5d90-4f63-8755-7e2039a782a4,7.78,3.9,2.38,1.39
instance-5a501c7b-110b-438e-882f-92c759f8a13f,4.06,3.9,2.99,0.27
instance-5f34a44a-b48d-42e8-9d66-208e517d4a28,11.74,3.9,5.56,1.58
instance-63686bd6-0017-484a-a546-e42e1ab9f060,55.29,3.9,30.08,6.46
instance-77e17b70-3206-460b-b904-6e45c6b50e12,47.18,3.9,22.95,6.21
instance-89f88155-bd48-4161-b6aa-77844d17a565,16.43,3.9,4.08,3.17
instance-a4fc912d-b698-4f59-8a06-af9efda77918,3.98,3.9,2.96,0.26
instance-bbd0d22d-c792-458b-b083-fb1099e94fff,7.17,3.9,3.82,0.86
instance-c1c41161-742b-4bb5-b700-2e89b0f87f77,2.14,3.9,1.97,0.04
instance-daae2721-0fab-41e1-a854-7ac5091ba570,4.54,3.9,3.18,0.35
instance-de27b149-93c3-4994-9724-77b01527aa50,9.48,3.9,8.05,0.37
instance-e2356e33-9d9e-4daf-bf10-ec9d85441a6b,16.79,3.9,15.66,0.29
instance-00356c59-e371-4da8-a0af-da70917a5269,2.69,3.89,2.31,0.1
instance-00e52fb8-53e8-4b7f-bc14-d062b5a72571,18.55,3.89,16.71,0.47
instance-16682268-bfe1-4f20-821e-23b26b56a5d9,0.24,3.89,0.22,0.0
instance-24c458e0-fd8c-484f-ab26-a28e70546e5e,28.91,3.89,14.5,3.71
instance-28fa39dd-e004-4858-940a-737980e3ef48,2.03,3.89,1.86,0.04
instance-5b859e4a-463b-4e3d-844b-0f43aad829fc,1.68,3.89,1.3,0.1
instance-63f24ffc-86f2-4537-be87-5e7f240a3bd9,11.47,3.89,4.32,1.84
instance-85ece6af-8012-4e54-9256-88dc6805aa21,4.35,3.89,3.01,0.34
instance-8cca5dc8-40f4-4886-a755-fb6a482bed22,19.02,3.89,16.91,0.54
instance-90bb22c0-e3e2-46ea-a8fb-57e7b8c57cff,5.01,3.89,4.54,0.12
instance-9497777e-da8f-49fe-ac61-e1c44df90489,10.0,3.89,5.53,1.15
instance-94e3636c-5e75-4b50-9075-f3a712561278,4.56,3.89,3.27,0.33
instance-9fb31c05-d76a-4348-ba74-e9025d2c2953,6.6,3.89,3.8,0.72
instance-c6014e0c-6d40-4b75-8a91-fe643212ed41,61.6,3.89,54.43,1.84
instance-27dd79e3-3486-46b0-a5e5-f97023a143c6,13.52,3.88,4.72,2.27
instance-2feabc37-ebb8-4bf5-b675-3961f2c1dd64,2.44,3.88,0.75,0.44
instance-31d3accb-44a6-4e12-b025-da740dc522e1,4.06,3.88,3.01,0.27
instance-43be0975-cfa1-4047-ba5d-4f882e153d00,3.83,3.88,2.92,0.23
instance-5e6735c0-6c2d-4c96-b875-dfc82c85cafb,13.73,3.88,4.66,2.34
instance-794e90eb-b924-44fe-8cbf-b176f74ab357,46.71,3.88,39.65,1.82
instance-7a4e6a2c-ec2d-4505-bc10-351e9e5bd07c,8.48,3.88,8.08,0.1
instance-7add1aef-8324-47ae-9302-915aa088d424,3.93,3.88,2.2,0.44
instance-8b70d95e-9b71-4a33-afb7-6fd31c8dd5f5,20.56,3.88,17.99,0.66
instance-b55129e3-60ff-45c6-94b7-6e6716a0d328,7.79,3.88,6.79,0.26
instance-c041786b-fc4e-48ae-9234-8ef8e3873cd0,14.29,3.88,13.27,0.26
instance-e55735f9-81d1-4856-860d-55bbe927b824,15.76,3.88,14.3,0.38
instance-02065d65-fa44-4c2d-b3a0-7ba4ebb6aa94,1.25,3.87,1.16,0.02
instance-0a6cef30-0967-4d40-a4c3-271358ddfcab,3.23,3.87,2.29,0.24
instance-22accc6d-2627-47e0-a281-f86f57ed915c,5.89,3.87,5.43,0.12
instance-451277dc-fc28-46cd-85a8-704765af5f7d,1.55,3.87,1.25,0.08
instance-5b604ff6-3b7b-4ab4-85b7-c4f596d85c34,18.83,3.87,15.28,0.92
instance-6c9c8ec8-1f28-49ad-99e4-7f4a3405fa6a,22.78,3.87,18.26,1.17
instance-88f1cdc9-3e85-4192-b8ab-69724b2d06d2,3.62,3.87,3.3,0.08
instance-90b9786e-652a-452f-a3e4-7b46b7a3a6f7,3.54,3.87,2.84,0.18
instance-95f61886-f197-44ab-91ce-d3b4576410e6,10.46,3.87,4.14,1.63
instance-b02569d5-38d3-4a4e-9160-b6324e42face,10.07,3.87,8.65,0.37
instance-c2f46f66-4f48-4c7d-bb00-80cb1133ab50,0.6,3.87,0.47,0.03
instance-e674a4a4-441d-4869-89bf-aec89bde292e,1.31,3.87,1.19,0.03
instance-1cf9aa92-e20d-4bf0-a1ac-09c33fef5e9d,2.31,3.86,2.07,0.06
instance-22743e36-3acf-4cf7-bb62-998d2a471dc2,1.27,3.86,0.58,0.18
instance-2caa1653-6fad-4a04-a5b9-cc7ccd7472be,23.27,3.86,15.7,1.96
instance-33808875-21f0-44a1-8d27-5e24fb5db2d5,3.19,3.86,2.62,0.15
instance-40acc3cc-27c8-4585-a83c-9e0358128d76,3.85,3.86,2.73,0.29
instance-4b542980-da98-45b2-8831-3b5400d55a88,6.82,3.86,5.2,0.42
instance-4eed3d19-91fa-4f88-8813-28c98da1f98b,5.82,3.86,4.82,0.26
instance-5ba04a43-9333-4d1b-a141-e573542523e7,4.02,3.86,3.35,0.17
instance-61f46e4b-98cc-4af5-8f43-50e092218f35,5.97,3.86,2.38,0.93
instance-6da615c1-2e3f-405c-8237-ac46b45c10ea,4.06,3.86,1.62,0.63
instance-7a4f2b01-9f91-4791-89f7-4f79ac22c950,3.65,3.86,3.04,0.16
instance-7d55973b-81bb-46cf-b41e-d66ebdebe618,4.21,3.86,3.19,0.26
instance-c9383de5-a963-4090-b950-56b851c140b6,20.69,3.86,9.09,3.01
instance-d4c09a26-d794-4a29-b05a-08f22f22137e,15.8,3.86,15.12,0.18
instance-d5bda457-7066-4694-97bf-0151914f3880,10.51,3.86,4.52,1.55
instance-e6661f5e-0693-43fd-9411-19f90e063f52,32.07,3.86,3.46,7.41
instance-ea87033d-4275-4706-9907-9169d3f83f2f,31.46,3.86,13.72,4.59
instance-0a31b120-15f8-4a70-9f5a-0c6d52d1e1fc,7.06,3.85,4.39,0.69
instance-36b25a38-7a29-45d3-9224-5cf2907f7a0c,4.43,3.85,2.94,0.39
instance-3a6e135f-22d5-413e-b6af-4ee11768f7db,11.33,3.85,9.03,0.6
instance-4eaef7ab-7c04-4771-8b3b-28fa43b7a5ea,20.3,3.85,11.27,2.35
instance-51579d7e-3f50-4315-9c86-6e50afd05272,5.49,3.85,4.68,0.21
instance-62222026-88ee-4fa9-b2d7-a38c7929e5a0,16.89,3.85,10.67,1.62
instance-628ee539-b040-44eb-9722-383125441271,3.42,3.85,1.47,0.51
instance-65941fa5-3109-4fce-bfc3-7e0f6e182fb7,19.36,3.85,17.42,0.51
instance-7a83b529-0c99-41a5-b82c-4a34a7a5be2e,16.69,3.85,15.62,0.28
instance-7f9f8086-68bc-4033-841f-e8765d4537fa,2.08,3.85,1.92,0.04
instance-930bfcf8-e8d4-4f8b-bdf7-308ba5aeda7b,15.45,3.85,4.77,2.77
instance-ae52ab01-3e5c-400a-948a-dc570e9c807a,19.57,3.85,5.28,3.71
instance-b79575fd-06d8-445d-b9f1-0ed082ab6bd7,2.28,3.85,1.93,0.09
instance-b9fcdc17-a39e-4449-be16-2296070b5f6d,4.7,3.85,3.36,0.35
instance-bf5c17ec-859f-48ce-af4c-2a9dbfa9fcb3,4.27,3.85,2.97,0.34
instance-c7f0ba44-4efb-4ba2-981f-58c425215df0,9.07,3.85,8.23,0.22
instance-ca36edfc-270e-4828-a55b-222e8c935c36,4.0,3.85,2.44,0.4
instance-0ff02767-ade8-49a4-bc52-d35a0af8695f,5.17,3.84,4.02,0.3
instance-172e81ee-4e61-45ae-b6d3-8e50006215e1,3.7,3.84,2.51,0.31
instance-1d400ab7-bcd1-42c6-9f90-e20aa9d7f404,9.92,3.84,9.06,0.22
instance-2066995a-343c-45b9-af5e-366c71b3920e,32.87,3.84,12.99,5.18
instance-2834fb06-ca57-4ccf-b64a-d90331190707,11.1,3.84,9.48,0.42
instance-2bff3c7e-9980-4a4b-a495-343c2585cd2f,8.45,3.84,3.55,1.27
instance-45ddca48-6dd1-4fc8-bfa7-10d89624c22e,2.78,3.84,2.54,0.06
instance-476e5dca-a44f-4f2b-a7ef-5c7520f5ea1a,4.63,3.84,3.3,0.35
instance-4781e49d-7501-419c-a6fc-0c9572f098bb,7.72,3.84,5.24,0.65
instance-600cdef6-a928-4e79-9e86-af828956ae37,3.15,3.84,2.44,0.19
instance-66d2daab-9ab6-4540-a726-40c3156ad36d,5.07,3.84,4.3,0.2
instance-716c32b1-d1db-402a-8e25-001ea8670c7b,3.88,3.84,2.91,0.25
instance-7dfcc2d8-8472-4f30-b88a-f99626557e5d,5.46,3.84,4.55,0.24
instance-9b3bf4e5-c1d6-43fe-b55d-e1f8d793e20f,3.46,3.84,2.13,0.35
instance-c4e9b3b3-6b2f-4377-a7a3-dc38134499dd,4.86,3.84,3.94,0.24
instance-c7910fd9-b407-4751-b895-7317ac74d42a,2.47,3.84,1.76,0.18
instance-d05ffcf4-3edd-4379-a4db-e5a01c279e16,2.53,3.84,2.18,0.09
instance-d880f312-21cb-4555-88df-fed5eecc45bc,4.86,3.84,4.15,0.19
instance-eb5d3dd6-41fd-4adf-aff6-b47913782799,3.04,3.84,2.86,0.05
instance-0362ad37-ad7e-472c-acb4-b66ff444b01b,17.57,3.83,15.06,0.65
instance-0ba8bc97-c68f-4734-8918-108b31f97119,17.57,3.83,17.03,0.14
instance-0ef9e7fe-499a-40fe-923d-693bf4493b8a,15.45,3.83,14.06,0.36
instance-191eee3b-708c-45ba-a0f8-bd56abcc165f,3.87,3.83,3.0,0.23
instance-274720e6-8bab-4c01-b5e5-87c9ea3621d4,11.07,3.83,8.9,0.57
instance-36438d67-9a49-4bd9-a430-6ee354e37336,49.31,3.83,43.85,1.43
instance-36cc4de7-f702-4096-870d-a970b7df8201,17.17,3.83,15.88,0.34
instance-4e5179c0-80d2-41ff-9a45-7ef196a2720a,11.26,3.83,9.8,0.38
instance-586490de-d05a-4e58-b69b-0ce4acf0cb61,3.91,3.83,3.64,0.07
instance-61dbefc6-5549-4818-8f11-213d6b8cf424,19.64,3.83,14.91,1.24
instance-723e2fbf-a02e-4561-b9de-f2180ad8ce2e,19.56,3.83,16.78,0.73
instance-7a1bab93-ef3a-4799-82a9-fccd34d7c596,4.78,3.83,4.1,0.18
instance-9325a5c6-cd6d-476a-9971-2e38334d304d,1.61,3.83,1.13,0.13
instance-a4782b1c-945a-4863-a18e-da60bc4d5e03,18.31,3.83,16.77,0.4
instance-abc96fdd-64b4-4920-9c17-862b6574ef53,6.2,3.83,5.46,0.19
instance-b1caead1-9875-409b-a7aa-78f9f45c1fcd,3.87,3.83,3.45,0.11
instance-c8f0431c-f8c2-4304-8fca-580574a2ae4b,8.78,3.83,7.91,0.23
instance-ceb9ac4d-39ef-48ad-ad13-a88d04efe4f6,7.75,3.83,1.8,1.55
instance-da035c7e-593f-4999-9295-39745d54a2e1,4.88,3.83,4.34,0.14
instance-f7c5579e-a15e-413f-b8ad-d8232a1fad36,5.63,3.83,1.66,1.04
instance-1188a9bc-04d2-47e7-a888-a3755112f086,16.72,3.82,16.06,0.17
instance-2fb06400-4cf3-43f2-9e4e-586af96d8635,4.48,3.82,3.87,0.16
instance-44879c19-db0a-4764-9017-f86cc3ed2e82,1.62,3.82,1.03,0.16
instance-69eab22d-75eb-46cb-aeba-7fd6b04c09e5,47.64,3.82,26.74,5.47
instance-780d98ea-bf3a-486a-9c0a-e85780867d92,17.06,3.82,15.82,0.32
instance-95e47a61-779d-40c2-b229-a586475b1907,3.28,3.82,2.48,0.21
instance-b5ca2b99-41f1-4cab-b397-f526b71f496d,3.51,3.82,2.68,0.22
instance-bdf91a8f-dbe2-45de-8a7c-f5cd7f6ffd65,7.56,3.82,6.37,0.31
instance-d114a700-ebe2-4fcf-8ebd-1c807523de5c,2.23,3.82,1.79,0.11
instance-311af301-e159-430a-986c-aa95507ff9b7,6.11,3.81,4.96,0.3
instance-3d3f4bdc-ae9d-4ac0-9452-7b40885d9cc7,3.87,3.81,2.91,0.25
instance-4b03dce7-ce7c-465b-8fa5-f8db072b07e4,1.75,3.81,1.48,0.07
instance-53f1c980-00a0-4d50-8694-282e1e611f58,3.86,3.81,3.02,0.22
instance-553f5b43-544f-4e81-9812-81eddc2c68d2,25.69,3.81,21.58,1.08
instance-6f0c2ca0-91a8-4da7-831f-67d546b62266,1.88,3.81,1.57,0.08
instance-7f43bd2e-21d0-497d-820d-daa361c12018,7.84,3.81,4.28,0.93
instance-81141e81-4e0d-468f-94cc-f9833cf84e79,1.97,3.81,1.81,0.04
instance-81ca0aee-ddd2-45e7-aef0-a49cf90bd006,3.6,3.81,2.52,0.28
instance-828ba5c1-ec42-4ddc-a8a5-5b19615d3a02,9.13,3.81,8.26,0.23
instance-89ad34b7-3ddb-4f86-91d4-a5441062e928,4.85,3.81,3.58,0.33
instance-8ef483ac-3e14-42e4-8642-0265518e45ed,2.75,3.81,2.08,0.18
instance-9871a1b2-e368-4259-8b9e-9ee2d26b6ef5,15.69,3.81,12.86,0.74
instance-a8e90810-3afc-4ede-b577-eef3be19d7f4,9.26,3.81,4.14,1.34
instance-d3f75fd2-92bb-40b1-b510-947a67354e81,3.24,3.81,3.08,0.04
instance-e527495b-e4e1-46b9-a7a6-929f35e49662,5.31,3.81,4.37,0.25
instance-fe1eded8-8699-4c1e-a17c-58e874e1ed04,6.32,3.81,4.98,0.35
instance-124ea954-1fbb-4856-8b93-c2bc6fdb97f4,3.91,3.8,2.89,0.27
instance-26eb3e02-c980-49c6-b818-0c27c6d23096,25.9,3.8,4.48,5.63
instance-2e493240-06a0-4276-80b5-fc4c80f47e15,17.56,3.8,16.0,0.41
instance-346e3c5d-2af6-4b4a-b6e8-317403a9186d,1.9,3.8,1.8,0.03
instance-3a1534da-521a-42b7-b8bb-f0cb50872d97,0.7,3.8,0.62,0.02
instance-3a1b20e8-d6e9-4dad-9301-92f11cfa5d7c,16.34,3.8,15.1,0.33
instance-3acd9709-194e-4886-a09e-aea539b998c3,10.39,3.8,9.59,0.21
instance-4898782a-9c3b-41db-8353-dc7aca188486,23.49,3.8,8.32,3.99
instance-4d3c6abf-09ad-44ce-9aae-02dbad8ea823,15.42,3.8,13.16,0.6
instance-680507ea-be20-45f2-870f-2ac4f7d02046,8.13,3.8,6.92,0.32
instance-77354cea-21c3-464c-8013-66a68ad8f208,3.75,3.8,3.47,0.07
instance-845aebdb-243a-4aba-a83d-b5e815049c2c,1.52,3.8,1.29,0.06
instance-9f55e485-4f05-4ba2-a3e1-9bcba3bc2fe6,12.53,3.8,4.45,2.13
instance-b9e6a23e-3062-4e9c-81f7-452b85bffc4e,3.36,3.8,2.28,0.28
instance-cfe889ed-2354-41d7-a0bf-c5c1b8c5f4c5,9.7,3.8,8.9,0.21
instance-eaa9ddf9-f43b-4ecd-8305-6745b767792e,26.8,3.8,23.96,0.75
instance-357bacc5-42a5-417f-903d-36563e374d29,4.55,3.79,3.96,0.15
instance-559486f7-8beb-4c3d-8b7d-5c36c608f61e,10.16,3.79,8.63,0.4
instance-5ac357eb-2a93-4287-94a0-ae77c517c739,24.06,3.79,18.2,1.55
instance-6a09a4df-4dd2-4509-87ad-216756e9ba45,8.23,3.79,5.95,0.6
instance-6fd91e82-f5f4-474d-81cc-7402a11997a0,2.81,3.79,2.42,0.1
instance-780b60fd-9eeb-4a9f-9e8a-3886133f356b,3.98,3.79,2.45,0.4
instance-8b15a4f7-0fbb-4cb8-920a-3b6d5c534b03,22.37,3.79,9.42,3.42
instance-a1f91951-e133-49c6-a486-1ca734d7ee47,2.07,3.79,1.7,0.1
instance-a90960a4-42bf-4729-80bd-42018a5825d4,3.23,3.79,2.45,0.21
instance-bbc5b21f-29b8-4ac2-804b-6581a6ae13fa,2.97,3.79,2.32,0.17
instance-bf610510-9b14-41b8-a096-d09c01e2a964,65.85,3.79,6.68,15.59
instance-ddc03d9d-9cb6-49b2-b6b4-2be8c0e5647d,3.36,3.79,2.78,0.15
instance-e00b8504-aa02-4698-b4df-2ecdc165ebab,12.27,3.79,2.6,2.55
instance-e7531ceb-3c92-4c8b-b8f3-2e9512a9f99f,17.43,3.79,2.49,3.94
instance-0f5fcf9e-40bd-4fc1-a658-1765d4770483,18.15,3.78,16.59,0.41
instance-12228ecc-aff3-42ee-b26c-2e9f68997167,12.68,3.78,9.63,0.81
instance-1cb164c8-60b4-4cb3-b2eb-09bc5ae66960,3.44,3.78,3.12,0.08
instance-312ad25a-3ca4-4e84-ab7e-7fc9a8532810,3.88,3.78,2.84,0.28
instance-474e5f77-739f-4e8e-93c6-0b3aba26b5e8,10.18,3.78,6.54,0.97
instance-4ec88fd1-f5b0-4f28-b854-c67b3f8fce5e,36.74,3.78,19.69,4.51
instance-55ad1cfa-093d-4f06-a533-76c14a9e80c1,6.56,3.78,4.21,0.62
instance-7f4f9328-0fee-4ca0-8e2f-b29ecadf11fb,21.33,3.78,13.77,2.0
instance-887a8e1f-e51c-4e18-8e9f-d5db13caa607,41.58,3.78,23.85,4.7
instance-927fa282-b875-4e12-9dc7-5b600ffff048,1.36,3.78,1.29,0.02
instance-9d10aa21-8de3-47d7-a453-9f1b4bc942f9,3.96,3.78,2.9,0.28
instance-a3b54a7e-4c92-4773-8d0b-dcb81c353b8e,2.6,3.78,2.31,0.08
instance-bae91ec1-bcc1-476d-8aac-6fda25de1f34,2.75,3.78,1.46,0.34
instance-c4ef04df-5e03-482a-af1a-f588ad9ba97a,41.25,3.78,37.82,0.91
instance-c904b4b2-3b83-4c77-bb95-6aa347c35b98,0.53,3.78,0.44,0.02
instance-cc2ad876-b286-4a79-b2a7-be1d7800f587,8.31,3.78,6.25,0.55
instance-cc806413-9001-446f-b09e-8f1ac105fa4f,3.88,3.78,1.3,0.68
instance-ceef5f6d-28ee-4290-8b67-e93070af0cff,61.22,3.78,34.98,6.94
instance-d7662d8f-3f84-4646-974f-86e3c4d740f9,17.63,3.78,16.24,0.37
instance-df8792f0-6e21-462a-9220-4a6d8a69434e,3.8,3.78,2.67,0.3
instance-f65b3eb5-061e-44bc-a7ff-e2e133c0d7e1,2.24,3.78,1.87,0.1
instance-21358e8e-5433-47ba-848b-f1d89873ea9b,1.8,3.77,1.35,0.12
instance-22e9aaf7-a60c-4030-b929-e622201eca1b,1.88,3.77,1.53,0.09
instance-5459a127-536f-4a3b-b7be-4cdab51468c9,3.33,3.77,2.76,0.15
instance-5e0be221-e46c-4bf1-a125-8710a714f9ef,7.81,3.77,7.23,0.15
instance-635a0621-8366-4971-a960-7f7da79d7466,10.6,3.77,9.58,0.27
instance-8d438627-123d-4154-9d27-138da57036d8,1.45,3.77,1.23,0.06
instance-9d07fbbf-d601-4855-820a-1a4d3775afa8,3.68,3.77,2.82,0.23
instance-aa4a7841-2632-4fc6-97ce-bea92d93b69e,14.13,3.77,8.7,1.44
instance-ab9371f6-8682-424e-871f-f950d1d764c9,13.7,3.77,9.33,1.16
instance-bd99ce6e-fbb8-4198-bb60-5328b217a93a,4.35,3.77,3.77,0.15
instance-d4f53ec0-da49-4524-8b8f-59e77de7c747,3.05,3.77,2.87,0.05
instance-e225061f-76c1-47c7-b7a9-80d544871dc0,6.82,3.77,5.72,0.29
instance-00e6b827-5245-49a4-92ce-0dd8ab339e30,4.38,3.76,3.11,0.34
instance-0effaedd-588e-44af-b28a-172d0d177703,11.66,3.76,10.94,0.19
instance-24a02594-0243-448e-adaf-9bb062e4336e,14.01,3.76,12.76,0.33
instance-2aec0c5d-a4b9-42eb-bf5c-2f1d4efe7f41,9.71,3.76,3.21,1.73
instance-320ab13f-0d8c-443e-8b5a-967d0f7bd037,1.48,3.76,1.26,0.06
instance-360adbfd-47f1-427e-8087-b0e89307904e,3.51,3.76,3.2,0.08
instance-40abee07-bad3-4c6e-8ed1-c2582f3d5989,26.28,3.76,4.37,5.82
instance-441ebcf1-f8ec-4905-b11b-6dc069c15c61,2.34,3.76,1.92,0.11
instance-766b699b-07d1-4243-96a1-78e4035c7ee5,50.87,3.76,25.27,6.81
instance-b05cd5c5-2245-45c7-bd47-3430d6b913f8,3.15,3.76,1.88,0.34
instance-becd4d15-26d7-48bf-88a2-12ea287c6f1c,15.79,3.76,14.45,0.36
instance-e757b99c-3270-444c-bfd8-6c1b072d4ad0,9.55,3.76,8.7,0.23
instance-fc19d4ab-6e5e-43e8-a645-08fc8bf42669,7.2,3.76,4.15,0.81
instance-0f57aa67-ee3b-4627-ad63-1855b72dbf6c,60.87,3.75,35.76,6.69
instance-10e93994-29b8-4f99-a676-c0040fd0cbc3,17.83,3.75,14.84,0.8
instance-264a0a6e-8661-4b1a-8b02-55d9cb166c07,16.89,3.75,15.64,0.33
instance-2b4f4192-9dc3-4dda-8b9d-f7e1e9da3ee9,0.23,3.75,0.21,0.01
instance-57f67fca-bfe1-4c9d-aad0-086c154e69e5,8.14,3.75,6.95,0.32
instance-810f46d3-328a-4909-a566-583eef9e6a49,3.98,3.75,2.72,0.34
instance-821c37a6-c040-4466-a831-39cbc9eb8947,37.18,3.75,27.62,2.55
instance-885aa177-a4ff-42ea-be7f-abb5fb789cfb,3.6,3.75,2.93,0.18
instance-9de12de0-e62a-464b-a3c4-e33137404e89,3.56,3.75,3.22,0.09
instance-a66d8cec-560d-477d-9e5d-28b40cc63855,32.27,3.75,17.96,3.82
instance-a98344f7-783d-4f67-8da5-ae5bdc34a718,19.58,3.75,8.27,3.02
instance-c5fdfe43-5db0-4902-9243-c74c37227e25,3.22,3.75,2.8,0.11
instance-f35b7c97-6997-4e00-a32b-9121c6a715bd,25.61,3.75,6.14,5.19
instance-0954740a-37ce-4f86-bd12-fd701a0a5076,2.94,3.74,2.3,0.17
instance-128bd4f1-6ee5-4592-a73c-8fd9863943d8,3.25,3.74,2.34,0.24
instance-12c5b010-0239-45e1-91a8-8455902192a9,3.86,3.74,2.84,0.27
instance-1508acfb-fe9e-4fb6-820f-a4244c284ff9,21.18,3.74,5.96,4.07
instance-1ad798ca-687c-41e7-9baf-38755f79643e,0.83,3.74,0.68,0.04
instance-1c041004-c961-40c9-8995-bea71bcdfbbe,34.85,3.74,16.95,4.78
instance-1cfc981a-fb19-4e22-9d73-16490303b746,3.8,3.74,2.89,0.24
instance-40329518-1dbe-45fc-a1d6-6952e918d478,3.1,3.74,2.94,0.04
instance-4a32d306-1d4c-400e-96a0-e3562b52a4d2,0.45,3.74,0.37,0.02
instance-4da2b245-886f-4523-93e1-8bd7d36364b8,2.41,3.74,2.26,0.04
instance-55d80443-c8c8-417d-b7ae-5c06856be9c1,14.04,3.74,9.49,1.21
instance-65e95c09-8e32-463d-b423-035075b460ab,1.58,3.74,1.22,0.1
instance-6fae65ba-adea-4378-8ce5-f8e95dbc6689,3.49,3.74,3.02,0.13
instance-6fbfc590-2193-46a5-8652-11ec6840c302,1.0,3.74,0.93,0.02
instance-7b50b93e-88a8-44a5-b8c0-5578c11c7f8e,17.78,3.74,16.46,0.35
instance-80daa08b-a7fc-451c-9bc6-b149e07b37b9,4.51,3.74,3.92,0.16
instance-98da7be3-112c-4c21-91b7-b593a5eaa187,4.17,3.74,2.96,0.32
instance-9c1b543c-1e3e-4b6e-9f68-1a14f2d7d3f7,3.29,3.74,2.56,0.19
instance-a047e871-7b68-4a45-9795-adc341795e43,1.77,3.74,1.41,0.1
instance-a8512f33-1848-4ca3-997b-fdb81f639df0,5.5,3.74,4.24,0.34
instance-b72eb732-2151-4269-bf3c-89a4d33d8021,5.18,3.74,4.26,0.25
instance-d0b068f0-cf7f-4452-927e-a33cc727ba51,25.25,3.74,22.26,0.8
instance-fcf332e5-9a82-4223-9bd3-e3f2cf9ae7d3,11.31,3.74,5.14,1.65
instance-367f5668-e9cc-460f-85cf-a1cee6b752a9,3.77,3.73,2.54,0.33
instance-3be23498-a9a3-4c9b-a4b3-c078b6a231ea,27.8,3.73,5.27,6.04
instance-48a7167a-b1f7-4136-a6bf-f6fbd481a627,1.6,3.73,1.46,0.04
instance-4f0a6fa1-5f34-4905-a2be-57d394a340ae,3.93,3.73,3.02,0.24
instance-703b630b-8760-484d-afa1-59d80d93fe99,46.44,3.73,21.42,6.71
instance-78f40d72-4559-46d0-9d69-82f35a4c538b,3.77,3.73,2.43,0.36
instance-874445da-acc4-4543-8c4b-b2916169785d,26.89,3.73,10.93,4.28
instance-8ebebd95-8e83-4960-8d1f-f6f93341d431,12.9,3.73,5.2,2.06
instance-a10eaf9a-de20-4b1e-8460-1dc2dcd18eb6,5.02,3.73,2.98,0.55
instance-a387eefa-1f07-46eb-81bb-b591ed98c56e,4.73,3.73,3.29,0.39
instance-a868ba8f-fe2b-48a2-b810-c3a5cbfeae08,3.23,3.73,2.79,0.12
instance-af736e3b-0e1e-48d9-aef0-6e756188c738,1.31,3.73,1.06,0.07
instance-bc425ace-7685-41fa-811e-738073812abb,7.15,3.73,6.05,0.29
instance-becf7f7e-ef93-4d7e-8ef3-388d6c5ffc42,24.43,3.73,9.09,4.11
instance-c28e79f1-5d99-444e-a55e-77d793f92d7b,6.43,3.73,5.07,0.36
instance-e9031fbd-7fa8-4aad-9c81-b38fdd171273,34.59,3.73,14.57,5.37
instance-ee596343-e071-4c7f-a275-54c807621397,7.6,3.73,3.95,0.98
instance-f060a118-f837-4dba-b1cb-113201a34b49,4.6,3.73,3.19,0.38
instance-f685b809-5247-4033-8233-41be0196eb64,5.59,3.73,3.14,0.66
instance-f7c739ed-1357-4f05-bcbc-2163c5dcb1ca,13.19,3.73,9.87,0.89
instance-fa45486f-a163-474f-983c-baed27ab4ebf,2.65,3.73,2.23,0.11
instance-fe9ccf57-a4aa-43b7-8618-be0c9824fb3e,1.56,3.73,1.26,0.08
instance-067bdede-ae2c-41ad-bf78-370365c2d5c7,3.78,3.72,2.83,0.26
instance-1ca0b2b6-a322-4de4-91f5-566f0fe0d377,19.86,3.72,17.41,0.66
instance-2cbadc6c-62a5-4a09-87ea-e70c70b27386,6.48,3.72,3.24,0.87
instance-36e657f3-ea4c-499f-847e-28f23cf726a3,4.51,3.72,3.09,0.38
instance-37cd5ccb-f2a0-462c-9689-de17adac288f,1.75,3.72,1.33,0.11
instance-81037426-7c9a-4b60-adac-95de2a4dbdbe,2.92,3.72,1.58,0.36
instance-8f07c168-c15d-41f1-84d2-4ca72d536e44,9.55,3.72,6.72,0.76
instance-974bdc30-7f98-4cfc-a916-59205722a938,4.65,3.72,3.08,0.42
instance-a8dcce52-84e9-4581-af25-072e52bd5e1d,3.79,3.72,2.86,0.25
instance-bb8daf69-8bc3-46f4-abbd-fa41fb24591b,8.62,3.72,8.02,0.16
instance-c9f908d9-477f-421b-b169-bb5751daabab,3.77,3.72,3.02,0.2
instance-d47b637d-94e8-4fe5-8d25-5c4d694ceaf6,11.76,3.72,8.86,0.78
instance-dd2d1bac-d4a0-4e34-9617-6157033a6c97,9.62,3.72,6.95,0.72
instance-de1143cf-418b-4310-8c28-050034fc7b14,28.13,3.72,14.24,3.74
instance-decf4785-e347-44dd-8729-8aea0fcb79a3,7.66,3.72,7.23,0.12
instance-fb0bebd5-0362-4729-8876-035d17a522ca,4.39,3.72,3.58,0.22
instance-06130304-cbc8-4a86-b0bf-a1ece17906e8,5.11,3.71,3.61,0.4
instance-07e64a88-1976-4cc2-a481-67aa9ac1d87d,4.23,3.71,3.01,0.33
instance-2f62b2bd-e042-4404-a603-9600997c4dc6,1.18,3.71,1.07,0.03
instance-372716f6-278c-40e5-a8ce-fdc3bcb529d9,9.02,3.71,7.48,0.41
instance-468ca587-b0a6-4937-8934-9888d27e2b49,17.39,3.71,16.07,0.36
instance-52f64488-f9fa-4786-9d49-ac639011c007,1.77,3.71,1.58,0.05
instance-acf44d2c-249e-4147-b7b9-9dd9ea48ef5e,2.4,3.71,2.09,0.08
instance-bc4514c9-804b-44cd-aefa-7447b37752da,9.41,3.71,8.25,0.31
instance-d197f660-6d1f-42c2-a40d-9bac84e98712,8.72,3.71,8.34,0.1
instance-d53e3932-a332-4667-97d1-fe418b12c737,6.62,3.71,6.12,0.13
instance-e6895664-d139-46c9-b0e5-68421a07a28d,20.11,3.71,12.49,2.06
instance-e7b342fd-2884-4a30-8b6f-27bf9d3bb1a3,3.86,3.71,2.55,0.35
instance-ea9a26cf-d6de-4dac-a460-1d781a532c77,3.4,3.71,2.75,0.17
instance-ed55dbcd-f5f5-45aa-9980-1ca136c98300,2.75,3.71,2.11,0.17
instance-f69cfdcb-1309-48c4-b9ce-4bb2ad0a18ab,16.79,3.71,14.32,0.67
instance-fbc8cdfd-29d2-4506-bebe-fedd3edcc479,17.01,3.71,15.86,0.31
instance-495f788f-77a4-48d7-a179-1675b5b1820d,9.61,3.7,4.69,1.33
instance-56c5a776-34ec-4416-bdd4-7b14ab9857ed,4.25,3.7,4.02,0.06
instance-58d1665c-9f53-4127-8d41-d0d63d4c7614,12.89,3.7,9.75,0.85
instance-98f1a38c-5615-4eb6-acba-bba479db5de8,6.19,3.7,5.33,0.23
instance-bb275629-9c65-4859-bd9b-928c28fab2bc,2.85,3.7,2.33,0.14
instance-c3a5ecd5-19a1-4e5b-a4a9-b6d36eb0740d,16.51,3.7,8.05,2.29
instance-cfb5c78e-3dbc-486e-af8c-54189f1a5b0a,16.19,3.7,15.71,0.13
instance-d3fc2b74-18c0-42b5-b302-12b677b77cee,0.75,3.7,0.6,0.04
instance-e6cdbef4-b5b4-448e-8171-e0f95d46e6e8,1.75,3.7,1.39,0.1
instance-f658cdca-ae61-4491-81fb-b4445bdc4e8f,7.51,3.7,3.21,1.16
instance-f6bed68a-04ca-4ef4-af12-e2e64f52e5ea,3.78,3.7,2.89,0.24
instance-ff14df1e-5da7-4541-8099-793edfa7ab98,3.97,3.7,3.01,0.26
instance-038f6639-f32b-481d-828d-508098ba1380,12.46,3.69,11.19,0.34
instance-03d9328a-886f-4d50-add8-1e4c28dec7a5,2.56,3.69,1.89,0.18
instance-290bfe3b-4576-4d3c-a3be-33ae56e90bc9,2.85,3.69,2.61,0.06
instance-2e59349a-94db-4cba-b8b7-b52ffab06031,3.75,3.69,2.92,0.23
instance-32c486f0-b2b6-49c2-a02c-4c6a76c09adf,2.96,3.69,2.47,0.13
instance-4695dbc3-4943-438a-a44c-37b11dd213fa,16.35,3.69,15.41,0.26
instance-5d21344c-117b-4029-916d-8fde83e2dcf3,33.31,3.69,22.39,2.96
instance-63fbbdbe-74d7-4cff-820a-8112a6de7991,1.15,3.69,0.89,0.07
instance-64256659-4d13-4612-8378-13520e2bf114,4.31,3.69,2.47,0.5
instance-6c28568f-efdf-480a-836f-389f61954704,4.11,3.69,2.97,0.31
instance-7018681e-0228-4996-b877-d480af63c35e,7.97,3.69,7.04,0.25
instance-7584b16d-3d3c-4ea3-89df-55fc2e9a7d16,19.26,3.69,16.84,0.65
instance-7cc61a08-2211-4052-addc-f546980ca5c2,10.78,3.69,9.62,0.32
instance-8f8d4b2e-ca9f-4e73-a1a6-f98e0a4f53f2,15.29,3.69,13.59,0.46
instance-aec1bdff-ea1e-414f-8990-d3429672adb5,2.27,3.69,2.04,0.06
instance-b1b4e9b3-b4b9-4e0a-ac56-4bfb681e0d3d,4.63,3.69,3.89,0.2
instance-b8b35bb0-55b1-49e4-9058-4ff479d346b0,1.51,3.69,1.26,0.07
instance-bba5be0b-f840-46ea-8229-55ea7067e781,16.6,3.69,15.69,0.25
instance-c62a30fc-1e54-4ed9-8625-e80f21f9fe72,5.4,3.69,5.03,0.1
instance-c7e74a5e-e644-4a36-861d-386e6c58d461,2.41,3.69,2.1,0.08
instance-ca358f76-66af-4baa-9444-ed457d94cd08,20.62,3.69,20.26,0.1
instance-cb3dd7a8-0ce4-43a4-9606-646b882bf3a7,9.57,3.69,8.2,0.37
instance-d7edb012-466b-4c09-897f-27744d00a012,2.68,3.69,1.36,0.36
instance-ddff99f3-6058-4389-b43a-318a1ab5e863,4.15,3.69,3.13,0.28
instance-e571b5b0-f609-45fd-96f8-782fbf26f51b,15.42,3.69,13.83,0.43
instance-093831bc-e534-4e71-b278-30356486dc05,1.72,3.68,1.34,0.1
instance-095b0ec9-820c-4ed7-8e65-10dee428794a,4.04,3.68,2.87,0.32
instance-0d505c14-dda3-418e-beb9-79a4b0edc305,4.69,3.68,3.93,0.21
instance-337fc000-d0cf-4e3c-958c-10f6c65c678f,24.16,3.68,6.01,4.93
instance-40a7c83a-c2bb-4508-b447-2f01c60a9eb1,4.3,3.68,4.09,0.06
instance-53b93996-298a-4383-8c88-684a692bc9ad,1.48,3.68,0.94,0.15
instance-60192971-c224-434f-8288-0cfe336174fe,19.56,3.68,15.4,1.13
instance-98973203-8dd9-4b33-a549-865afe1e3224,19.88,3.68,3.65,4.41
instance-ba5a2b90-826b-4957-b79a-e5ab8ca2795b,0.28,3.68,0.24,0.01
instance-cd10f8ae-b63e-4204-9b60-3cce2fda75bd,4.17,3.68,3.63,0.15
instance-d2e62279-6d7e-4592-b3ca-089e13b61a9a,1.87,3.68,1.62,0.07
instance-e3dfa8c6-419c-439a-9301-30ae87c0f47b,1.04,3.68,0.57,0.13
instance-06df9298-a575-4572-8b96-3232a222ab1e,8.29,3.67,7.84,0.12
instance-134cf395-2df3-48f7-a04a-649408feb53a,10.72,3.67,6.98,1.02
instance-1e6f15c8-a964-4192-99f5-962fa04b6483,11.08,3.67,8.6,0.68
instance-284dc196-96ce-4f00-aaee-804dba6c0de3,3.41,3.67,3.15,0.07
instance-322e36a9-a050-45a3-86d1-0386a466554d,9.91,3.67,8.79,0.31
instance-5748bfe0-2a60-401c-aead-aee09055cc95,4.16,3.67,3.01,0.31
instance-5d561500-47a2-4fa9-ad3f-329b77cce920,10.72,3.67,7.1,0.99
instance-6b028310-38d8-49e7-aa34-be4f0f760bf4,3.73,3.67,2.75,0.27
instance-a4566627-a829-4a3c-aa06-f0181e7db59c,2.69,3.67,2.21,0.13
instance-b70235e8-1448-4ccc-ab94-209605f62fe0,17.52,3.67,16.59,0.25
instance-b7bb7bac-940f-4ac7-9326-698b6d635ee9,1.68,3.67,1.27,0.11
instance-ccd400ef-e032-4b4f-af48-18ede41aeedf,3.5,3.67,3.07,0.12
instance-e8493174-8a01-4b9e-a344-e8a620ff2fd6,26.33,3.67,21.52,1.31
instance-ff9d3dfa-8ac5-4f17-9b44-ae7f01eec343,2.87,3.67,2.42,0.12
instance-017e1950-87f1-4ab1-ba8e-76d67b4d898e,14.44,3.66,12.45,0.54
instance-01eb8607-15a0-452c-b223-0190d90a4d99,2.94,3.66,2.01,0.25
instance-0fb79e4e-6d3b-48dd-bbec-924c8a82dc48,2.44,3.66,2.09,0.1
instance-1ba6b1f5-016d-41b1-aed5-6ee95a57c5c6,3.98,3.66,2.18,0.49
instance-36e402d4-38a2-482c-830c-1933ceed2dc6,5.4,3.66,1.4,1.09
instance-55822160-39b0-4eb2-b818-b3a80b5cdd75,16.32,3.66,15.54,0.21
instance-5beb14b3-2f4f-47c9-8fa7-6f542d13698b,1.63,3.66,1.34,0.08
instance-6191f38e-09cd-4441-a94e-171a18a76d0d,1.25,3.66,0.58,0.18
instance-69e3b437-0d4b-4f60-813b-2647c84db1fa,4.69,3.66,2.98,0.47
instance-786b1b14-c71d-40fd-9c44-1243cfcc1057,7.12,3.66,5.79,0.36
instance-788d588a-a9e4-47c0-b268-ace83c54c9ef,25.48,3.66,17.69,2.12
instance-8a14e8d6-5bb3-440d-a9a6-39334fa11d31,8.29,3.66,6.15,0.58
instance-a744c586-9651-4303-860f-be7cbb9f3a56,6.2,3.66,5.34,0.23
instance-abafdc62-259b-4c1a-8ba0-5b41a94832fe,4.58,3.66,3.36,0.33
instance-abc5764c-097f-4acf-ac8d-afd1ba532db2,3.75,3.66,2.81,0.26
instance-ac02eb85-806c-4bd6-a0ef-c44f96265b0e,11.6,3.66,7.8,1.04
instance-bb45fb57-cfe7-45c4-b985-610ee08dff2a,9.45,3.66,8.74,0.19
instance-ca8d4fe8-b63b-4575-9d95-2acc8a204306,1.92,3.66,1.01,0.25
instance-dabd5723-e4d6-4603-be2f-87e142e448a4,8.13,3.66,4.38,1.03
instance-e3c39569-7be2-4c4a-bfc8-cfc62b2be377,4.03,3.66,2.95,0.29
instance-e836bcb0-771d-4cbf-8d5c-77138145dcad,2.16,3.66,1.76,0.11
instance-ec75abb2-b8b3-477c-b597-470e469433c8,40.35,3.66,8.4,8.73
instance-1955917c-eb3d-4619-aed4-4511c5af9f8b,10.52,3.65,8.72,0.49
instance-2c5ed99e-87d7-4942-b153-29e53fe02139,19.39,3.65,17.77,0.44
instance-3d90d1f2-754a-4093-8229-100734446cb4,4.94,3.65,4.59,0.09
instance-468af8ee-ea48-4a25-881e-c277ab811459,15.53,3.65,14.43,0.3
instance-56ac7ef2-395f-4444-a897-f149d942a500,17.49,3.65,9.38,2.23
instance-5bda95fb-df6b-4570-b498-4e8e6ea79f5a,13.14,3.65,12.06,0.3
instance-61cce876-82e6-4bf4-bb1e-e85fac7cf26f,36.81,3.65,7.93,7.92
instance-6a4fef09-3181-4822-852f-b20c6db1b58b,5.68,3.65,4.27,0.39
instance-6d647799-13b4-453a-9128-0fcca18ee706,3.39,3.65,2.42,0.26
instance-864de7fd-7000-415b-8fac-bb529b9f4417,17.4,3.65,15.54,0.51
instance-a2f8fb47-0c49-4339-9854-172a54f938c3,4.41,3.65,2.44,0.54
instance-a56ae27a-5eaf-49b0-9551-43d33b8fd6eb,5.93,3.65,5.6,0.09
instance-a73ffc33-aa23-4c21-94d1-d37737c02a21,0.52,3.65,0.5,0.01
instance-b1cf2e21-679d-42c1-90a1-d248cdd35cfc,17.95,3.65,15.94,0.55
instance-b2aaa034-5d20-4511-bb4e-addb86938cf0,7.12,3.65,5.3,0.5
instance-c370c6e2-ea19-4f73-b5ae-58e18d0c5024,3.82,3.65,2.86,0.26
instance-ddc8a7fe-27c6-442f-899c-5b5aebe94060,6.63,3.65,6.38,0.07
instance-f38479b6-7127-4690-82ff-e925f0daef4a,17.02,3.65,15.62,0.38
instance-fca2da09-bef2-4a78-9382-450f5a9396af,4.23,3.65,3.38,0.23
instance-fd238c79-81b7-4074-b858-105dac1b1aa6,12.04,3.65,5.96,1.67
instance-02a76eda-da55-4d03-95f8-f8dd2de7e8c2,2.92,3.64,2.54,0.1
instance-042f2e1e-2e5c-40b7-976e-50b78429ba90,22.2,3.64,19.54,0.73
instance-1bd4295d-9bdb-4a90-8038-6087a3abbb7a,2.52,3.64,2.25,0.07
instance-3b48623e-6655-4f54-b471-113e2adea883,22.26,3.64,4.26,4.94
instance-41201887-b950-44f8-a589-210de75d9fea,10.14,3.64,8.85,0.35
instance-46973e78-c4d5-45ff-bae5-4d978f70cc25,0.88,3.64,0.67,0.06
instance-5592f4aa-2f23-478f-bba2-d81bcbfdd809,4.92,3.64,2.97,0.54
instance-58fc65f1-46e6-452a-999d-118755f1ad8b,2.19,3.64,1.47,0.2
instance-7be179e1-6fb5-43bd-87e1-22ef86a0d85a,6.23,3.64,5.18,0.29
instance-8484a867-93b3-48c2-8ef4-193038a58645,3.89,3.64,2.59,0.36
instance-9bb0afea-c9fc-4b36-adae-997031a27e26,17.13,3.64,16.02,0.3
instance-9dafe6a3-2f95-4a01-8f15-eff8ff3a6ecc,4.89,3.64,4.16,0.2
instance-af26e313-62b8-4b51-b8d8-73be2287b5d0,18.41,3.64,15.31,0.85
instance-b2517c07-582a-42fb-84bd-966cb3b5b68d,4.22,3.64,2.98,0.34
instance-bbacb062-3333-4548-be7c-8cbc98c8c16d,4.0,3.64,3.62,0.11
instance-d8fa2eaa-3623-4f45-bfeb-e9d94cf51b10,18.96,3.64,17.93,0.28
instance-e01991d4-d51a-4a37-8bab-a40a12fb156c,5.49,3.64,3.22,0.62
instance-eb5924af-38dc-4ff7-a6d5-0ffc51033102,3.04,3.64,2.55,0.13
instance-f830f4f7-70fb-4f9a-b167-e984d90981b9,0.97,3.64,0.85,0.03
instance-01b7ae36-dcc5-4c11-9698-e440e1e0c848,7.12,3.63,6.17,0.26
instance-0637aa92-c300-42e2-b228-abc7bb1bb8f6,4.41,3.63,3.26,0.32
instance-0d82b96b-c650-4aca-be48-375340fc6d23,3.42,3.63,2.37,0.29
instance-1e7fd9f2-a55c-45b0-817f-3afd05e552eb,6.34,3.63,4.69,0.45
instance-36c32c84-550a-4f47-8b45-f4bb52b8cbf9,3.57,3.63,2.62,0.26
instance-4492b034-4914-4937-a920-b1c6f05e7697,1.96,3.63,1.58,0.1
instance-508285bb-dce6-4f87-82d6-cfbb4478a268,4.9,3.63,4.3,0.16
instance-5916a4d2-e251-4ba8-b562-7f0bc858b507,25.01,3.63,4.88,5.55
instance-5e57c39e-4718-4d10-a9ed-392acae2fa2d,2.63,3.63,2.27,0.1
instance-7cf46c1c-2e26-433a-8458-cb07339fc362,8.21,3.63,7.69,0.14
instance-a0bacc13-2ec1-44e4-84dd-b496e4283962,16.87,3.63,4.84,3.31
instance-a65934f2-e88c-4daf-9af6-7304f1144f09,3.63,3.63,2.66,0.27
instance-af8465ab-bca2-41cc-a912-2455448769cb,17.25,3.63,15.79,0.4
instance-b87276a6-a7a6-43f8-bb9f-e14fd3126d3e,2.4,3.63,2.11,0.08
instance-b9026608-94d2-4305-9ee0-d321b40865b4,15.57,3.63,14.81,0.21
instance-be8c6dd2-9f0c-4f0b-b1ee-0bf14e8713b6,6.03,3.63,4.36,0.46
instance-d024e037-1520-47c8-84a3-e27d2da7f054,3.79,3.63,2.94,0.23
instance-d195ff95-0f23-43ab-8260-d9dd609c7d2b,12.57,3.63,7.57,1.38
instance-d73018a9-102b-4ccb-99ad-7b0bf009cf3d,0.89,3.63,0.55,0.09
instance-edb3148a-f5ec-4458-9881-e98977e347ba,18.2,3.63,17.22,0.27
instance-ef59f880-6657-44cf-a4a2-2f145d2c6d6e,13.74,3.63,8.64,1.4
instance-f5d0d75e-e3f1-4eff-8a6a-c1c6b01f95dc,1.52,3.63,1.18,0.09
instance-0bc1838c-2d7b-41fa-a06d-5019166bb136,1.7,3.62,1.51,0.05
instance-0dbbd410-6b6a-4769-841b-23cd3f6971e5,0.66,3.62,0.59,0.02
instance-25ddcdc1-85ac-4b7d-b1ba-59fce170959f,4.48,3.62,3.22,0.35
instance-2a844b8d-50e7-4b2f-adb6-747acc6896ce,11.22,3.62,10.47,0.21
instance-358435b3-d8a3-45d1-bb51-1ce26b6e3231,4.71,3.62,3.63,0.3
instance-3645a5c9-4c02-4c9f-8a3c-2ba71eedfe15,3.31,3.62,2.54,0.21
instance-41268d4c-61df-4a69-9880-4faa490e13b1,11.48,3.62,8.29,0.88
instance-41bdf254-22af-46bd-8ebd-5505ecbdd6f7,0.78,3.62,0.61,0.05
instance-540e58fa-55fb-4325-8c8f-f27ca869483a,1.83,3.62,1.05,0.22
instance-580eabe9-cc9b-4a8e-9928-8d5d048ee323,1.45,3.62,1.26,0.05
instance-732ff4c3-9cf4-4253-b16e-cfdae90529aa,3.15,3.62,2.67,0.13
instance-758fdc7b-3c98-408e-9b85-b8b3b8627802,3.73,3.62,2.99,0.21
instance-7ab7a93d-0b8e-44af-a5ad-bc23df2f992b,4.49,3.62,3.76,0.2
instance-8489db59-f3b8-4258-bf23-ebfaed2f6d96,2.43,3.62,2.06,0.1
instance-89557ad1-32f1-4e94-a101-5ae1d4e3cf4e,5.05,3.62,1.95,0.86
instance-9cfd9dde-31ad-4609-af1c-07fb8128f7d6,1.0,3.62,0.85,0.04
instance-bfc1ad5a-6fc3-41c4-8560-2a5e3a0c020f,5.06,3.62,3.16,0.52
instance-dbd564b4-a43a-4946-84fe-5b8a3cd6c26b,0.61,3.62,0.4,0.06
instance-ff9a6ae0-2dc2-4b00-be66-ab775cf13579,18.74,3.62,15.56,0.88
instance-45bd2841-6c05-43fd-8b93-575d14edd1b7,9.13,3.61,8.21,0.26
instance-598de734-d1e8-49f6-88a8-f39ba6c06460,34.62,3.61,22.15,3.45
instance-5c04bf4b-9d1d-448f-9427-f84136dcd810,15.43,3.61,14.27,0.32
instance-a336151f-0b1f-40c1-80e8-eaa47574584e,4.81,3.61,4.27,0.15
instance-a8c0d603-b11d-419a-a43d-21a86add2471,6.99,3.61,5.18,0.5
instance-b269fda5-1c8c-47ac-a4e2-bee188b3c76e,2.3,3.61,1.87,0.12
instance-c0147f28-5314-4e0b-aa60-1689d7eb89de,6.52,3.61,4.2,0.64
instance-cf6bf650-ad83-483a-bb66-653bed809ff5,6.69,3.61,5.17,0.42
instance-d57154da-c0a6-485e-a93a-0ebe41423797,7.68,3.61,5.41,0.63
instance-dae02efc-d302-4432-9970-34c8fef5f222,4.27,3.61,3.2,0.3
instance-dfe8b4c7-57c8-4630-92d7-0da3fb17920c,17.84,3.61,15.84,0.55
instance-019cf154-eff1-48bf-af14-7cde2acd98e5,11.97,3.6,10.17,0.5
instance-16845518-4c7b-442e-aed8-a2f7c4e04ed7,1.88,3.6,1.65,0.06
instance-2550b5b9-746a-443a-acbd-8f59a1b72a37,3.72,3.6,2.61,0.31
instance-2797dffc-0a54-421d-b389-ded82e0a3f80,1.33,3.6,1.16,0.05
instance-334f269f-ffa4-4356-acae-fb398646e267,4.08,3.6,2.84,0.34
instance-356b60e1-44ce-4b69-aa46-cbf4f4f79769,1.85,3.6,1.58,0.07
instance-36d56e82-588d-4645-b175-0186952c4d79,5.2,3.6,4.02,0.33
instance-4e357107-7b3a-4ea8-bf22-c1c0f8796f95,1.6,3.6,1.25,0.1
instance-5714bdc1-eed0-49fa-9d62-be31315bd059,1.47,3.6,1.27,0.06
instance-60b4a2f9-69cf-4ac8-88b0-557d11f3c4dd,82.85,3.6,78.69,1.15
instance-7070c86c-4882-4e53-8e51-1b9990af7b0f,7.79,3.6,3.59,1.17
instance-77de9027-4ad7-44ac-818d-7f49d93b3bcc,37.1,3.6,24.33,3.54
instance-93eca37d-49af-4282-99d3-40c54bbf2dad,0.41,3.6,0.39,0.0
instance-a4b4e2a8-1f9a-4002-9528-61a07f896d32,5.03,3.6,3.15,0.52
instance-a9ed644c-866c-4db3-892e-2ba88bf552ed,3.61,3.6,3.3,0.09
instance-be4b2543-95dc-42b6-ae6e-00ad79e60a6a,4.51,3.6,3.36,0.32
instance-cbdba935-4695-46d7-843b-16c3f2d0f476,3.49,3.6,2.62,0.24
instance-cc1291cf-c36e-4300-908b-74e05a9e7ac0,18.41,3.6,16.76,0.46
instance-e3c5c5bd-d50b-46de-a317-30079c7c3650,4.51,3.6,2.95,0.43
instance-e4fddb0c-1b3f-4a67-80e7-aaa3703e8134,2.57,3.6,2.16,0.11
instance-ed3b8928-a7e5-4aae-9ce0-7f77c006a208,9.43,3.6,8.68,0.21
instance-fd50b8fb-6cbd-4a99-9e9f-268c84f9fb95,19.02,3.6,3.74,4.25
instance-02db78cb-a11a-479f-b123-459b27712610,15.02,3.59,6.04,2.5
instance-318ce8dc-dd65-4d87-91d4-611402d0126b,16.69,3.59,15.51,0.33
instance-3196d932-c8e6-4ff6-ba44-4ae0a1a82833,4.56,3.59,4.33,0.06
instance-32a0bb76-0833-4c13-92f7-6bf3b4066ecf,17.44,3.59,15.56,0.52
instance-4134d38c-cd53-496b-a74e-edf6f690476c,0.27,3.59,0.23,0.01
instance-48514b80-b3e6-4111-8bb0-436f41d32936,5.26,3.59,4.75,0.14
instance-4fb18a17-b194-470f-91c9-3a3d51d78c62,3.97,3.59,2.9,0.3
instance-59a39098-5830-4359-b130-86f36cd88dc4,19.71,3.59,6.4,3.71
instance-5c2f3856-163e-4aeb-8a16-adcc5fffe3d2,2.86,3.59,2.42,0.12
instance-5d4bd53f-eb02-4984-aa57-a7ff895a791b,11.55,3.59,5.7,1.63
instance-738a4b09-9994-4b27-92ec-0fa60b12caf1,2.49,3.59,2.11,0.11
instance-8ae2d205-14e3-4520-8b03-4f527c2eafc8,1.87,3.59,1.61,0.07
instance-a4454aee-a819-4468-b8fb-752c7bddd516,16.95,3.59,15.46,0.42
instance-a7b0827f-af5f-4897-a3ba-2bdc3f5022fa,10.73,3.59,7.64,0.86
instance-d3978775-f5c7-42c6-b613-fc807a25ded4,3.52,3.59,2.66,0.24
instance-d48821da-7385-4680-9155-4f45d0cd8b75,3.88,3.59,2.73,0.32
instance-dd090895-bde2-4147-83cd-dd66343cfce1,1.38,3.59,0.75,0.18
instance-f761a9ac-5075-4736-b9b2-86fe17f02ff2,9.28,3.59,8.38,0.25
instance-2c59d1c1-7e89-422e-91c0-f17fe804c3a5,14.73,3.58,8.48,1.74
instance-2e06f3f0-44a1-4397-86b9-988b4f30b234,11.32,3.58,10.35,0.27
instance-4874469e-4d64-48bb-9110-2ac9cf073d7a,18.33,3.58,17.03,0.36
instance-527c4b0f-2711-4d84-b9bd-b788982b183f,1.41,3.58,1.21,0.06
instance-5be6a649-20cd-44a9-b990-3eb22f70c108,3.29,3.58,3.09,0.06
instance-6f87816a-1350-4175-9cf5-255b813c4b44,1.4,3.58,0.53,0.24
instance-75757526-ace8-44a9-bff0-e16c52088b59,3.21,3.58,2.63,0.16
instance-7a72e0f6-12ad-4cc3-9a88-49d80c252fd5,3.06,3.58,2.49,0.16
instance-8a924469-531c-4bdf-916a-e023e33763f9,2.88,3.58,2.12,0.21
instance-933a0e6f-df1f-419b-9769-dd74e57a5a27,4.25,3.58,3.25,0.28
instance-99bb41ad-6250-498f-81f4-eaf23c5b3b8a,1.46,3.58,1.22,0.07
instance-9f99f058-7bca-46ec-bbc0-aa9d3cffea67,5.8,3.58,4.99,0.23
instance-b43bbbc8-918c-415d-8e34-2c695915dfeb,14.97,3.58,14.12,0.24
instance-d1bfe401-02e0-40c4-b50e-1a68806509b5,18.9,3.58,14.91,1.11
instance-d6f94c44-cf3a-4563-8ef6-45592defa115,12.5,3.58,5.68,1.9
instance-db05bee1-6075-41e1-9d47-990b3c08597b,8.41,3.58,6.29,0.59
instance-e6925fed-290c-405f-95ff-8ebafe132110,4.15,3.58,3.07,0.3
instance-f45e0b7b-5a0c-4138-a864-88f199ebdb01,1.18,3.58,1.01,0.05
instance-fda04841-5c92-4491-8937-e2cbe2dcbe1c,18.63,3.58,15.04,1.0
instance-0ab02599-4ef0-4f8f-9d84-10c9d908fdac,3.41,3.57,2.51,0.25
instance-1beb5ddf-5b34-4665-bfc5-840454a5ff6a,3.44,3.57,2.57,0.24
instance-26037811-d8bf-48bf-9f1d-0e8ea87573bf,12.29,3.57,10.78,0.42
instance-35c6b7eb-a144-4133-9b1f-55dc6d31ec93,16.92,3.57,13.27,1.02
instance-51826545-86b3-4814-bbaf-486e7eb5aecf,8.31,3.57,6.58,0.48
instance-6731462e-7168-4083-b027-70b1fa3c43a9,3.08,3.57,2.56,0.15
instance-730b17cf-6d1e-4b48-9132-a179d3a4224b,3.43,3.57,2.52,0.26
instance-7db2cb23-1bdf-42bb-ae52-fb8af8f2464c,17.53,3.57,13.73,1.06
instance-7fa08723-9d73-4f26-9ca3-cfdc4d38f0ba,13.47,3.57,12.13,0.37
instance-923e0c07-5aa7-4a1f-bf9f-bae5c87569dc,2.32,3.57,1.65,0.19
instance-964d64df-ce33-4417-af6e-407a8a3dc51d,1.6,3.57,1.22,0.11
instance-a585bc14-9f3e-4aa1-af90-0f6fcd01f27b,9.04,3.57,7.04,0.56
instance-b69f81d6-c424-4512-b941-c11190422ea5,4.87,3.57,3.29,0.44
instance-bed28af1-6106-4702-ba82-e1c94f1c2cfc,25.77,3.57,17.33,2.36
instance-c00d33f3-98f1-47d7-90ac-f9a71a43d283,9.34,3.57,8.6,0.21
instance-eb2f9fe3-ea5f-4fd0-a26a-41a1e909f34b,3.93,3.57,2.99,0.26
instance-f5a7b2f4-17a8-4bc8-8b97-cdba89d790d0,1.28,3.57,0.98,0.08
instance-10eaa36b-4a1c-4b9c-8752-ca78e6828d39,3.2,3.56,2.07,0.32
instance-16d9d627-0522-4d9e-bf22-94f7f1f7a0e2,4.53,3.56,3.07,0.41
instance-17e42dcf-83d7-404a-a220-f707c2069557,5.02,3.56,1.18,1.08
instance-1d0282e8-3b32-4766-bc30-365100a316ec,0.69,3.56,0.64,0.01
instance-2510c566-b1e7-490e-bc90-3dd97b8c18b6,4.17,3.56,2.86,0.37
instance-37a587f4-65f6-42af-aff9-33b711d178a1,6.7,3.56,5.26,0.4
instance-4a598591-fadd-4f47-9ac6-e398c208c568,0.9,3.56,0.75,0.04
instance-8688baec-bc15-4a86-94dd-3f4fdb17feec,5.05,3.56,2.12,0.82
instance-8e4e11c6-775f-4857-897b-67235002d33c,18.39,3.56,16.33,0.58
instance-90c5c422-36ab-40ae-8d29-a9da4677bfd5,4.81,3.56,3.9,0.26
instance-976d24a7-fd8c-49e1-a0b1-508b166a424d,22.23,3.56,10.52,3.29
instance-a0256d76-1c89-4b89-afef-174a2993cdf0,3.8,3.56,2.49,0.37
instance-a61be98d-41d0-444a-a51e-df1416af5ac4,2.71,3.56,2.28,0.12
instance-afb164aa-d48d-4383-b29f-729f4df16a99,2.15,3.56,1.69,0.13
instance-b7a443d6-2b8b-41da-ab2e-e77b21f7f001,3.39,3.56,3.15,0.07
instance-c300a52c-a54c-475b-8e79-ef1e1c5bdf34,4.53,3.56,3.35,0.33
instance-cfb33847-33cf-4bf8-be76-48c4098ff415,1.86,3.56,1.46,0.11
instance-e048b50f-0f08-4c22-b69d-66743854c362,3.86,3.56,2.77,0.31
instance-e9880683-1760-4ab5-bbf8-1a481350a772,1.59,3.56,1.28,0.09
instance-e9d5ea75-4bca-49fc-9d31-6d427c3bd5aa,13.3,3.56,6.8,1.83
instance-f05c9842-db82-4c94-8bbb-01d9421dcba4,5.58,3.56,4.55,0.29
instance-f1b4b662-ad1f-425e-816b-4a11f8de76a1,26.8,3.56,14.28,3.51
instance-f4ed950b-92dd-47f0-9022-2988e1750bd0,3.6,3.56,2.33,0.36
instance-fe4c2d08-bc7e-4759-a76c-3061349cbaf3,16.27,3.56,15.55,0.2
instance-051a92b6-3253-4bb8-8a68-a8c3772bb2ba,8.85,3.55,8.4,0.13
instance-2bd5555f-896c-40ec-a5a1-cc26870e9979,4.98,3.55,4.77,0.06
instance-2e7cb448-6228-4ee3-93ed-50ab1c8bde02,0.87,3.55,0.79,0.02
instance-32f044a7-b7a0-41e7-b267-d893ad4a1f08,1.6,3.55,1.24,0.1
instance-37efd734-22ac-4da4-8832-854c3b6c1671,4.26,3.55,3.34,0.26
instance-3a15de91-0784-4387-ba83-8cd3e721eddd,6.31,3.55,5.88,0.12
instance-432c97d1-a88c-4542-a420-7d717aee6dc0,18.1,3.55,15.94,0.61
instance-532a19b8-7d0c-4609-9a5b-4df7ed8f3e19,2.31,3.55,1.93,0.11
instance-5a574f12-5d8f-4b55-8169-b33c1a2f2fc5,6.34,3.55,4.96,0.39
instance-5c30f314-c0ae-4115-8659-f9c6ee349539,4.34,3.55,3.7,0.18
instance-5ea4ffdf-8a2a-4d2b-b3c1-14a3dee2d922,21.05,3.55,19.98,0.3
instance-657e6a45-8095-4388-94e0-11e218097a41,18.19,3.55,16.26,0.55
instance-7d55dd91-aeb7-4f2f-bb91-159210f06909,12.38,3.55,8.25,1.16
instance-7ff873ca-a364-460f-b454-f56bc7051137,4.46,3.55,3.16,0.36
instance-8709d638-9bcc-421a-a315-64323a719402,2.59,3.55,1.88,0.2
instance-90977179-dc89-42aa-b1e8-7308024b0667,4.04,3.55,2.63,0.4
instance-943bc1cc-d236-4b93-8dec-26c7ab77713c,17.86,3.55,15.8,0.58
instance-ab4c789c-4b74-4a51-a510-5a5ee6696096,0.88,3.55,0.76,0.03
instance-c1cbd62f-c857-49a3-8b51-26830281bf35,25.14,3.55,22.35,0.79
instance-c8f876a4-c90c-4ab3-8573-cbabf7e38ba8,32.71,3.55,26.31,1.8
instance-cca32d90-a98d-48de-891c-a2a51db16968,4.02,3.55,3.08,0.27
instance-d68c62f7-8c79-4512-9236-52ae201ba77b,4.31,3.55,3.05,0.35
instance-ed551994-dde2-4506-bb9b-593318bd4264,1.77,3.55,1.43,0.09
instance-ef36e187-74f4-45fd-884f-65f8cddaa65f,2.41,3.55,2.05,0.1
instance-f3411280-4324-4ca1-a1a3-8abcd8a71cd6,30.46,3.55,24.41,1.7
instance-f89237e0-20c0-4bd5-ac43-e639ef029031,3.45,3.55,2.58,0.25
instance-faa2fb9a-942a-4b3b-947d-986ef8f95384,2.62,3.55,2.07,0.15
instance-facd9694-fa59-4c5b-a062-919f2e568512,5.05,3.55,3.22,0.52
instance-119878ef-a27d-439d-8316-d28fc7a743f0,3.1,3.54,2.6,0.14
instance-22c07401-8987-4cd2-855c-eeadea974dab,31.82,3.54,14.24,4.96
instance-27a602aa-2886-4b22-92b2-7082b4a3ce9a,0.43,3.54,0.22,0.06
instance-2914d583-76d1-4d95-973d-ae793c7f7526,10.37,3.54,4.67,1.61
instance-3094e2a0-d1a2-42aa-aced-10398dd735ff,5.16,3.54,4.28,0.25
instance-39a03990-d428-47d2-a2da-3025949aa5f8,17.45,3.54,16.08,0.39
instance-42bc4152-6cab-4d27-a245-df02f75a6f2b,1.49,3.54,1.24,0.07
instance-51861ad8-3a4c-43c6-826f-58e6432dfe6f,1.47,3.54,1.23,0.07
instance-6dce1ad3-ca01-4c15-97f7-f0e9f06d0bea,3.77,3.54,3.49,0.08
instance-73bc9b6c-bea5-4f6b-9de3-8d80873ececb,4.87,3.54,3.79,0.31
instance-89060b2e-9c2b-441b-878f-ded301327150,4.11,3.54,2.95,0.33
instance-95c6604f-affc-467f-9c3e-a9a0680630dd,2.01,3.54,1.42,0.17
instance-b4242ad7-8af3-46e9-bfbe-01c07625d727,1.84,3.54,1.57,0.08
instance-016a1b14-87ea-4024-81d0-da4e55b696fc,2.48,3.53,2.14,0.1
instance-0a18f256-f7d8-443f-8002-9bd3684bddb6,2.79,3.53,2.43,0.1
instance-10b873bf-3c67-4845-a751-5c299731063b,4.43,3.53,3.5,0.26
instance-12215870-f306-47c5-b489-01cedc1d3aa3,11.89,3.53,8.16,1.06
instance-1a67f41c-f095-4fbc-b53f-f524c2423b88,10.44,3.53,9.44,0.28
instance-36340d75-6d10-4233-9b8b-f3c4892970b6,19.56,3.53,16.0,1.01
instance-3f3dacb0-a54f-46f3-b558-83cdd309d7dd,1.42,3.53,1.23,0.05
instance-553e0ef1-5ca7-4768-8a12-cc53f82178b4,3.27,3.53,2.51,0.22
instance-5750bc4a-ef7f-4d7c-ba4a-28a2acb109a3,3.69,3.53,2.84,0.24
instance-60269ffa-dfb8-49a7-99ef-7f500108bf12,1.71,3.53,1.38,0.09
instance-69bb2f76-0329-4132-8ea2-7227d552aafd,38.33,3.53,24.41,3.94
instance-7b80b2db-03e9-4caf-945b-91f1bd11a5a1,2.41,3.53,1.91,0.14
instance-87706093-9f98-45bd-a2e2-cf5a64336466,21.19,3.53,7.14,3.98
instance-9c33a638-034d-419f-941f-ee15a670b1fa,14.72,3.53,5.07,2.73
instance-a2b5deaa-f0b0-4365-9cbf-838fef939ea1,9.64,3.53,7.88,0.5
instance-aae5babe-c2d8-499d-8207-25389a199469,16.96,3.53,15.81,0.32
instance-ac7963b0-3935-459d-82ea-50da2812c842,4.47,3.53,3.21,0.36
instance-be442e5d-c36e-4233-a938-637a353c286a,16.93,3.53,15.41,0.43
instance-e92315dc-be6c-4631-91c2-f5e3945567a7,4.31,3.53,3.12,0.34
instance-f0ddeae8-8dea-4fa0-9a4e-a25b1f82bce9,2.4,3.53,2.02,0.11
instance-fb00ecd6-12bf-487d-980c-df25c40d2099,18.27,3.53,16.59,0.48
instance-0e3d6f64-b107-4dfe-8b85-68a7d810abee,14.82,3.52,3.74,3.15
instance-1518d1da-f7e2-42aa-8b65-58703d6771a2,62.06,3.52,30.22,9.05
instance-1beb67ad-c204-4670-ac3b-277a958fbd72,18.64,3.52,5.38,3.77
instance-3faf82b3-7dc9-47da-aee1-217e074074a1,9.08,3.52,3.53,1.58
instance-4c68c9fa-e496-4720-90dd-7deaf51f3cf4,2.57,3.52,2.13,0.13
instance-57c04f77-d420-44d8-a645-9078d51b7ebb,4.66,3.52,3.06,0.46
instance-5f857d1a-97bc-4c8e-93f1-f3fab281a0bf,11.19,3.52,9.63,0.44
instance-688f77e9-4043-4c90-b942-1d8cd45dbc0b,4.06,3.52,3.22,0.24
instance-6f2ecd4a-8f49-4a02-aad4-5a832c8f479e,1.82,3.52,1.25,0.16
instance-71d44165-7628-4cab-8a3d-a1ffaed5d181,8.29,3.52,2.12,1.75
instance-758b44cb-e061-4610-a159-1cfcfb9dcfe5,9.28,3.52,8.35,0.26
instance-785c7f85-0e3a-405c-bd43-df5d00f270ce,1.03,3.52,0.93,0.03
instance-a3ec07c2-6d5f-42fc-b50f-ed6c4f0056be,8.8,3.52,6.5,0.65
instance-adf455a0-887e-44aa-94af-a2f6d07ed1e1,11.47,3.52,10.86,0.17
instance-b00bda55-6366-42a6-8d31-227fd528f83e,6.78,3.52,5.57,0.35
instance-bb5bdaae-e031-4619-ab9a-a16f31346c69,4.03,3.52,3.05,0.28
instance-c294b86f-d03a-4d44-af8d-6cc609f3270f,3.89,3.52,2.93,0.27
instance-cbd80ae1-140e-4535-a870-744674a096aa,4.08,3.52,2.89,0.34
instance-d4e697a6-d244-46af-8fa8-594b4a3c7883,1.01,3.52,0.81,0.06
instance-e67af7b3-9edd-4bc0-b95c-4c3e30d98deb,17.07,3.52,15.74,0.38
instance-ee0ab9d1-6897-4672-b9bf-39188789a4c4,41.13,3.52,17.78,6.63
instance-fdfc454d-16b7-4248-8953-ad9d271662e8,1.94,3.52,1.53,0.12
instance-087ae034-151c-4eec-ac5a-496eb398583c,1.06,3.51,0.89,0.05
instance-440873c3-5705-49a3-b634-a5f52e0c8c3d,8.54,3.51,4.9,1.04
instance-4c48dbcf-c087-4a73-a0ae-3a77e5ba21a0,9.66,3.51,8.18,0.42
instance-5860aba1-8e77-48fb-aad0-1198d897bb66,5.01,3.51,3.33,0.48
instance-5d4c8ab2-7ab4-4d3a-8a67-e5f8b138a586,2.89,3.51,1.58,0.37
instance-6669f0a4-4875-4795-a856-5e0a8d9e6d61,2.06,3.51,1.48,0.16
instance-96c628c7-103d-47e4-a2ed-e971f5a0d0ef,1.22,3.51,0.96,0.07
instance-96fffb2d-337d-492a-a5fc-c518b95c8993,13.63,3.51,12.69,0.27
instance-9867bc72-cea9-4ea0-b924-968ba877f5fd,7.84,3.51,4.08,1.07
instance-b38d2b24-eb7e-457d-ba79-5d649615bf1a,1.6,3.51,1.27,0.09
instance-c7a26a24-1bc2-4d68-bae9-48740c183715,3.78,3.51,3.26,0.15
instance-cb70b067-1a48-4d76-be66-81364fbdd88f,50.49,3.51,38.72,3.35
instance-d7aa4f85-b782-4079-8eda-79cabc80c575,18.37,3.51,16.69,0.48
instance-e27cb143-8927-448a-9711-70810ff1c601,1.84,3.51,1.48,0.1
instance-e4e85a89-6abb-4f75-9577-75427b4dea24,2.41,3.51,2.07,0.1
instance-09c1ada2-4043-4948-814d-ef9f748cfd66,11.55,3.5,9.82,0.5
instance-0e2fa0b9-6dc6-4af0-b8f7-d197aae8db8e,1.4,3.5,1.2,0.06
instance-1282fc0b-943f-4740-a7c3-0ce939fc12fb,16.47,3.5,15.74,0.21
instance-1962265f-accb-46d7-8548-ef7f202e39bd,3.73,3.5,3.31,0.12
instance-20502817-f7de-4491-8927-e4ade66c3e33,1.68,3.5,1.58,0.03
instance-231176ce-c681-4ba4-abd8-ad969652416a,1.42,3.5,1.21,0.06
instance-23f81d34-0e78-4acd-991f-630498e38238,4.93,3.5,4.17,0.22
instance-2c7a9013-8f9e-43ff-9234-ecdc959fb2c4,4.14,3.5,3.08,0.3
instance-301177e6-80f0-466c-806b-d3abc831b5c0,2.08,3.5,1.85,0.07
instance-32918800-75fd-4455-9625-3d77f3aaf3b9,1.3,3.5,1.12,0.05
instance-33e19fe1-ffe7-4ec0-aad1-42c4b4b63030,16.59,3.5,15.68,0.26
instance-38ac07e7-96d6-4386-8bb7-7d2585b0a63b,22.54,3.5,9.87,3.62
instance-3e51729f-98c5-4d28-b0f3-33c637b90fdf,29.36,3.5,24.45,1.4
instance-46710614-2206-4be3-881a-a37ad229fcc0,4.38,3.5,3.2,0.34
instance-57cacd84-ece4-4790-89aa-ee59be6c1a17,6.76,3.5,4.47,0.65
instance-5a3afc1e-abb2-4a3a-a0e7-b87f88b26521,5.28,3.5,3.72,0.45
instance-62e278b3-1db3-4c2b-8679-090789c79bbd,7.1,3.5,4.9,0.63
instance-63cc66f1-8dcd-4b22-91f8-32c4ddfd9d58,2.32,3.5,1.91,0.12
instance-64460365-2b34-4984-aa20-8ce980131e2f,5.38,3.5,3.73,0.47
instance-81b42198-c3aa-4b66-8851-753f87452e8f,3.4,3.5,1.98,0.41
instance-a123f125-275e-4308-acaf-7f6bd814bdb7,55.86,3.5,28.82,7.72
instance-a622ee12-281c-4104-b019-a34d27533dcc,3.35,3.5,3.0,0.1
instance-ad0aad2c-a3fc-40a8-ac4a-3be61b8502dd,9.06,3.5,6.37,0.77
instance-cc9e4971-1d1b-46cc-8d55-07d45d7b4640,1.39,3.5,1.18,0.06
instance-d9dae07a-305a-43b2-9532-0bf8fdfb176e,1.62,3.5,1.27,0.1
instance-e494d8da-32dd-46c8-a761-a3efd848ac8a,4.83,3.5,4.12,0.2
instance-f63e2bac-c235-4b8f-acff-f316eb5ac3a2,70.13,3.5,51.41,5.35
instance-008123f0-0606-41ec-be4e-2a720a178bd2,14.14,3.49,11.67,0.71
instance-0d50538a-768a-4206-a281-306cebf51d43,1.45,3.49,1.27,0.05
instance-156e15df-58fb-4fa8-b4be-18ea4ee01240,4.09,3.49,3.15,0.27
instance-19760cb3-d11d-4abb-af6f-1dab82b68c0f,9.48,3.49,2.76,1.93
instance-2a0ddcb8-70fb-4740-901b-3cbcdba57470,2.85,3.49,2.56,0.08
instance-2b6eea0e-0297-4ac2-b29a-f00063e7e417,1.42,3.49,1.28,0.04
instance-3de04d7a-f093-43e7-b26b-3dcc3c4fe94e,17.98,3.49,14.87,0.89
instance-40aa3415-b121-4f58-93d0-4995e4b72d82,4.59,3.49,3.52,0.31
instance-411ad698-f73c-4f1a-b72d-926c6ff4757f,4.09,3.49,3.68,0.12
instance-46936305-58d3-4e74-8c48-91b976096e2f,40.15,3.49,23.66,4.73
instance-4ee916c8-2857-4dc0-b953-68eb7b753e5c,16.64,3.49,15.62,0.29
instance-57741b56-09c0-41f4-8eb3-db3e9b74534d,17.07,3.49,15.8,0.36
instance-67d9701a-3eef-4946-a3e6-4f63224cbabd,6.01,3.49,5.15,0.25
instance-742f8873-5dee-45a2-839b-3d9e130f6386,3.31,3.49,3.01,0.09
instance-75a5a7d5-67a8-4790-85b6-4cf2755dcd2e,1.81,3.49,1.22,0.17
instance-85ae7bf2-2955-4d18-a4a5-d688616e78f3,1.59,3.49,1.36,0.07
instance-886a9d0a-8e52-4cb0-b118-93e4780644d4,4.55,3.49,3.57,0.28
instance-9f83e271-3d20-4aef-82aa-ff5f5d5e367a,15.97,3.49,8.36,2.18
instance-a1c348b7-ec09-4101-b6ac-70abbdbafafd,1.57,3.49,1.13,0.13
instance-c3f737ed-7e85-44a4-a60f-64947a3f556a,3.99,3.49,3.08,0.26
instance-d5f49f19-ac71-41ac-ae4e-9f7ad88ac5cb,5.7,3.49,4.93,0.22
instance-e621586a-ff88-468c-a26e-0d36d044f0af,3.82,3.49,2.89,0.27
instance-fbb1d4fb-9929-4141-b141-657f3914f619,2.75,3.49,2.42,0.09
instance-0836f021-cc10-40bb-b471-a6c6bd9c8557,1.77,3.48,1.12,0.19
instance-18c00a3e-9dc2-4a57-8fb9-e48e05cb5baa,0.78,3.48,0.64,0.04
instance-21d4bf5e-6540-4447-808b-ee0a972adef9,55.54,3.48,43.73,3.39
instance-38c59699-251a-43b9-adae-ebbb6fa66a88,11.51,3.48,9.21,0.66
instance-41ef6b4c-26cd-411b-a663-d38762f54cb0,6.77,3.48,5.16,0.46
instance-4b62cf86-ee4e-4edb-85a9-038f3875ce34,5.48,3.48,2.67,0.81
instance-4e0286e8-5c04-405c-8f20-eb3a95fdbbba,10.62,3.48,9.3,0.38
instance-55262971-c0b5-4dc2-bb1e-1b1114a0e8d2,9.12,3.48,6.94,0.63
instance-5dabc1f9-a21e-4317-800d-bb08668daca5,4.49,3.48,3.61,0.25
instance-780f7a8c-a5d2-4de8-8c0b-76fde7b01f61,94.84,3.48,90.48,1.25
instance-84a4a51e-595a-4555-8832-a40e854a9fe6,2.96,3.48,2.5,0.13
instance-97fa9784-bb54-4a3f-a18a-9614a9790ade,0.86,3.48,0.65,0.06
instance-bfeff932-da1f-453d-91ed-7618a673367f,10.37,3.48,9.07,0.37
instance-c84509a8-2200-4770-810f-0637aa39d7f8,3.77,3.48,3.67,0.03
instance-d67e4e4b-e0c7-400c-af26-2c7373c99eb9,3.44,3.48,2.73,0.2
instance-f09978d4-aeea-4789-b7bc-7dfda2ca44ec,5.22,3.48,3.96,0.36
instance-f72d6d0e-2482-4e74-8401-c877b7d80173,4.34,3.48,3.15,0.34
instance-fdd99c06-98cf-4d92-8e7d-c8e747a2d6a6,11.79,3.48,10.91,0.25
instance-29351081-6019-432c-ac89-e7f20a043bbf,5.74,3.47,0.79,1.43
instance-35211262-7315-4a14-82e5-50e0b1427a7a,3.18,3.47,0.69,0.72
instance-3a4959f6-a75b-4111-9685-abaa2f5af966,2.91,3.47,2.12,0.23
instance-48697f66-d242-489e-b636-420d28a91c73,12.0,3.47,5.26,1.94
instance-4abcac23-c700-4542-a982-312ce941cae4,1.79,3.47,1.42,0.11
instance-4d765a09-463b-4894-9c8e-d055de911df1,11.05,3.47,7.56,1.01
instance-56bade63-6d7f-4cf1-ac97-3cdde75fa37a,2.97,3.47,2.53,0.13
instance-58bebd34-f9ed-4393-90d5-38181ae2fcac,4.13,3.47,3.02,0.32
instance-6e26192e-949a-46e1-8a9f-025d61b27c11,9.08,3.47,8.25,0.24
instance-7b02fcbe-1c41-46c1-8d37-391dcd1220c4,2.07,3.47,1.93,0.04
instance-7b6a86b5-c070-4277-bd4e-b10ed600c1ba,1.95,3.47,1.53,0.12
instance-a0031d04-1edb-4196-b4b6-368b48c03162,4.9,3.47,3.37,0.44
instance-a1bf7a91-71e5-40a4-800b-fbc581050f14,4.6,3.47,4.06,0.15
instance-adb4ffee-25b7-4282-85d2-7b29ffc8e36f,1.12,3.47,0.74,0.11
instance-bfa6a886-d822-4088-9df0-8be6284b934d,5.69,3.47,4.48,0.35
instance-cb9933e2-4a92-4b61-b6e4-af70914d48c9,1.42,3.47,0.85,0.17
instance-cc94825c-b0ed-4218-8164-bbc349b1de3d,12.48,3.47,5.96,1.88
instance-db783a97-44e4-4130-a4cf-f34052c4f0d4,1.87,3.47,1.55,0.09
instance-f1e2286a-ca05-4c64-bb19-39dc47c106a3,3.4,3.47,2.84,0.16
instance-fb47384d-c9f5-4962-b20a-327589508a4b,18.06,3.47,16.24,0.53
instance-131f1298-a173-4f9e-9860-86358936b594,9.38,3.46,8.38,0.29
instance-17561f3e-6d7a-43fa-a07b-446a8a3bbc40,4.74,3.46,2.76,0.57
instance-225bcc85-c02b-4481-a619-efedae55adeb,4.05,3.46,3.78,0.08
instance-55acce84-1853-479f-bc30-d300697cf012,38.06,3.46,10.78,7.89
instance-5712f1b6-31c7-4e5a-99ee-dbc0e682ccaf,12.55,3.46,9.09,1.0
instance-57ae4460-2e94-49eb-afd4-bb00f6a66199,16.55,3.46,15.63,0.27
instance-59dd2568-5fdb-46cf-bbab-393e9defb914,7.1,3.46,2.62,1.29
instance-60d5d9aa-43c2-4270-8a41-1c324ae932a8,4.67,3.46,4.09,0.17
instance-6210d5d9-ac32-43c5-b39a-f4bc283d01bc,8.55,3.46,6.14,0.7
instance-6ccb3fd0-0967-4bd7-abed-2e7c1a8be538,6.75,3.46,5.03,0.5
instance-878da2db-238b-4bcb-bd87-48502c38a748,34.9,3.46,13.8,6.09
instance-92609cdd-ff2e-452a-88a0-ee480224024d,3.82,3.46,2.86,0.28
instance-9b95a2ca-093a-4445-98dc-a6d87b7193f7,1.59,3.46,1.24,0.1
instance-a1dd8671-fcf4-4847-a2c2-97c4bb9b39f6,11.28,3.46,7.8,1.01
instance-ab85ce9e-8ba3-433e-8bb4-b53327ef06d2,8.0,3.46,3.78,1.22
instance-c292e9b1-a771-46ca-be79-cf7ddbfec731,11.22,3.46,8.17,0.88
instance-c65fc338-7c76-4f1a-afb7-98017bbb7e6f,22.05,3.46,9.94,3.5
instance-c8db54d2-2e54-4779-8938-eea7386d6bed,9.52,3.46,5.18,1.25
instance-c928762c-4303-416a-80b0-50f4305b97ef,23.93,3.46,22.03,0.55
instance-d4ec9a33-e4b1-453d-8285-1413e567efcc,7.45,3.46,6.93,0.15
instance-ee862ca2-97b1-4a61-83da-1f119ab43652,11.6,3.46,8.6,0.87
instance-f18c12a3-e819-4322-a983-853c9df67e78,10.4,3.46,9.42,0.28
instance-f28b5fab-4a08-4588-ac9d-1e45a6f27068,12.17,3.46,4.98,2.08
instance-f3f2276f-8eb1-4df1-b9e6-2760ff890543,2.0,3.46,0.97,0.3
instance-f40d186c-fbe4-46c5-b69d-3d398dcf6666,1.41,3.46,1.2,0.06
instance-f493662a-afcb-4b00-b4a0-02c1624f1971,2.46,3.46,2.16,0.09
instance-0a501dbb-6a52-4ee0-9d0d-f206252664c6,10.46,3.45,7.8,0.77
instance-14fc4873-6a3d-430e-a153-0302122341a7,0.88,3.45,0.74,0.04
instance-1c1c82f7-f83d-4476-bf8c-b05ca83d6cba,4.48,3.45,3.45,0.3
instance-1e1bae05-8dd8-4ad2-8350-022ad092e037,4.24,3.45,3.28,0.28
instance-45af1711-4988-4b77-95c5-629f07c11760,22.6,3.45,20.6,0.58
instance-4fe3ab21-36c5-4096-9f96-5fa9a3913cb0,4.78,3.45,2.57,0.64
instance-55fc4df6-028d-4456-b3ab-eeb00de20e7e,1.81,3.45,1.45,0.11
instance-57d06356-9cb9-4a34-9be6-b393478c5512,18.75,3.45,4.67,4.08
instance-61426328-92dd-4410-a598-107bea09c387,12.67,3.45,8.66,1.16
instance-6a80bb1b-8a25-4cb3-9366-2408e28a58d8,18.3,3.45,16.78,0.44
instance-6c2c32c4-5494-47b2-afe6-a217f6e3bd5d,0.66,3.45,0.53,0.04
instance-844c0d77-6fc8-46c9-b6b4-4cba233a69e3,5.4,3.45,3.19,0.64
instance-9574422d-2748-44ee-99b1-2d13f5ff1e05,5.24,3.45,3.53,0.5
instance-a93f300f-51a1-486e-9a18-da7d22465514,3.43,3.45,2.45,0.29
instance-b9384cd3-b52e-4722-b403-5da5ac9db59d,1.25,3.45,0.92,0.1
instance-c46f4e7c-f5c7-4b0d-8dec-ec0b83b87a97,9.15,3.45,8.62,0.15
instance-cc3e5e18-1520-4764-a734-f71f0f0c00fd,11.45,3.45,10.94,0.15
instance-cdf8dcb7-4f8e-4713-8ca9-bf499e9e449f,9.89,3.45,6.15,1.08
instance-d5d88baa-3cda-4d7a-80a6-b454a3cdd8e8,3.91,3.45,2.8,0.32
instance-dcb8b44e-2882-4902-b734-9a38f2821f20,31.96,3.45,28.18,1.1
instance-ee8b6f71-7106-4a42-b86a-166354dbf7d3,10.94,3.45,9.57,0.4
instance-f767d7b9-b678-4a3a-b811-b71a99789379,5.32,3.45,4.45,0.25
instance-fc4034c7-212e-4cf9-b67d-16cf50fe6f01,9.87,3.45,7.93,0.56
instance-03686409-7350-4ba0-8bef-fb8f54252eea,4.35,3.44,3.77,0.17
instance-070dc012-d89e-477e-93f2-73d9186e7cc2,3.66,3.44,2.58,0.31
instance-0cbc40b2-1fc0-454d-9c98-1f636d40ef99,17.08,3.44,15.78,0.38
instance-0dfe85d4-11c5-41f6-8dd2-3b4d0041b04b,1.98,3.44,1.67,0.09
instance-1c079ae4-9abf-49f2-bade-4e78c0cd669d,0.31,3.44,0.23,0.02
instance-1e12a8ba-0d70-4182-9cf6-535be9782284,17.99,3.44,16.18,0.53
instance-35b055e7-3d5b-4948-a973-3d465db5acdf,7.26,3.44,4.97,0.67
instance-3e3f4a0e-3893-4716-8026-be2215e2de25,12.14,3.44,10.41,0.5
instance-4677197c-fe23-4061-9c2a-816ac61527b5,28.88,3.44,20.23,2.52
instance-563b5d0e-fa4c-49a4-a662-698cda8469d5,13.6,3.44,11.02,0.75
instance-7851dc3d-30ee-4f6e-8caf-712b263d444f,17.42,3.44,15.91,0.44
instance-78ca6313-2ce5-40f4-9c41-fceee7320661,10.59,3.44,7.85,0.8
instance-b8767a26-bb38-465f-b9c3-1da9a03955fe,5.08,3.44,3.5,0.46
instance-b896a2b0-06c3-4ff0-b0e1-b40152622c5d,2.55,3.44,2.18,0.11
instance-bb712a23-5208-4716-8bcc-6fc3bd87a018,13.45,3.44,11.76,0.49
instance-d1fce814-2a40-41a3-8075-bef1cbdefc02,19.9,3.44,16.52,0.98
instance-df68b325-a159-4125-bf0b-8bebd8d885d4,3.71,3.44,1.04,0.78
instance-f2567ae8-5dc6-4264-80fd-86905257e227,8.55,3.44,7.95,0.17
instance-006252d3-96f1-4cd1-8306-aaba5dfb7f03,1.81,3.43,1.34,0.14
instance-00f43296-d5a4-4dce-8853-dc8becd89b89,10.57,3.43,6.73,1.12
instance-0b831e23-18dc-46e0-85f6-7b9a28578047,3.71,3.43,2.91,0.23
instance-0d3ca9bf-7ee6-4650-adc4-e47efcd596d6,1.23,3.43,1.11,0.04
instance-14638d02-05b3-4873-8f6e-07dd8b039e41,8.62,3.43,3.72,1.43
instance-1c284903-859a-487c-a95b-1a374751d569,3.04,3.43,2.83,0.06
instance-1ec93ea8-bbd0-4941-b533-7fafcaef6c8e,7.6,3.43,7.1,0.15
instance-208aee45-fe37-401f-963b-fae878420604,15.42,3.43,14.75,0.2
instance-2c6d4786-b26a-4b62-a0d3-6ae54b80066f,4.03,3.43,2.68,0.39
instance-35255a37-e0dc-469f-a2ba-2ce4725a72e1,3.41,3.43,2.38,0.3
instance-42bf3fd8-b519-416b-a40d-fc7a5eb3c109,7.6,3.43,4.14,1.01
instance-469b4f6b-20fe-4874-adff-56fbe6fea566,4.25,3.43,2.97,0.37
instance-4bfd6d13-3576-46df-a06c-5522d4ce256a,1.97,3.43,1.54,0.12
instance-5f54486c-cf27-4471-b201-6f9a26dcbe72,3.02,3.43,2.62,0.12
instance-677d55da-540b-42cd-8fdc-68b02a2f3d29,14.89,3.43,9.34,1.62
instance-6ae7045c-968a-431a-a83f-33e3a4771ff7,8.46,3.43,6.86,0.47
instance-78511065-f501-4c0f-a665-42286a863f4a,2.03,3.43,1.47,0.16
instance-7adebd25-543c-432c-8fe3-fda6a6608d50,29.25,3.43,17.82,3.33
instance-7cc7505d-ac41-4026-8667-bca2249e8cbe,9.1,3.43,8.59,0.15
instance-8108b04b-2013-41ff-bd8b-a69a0250954f,0.58,3.43,0.54,0.01
instance-89c177af-7174-4786-acf7-cc697f8dd7ae,2.26,3.43,1.56,0.2
instance-9510a0dd-191d-484b-9889-36dd72e38d92,17.69,3.43,13.91,1.1
instance-9fc2da03-403a-4514-9f21-9c3b95b27210,7.77,3.43,6.83,0.27
instance-bc137320-c606-43a1-ab5d-4d63876f5691,18.75,3.43,15.45,0.96
instance-c5304480-b127-4c07-b68e-1f77119cd251,2.72,3.43,1.79,0.27
instance-e21671a4-a2d3-4dc5-95e8-9975e1c4b1f8,3.56,3.43,2.46,0.32
instance-ee95efc4-647d-4251-9ff8-ee8be8023930,1.48,3.43,1.26,0.06
instance-f451e7fb-9fa6-400a-9160-a1ecc4dc07b2,3.28,3.43,2.39,0.26
instance-f50b175c-f2b2-4cc4-96fb-25dbd0231172,5.6,3.43,2.84,0.8
instance-095eed6b-93b0-4eaa-b0db-8944776d2dab,0.74,3.42,0.71,0.01
instance-2196297e-b983-4cab-905f-2822425de50e,0.77,3.42,0.62,0.04
instance-21994d74-dcec-467b-93ec-00fd815d3af4,17.12,3.42,15.55,0.46
instance-410feba2-a687-481d-bfdb-81d199ab0922,2.71,3.42,1.78,0.27
instance-4204b8df-d03f-4c11-bda1-d174a83dc09a,20.42,3.42,12.76,2.24
instance-57dc778f-8008-4db7-8d7e-d966d83fb81a,1.29,3.42,1.05,0.07
instance-584c2392-0e0e-4fa8-9566-12deb439f43a,3.71,3.42,3.33,0.11
instance-5e74c1e2-b53f-4061-8bfb-83905f5c7bfb,20.65,3.42,13.8,2.0
instance-6835128e-d34e-4548-a1e5-2755480c033d,51.54,3.42,45.21,1.85
instance-6a2f0400-fa6b-4bd2-8fbd-4b51b327628b,3.61,3.42,2.68,0.27
instance-78c9beef-eee7-4d93-97b8-760e86d632af,18.19,3.42,9.96,2.41
instance-7b86746a-11b6-4f23-a32b-34f9d9d44736,4.76,3.42,3.75,0.29
instance-844bb6d4-3958-40ed-9d51-e903e484eb62,7.67,3.42,2.73,1.44
instance-86b65018-6761-4d77-be22-511acd8b8cf5,2.78,3.42,2.3,0.14
instance-908cf6af-03e9-42bc-b84c-f007c8dde922,5.03,3.42,4.03,0.29
instance-9091d12c-a863-4e95-9d6b-a05a7c96922e,3.38,3.42,2.52,0.25
instance-a0343885-4204-4735-8665-6b79efa082b1,0.97,3.42,0.71,0.08
instance-a61688f5-1b65-4094-b2c1-6d7f70f72261,19.82,3.42,16.29,1.03
instance-b500c55d-9304-4a2d-b051-d99d63300a70,18.67,3.42,8.84,2.88
instance-b73927e0-4daf-41b2-adf3-a3b02f943ab4,3.84,3.42,3.01,0.24
instance-be66882e-1a3b-4cca-90a5-2a17d03a7835,3.56,3.42,2.57,0.29
instance-c2146888-5e9a-44cf-880f-10c5aa111087,17.02,3.42,15.91,0.33
instance-d9e07184-5ee4-453a-9c01-87f54a828c7e,12.68,3.42,6.55,1.79
instance-db28b5ec-2950-4295-b204-01748250e465,1.97,3.42,1.59,0.11
instance-f0d2e0a0-ed30-445b-81a0-2dc744a730b5,4.49,3.42,3.85,0.19
instance-fd123d51-01e5-43e2-b07c-152f3e3b6e24,18.46,3.42,16.24,0.65
instance-ffffe71d-07d4-4dc6-9f64-b4edd89bdb20,10.45,3.42,8.83,0.47
instance-013fcbeb-a97a-408e-a0d8-cae77af3cc41,9.42,3.41,2.47,2.04
instance-092cde15-1adb-4016-80ae-6bd261577a69,20.55,3.41,10.07,3.08
instance-0faa3b28-f980-48c3-95f8-a5d8e3e065ae,11.92,3.41,7.57,1.28
instance-219011e5-1031-4b6a-af64-c11b14ebd054,72.57,3.41,40.08,9.53
instance-222973b9-3fc6-47b6-be76-6f0842bcfde7,14.65,3.41,5.41,2.71
instance-25ec5305-5a26-471a-a6ae-278b44126272,3.07,3.41,2.82,0.07
instance-3a70003b-73be-46e8-896d-5055e1d29fc1,1.26,3.41,1.01,0.07
instance-47e09450-62dc-4dd2-bf32-1136939038c6,16.35,3.41,13.94,0.71
instance-48876895-9a30-45cd-b8b7-2fd813056411,16.13,3.41,2.37,4.03
instance-4a33921c-9bb8-4ba2-8797-f65d324aa5a9,2.92,3.41,2.53,0.11
instance-4b3a3600-4b99-4ac3-9aa2-49968ffa9d6d,3.7,3.41,1.2,0.73
instance-5efbbc55-79de-4e56-92bb-a0f178a23f73,18.39,3.41,16.67,0.51
instance-7a223e6e-7a17-4ba9-be39-5aca6093f6d4,0.43,3.41,0.33,0.03
instance-814dffc4-756d-4410-9359-6e2e5b5a1f67,1.01,3.41,0.89,0.04
instance-8aa477f2-00d1-4c38-88fa-09451fe07a54,11.44,3.41,11.04,0.12
instance-9e38a38e-a995-41f5-9a4d-de2231f3a50d,4.42,3.41,3.77,0.19
instance-a73cc872-01e4-4cf3-aa3d-4c7f09a4e4fa,6.19,3.41,1.94,1.25
instance-abc5b095-65ca-4cc6-8f9c-ca6e35e41f68,4.34,3.41,2.72,0.48
instance-cac55e8e-36a5-4fa4-87e6-86cc1b46cf48,3.14,3.41,2.39,0.22
instance-cc70f114-3d67-4868-b3ad-948c1ff1cce1,2.17,3.41,1.89,0.08
instance-ceb2e2b0-415d-45e0-9fe0-0586efb9c8fb,3.18,3.41,2.45,0.21
instance-cef25def-c5a6-492a-b73e-2cf916f0b0cf,1.39,3.41,1.16,0.07
instance-d87027d4-c323-4d38-a918-d64b9a614141,43.73,3.41,8.65,10.29
instance-e8b4b1ad-0a50-42ac-89ab-26634716deec,0.94,3.41,0.85,0.03
instance-eaa12d53-914c-405b-99d1-3e570b7be6da,1.03,3.41,0.95,0.02
instance-f3b3346a-bf28-4d55-b279-ff049539e353,2.02,3.41,1.09,0.27
instance-fd391443-af9b-4a44-96e1-fb9e48f959d7,15.84,3.41,14.31,0.45
instance-0abb48be-724d-4425-b962-fd4c1a000734,5.88,3.4,4.55,0.39
instance-1e9506bb-6dea-4e94-a7c0-a9f56e1d84b2,31.79,3.4,25.77,1.77
instance-1eb12fe8-7844-4365-adee-69ecd2ec4156,6.2,3.4,2.17,1.19
instance-209fe02d-9cfc-49b0-aea8-edf4a41163c4,1.22,3.4,1.1,0.03
instance-23053fdb-1401-42d9-8287-e08530ebd912,3.76,3.4,3.43,0.1
instance-2efc15de-4e94-4373-9a9e-dd59a88024ea,9.79,3.4,5.94,1.13
instance-32704712-0062-4161-86eb-ea75be603cd8,5.08,3.4,3.89,0.35
instance-389777b6-ba39-4ced-ba21-e53a182646e2,6.7,3.4,6.19,0.15
instance-4ac0e76f-2579-4719-8fe6-cb2b0767fd72,16.2,3.4,7.2,2.65
instance-6b9787bf-fdae-4b16-b33c-382540809acb,15.26,3.4,14.05,0.36
instance-6c77b5d0-312a-446f-92a7-490147760a8a,15.29,3.4,14.05,0.36
instance-782e22ce-cb44-4db3-994b-aa8ee5d5a586,60.45,3.4,8.79,15.19
instance-88bf1d64-46fb-447e-bbea-e6350d608dc1,8.47,3.4,4.6,1.14
instance-89e7fd8f-9a64-4771-937d-1fa9f5df5a87,19.84,3.4,18.0,0.54
instance-9136c2b5-2db8-480b-8f45-7d25dcdb8bbf,2.67,3.4,2.3,0.11
instance-9773bb17-9cbe-4a2f-bd27-8a1d96cc48db,38.27,3.4,10.42,8.19
instance-a20bf149-5400-4c79-a63e-9db51c904c8c,8.85,3.4,6.68,0.64
instance-b0048088-5220-4688-8be3-414bd545a58f,1.19,3.4,1.0,0.05
instance-b1ea0e47-2a01-4049-9ded-827e2ecab62a,1.86,3.4,1.38,0.14
instance-b3618004-d694-4dd7-93e8-92dc68c9105c,4.82,3.4,2.83,0.59
instance-b38afdc6-1a0a-425d-8d53-7ea92c5218e4,1.09,3.4,0.95,0.04
instance-b5dc0cc9-ae48-4b64-98e3-3a0a8793dc45,3.7,3.4,2.64,0.31
instance-b9ebec35-3507-4550-b890-871f5da235da,5.83,3.4,5.07,0.22
instance-c4d48e7b-e52b-4de1-8189-105ea91c2353,21.04,3.4,10.92,2.97
instance-c676e8e5-2278-4574-8b7e-e0e7ae2b49be,7.54,3.4,2.55,1.47
instance-d2e685a6-d50e-45af-be93-1710edb2e5a1,23.64,3.4,11.27,3.64
instance-d84b8e51-cca8-49f9-be10-34a2c0e92721,12.24,3.4,7.14,1.5
instance-dcbd1b70-bf93-49c2-a0ff-9fcdc3871e7f,2.69,3.4,2.35,0.1
instance-e0930e12-364d-4d16-ad14-a7ddf9445404,5.38,3.4,4.21,0.34
instance-e9e0b0c1-d5ba-48b2-946a-bec5f64d857f,4.33,3.4,3.84,0.14
instance-f007d410-3da4-4200-9c92-789fa3a010bc,2.93,3.4,2.02,0.27
instance-f42b9b3d-e1d8-4497-ae9d-50b65f80afce,1.4,3.4,1.17,0.07
instance-faadde15-a970-49be-b344-a2d01581d0e5,4.07,3.4,3.07,0.29
instance-03f55bec-0694-40eb-a2fe-bff2796da51d,19.45,3.39,16.87,0.76
instance-0a34aa49-db26-47d6-a6ca-a90da401c6ca,3.18,3.39,2.33,0.25
instance-131b33b0-fe49-475b-adf0-fa36953199fd,0.77,3.39,0.36,0.12
instance-2bef3825-b2f6-481d-9d1f-43a9e1799936,5.38,3.39,3.96,0.42
instance-30ce7e7e-abc4-4f58-bf6a-4f3c31790d01,4.63,3.39,3.59,0.31
instance-32228ec8-f55e-49eb-aab6-4ccd452b0c9d,0.74,3.39,0.65,0.03
instance-3f394446-242d-4d67-9cee-015f7dea2434,3.17,3.39,2.55,0.18
instance-46ff46ff-582c-42ae-965a-27a292277074,17.89,3.39,14.44,1.02
instance-5137590b-d7f9-407d-8b1d-f37dbebc62b3,12.69,3.39,11.41,0.38
instance-536ebe77-f4bd-4f9e-a115-2e3ed916edf3,28.15,3.39,10.2,5.3
instance-668ef52b-ad9b-4e56-864b-e39e9a775807,3.85,3.39,2.78,0.32
instance-6dbb6d6d-239c-4427-ac47-1111b84b7477,26.0,3.39,10.89,4.46
instance-85d1bde0-33af-4b6b-89bd-a3c518322bd1,3.29,3.39,2.59,0.21
instance-85e61165-2243-4b41-90f9-2971ea145ed6,4.6,3.39,1.72,0.85
instance-8e98cae4-3c6d-4dc3-83da-15d83fba1ff9,5.82,3.39,3.68,0.63
instance-99a3cec5-49b2-41bb-8be4-6f4e57764111,4.1,3.39,2.97,0.33
instance-a2b52fd1-c7c4-4bdb-9289-c62ac02388de,19.03,3.39,17.72,0.39
instance-a6b09b4e-dcfc-4810-ac3d-b1e6b718013e,3.89,3.39,3.02,0.26
instance-af188ac7-dcdc-4186-91f7-29ae4a6a2c49,10.1,3.39,4.58,1.63
instance-b6c8f9d1-f53b-4297-a2e8-4747f08a64c8,4.2,3.39,3.23,0.29
instance-c0d4072e-d06c-4faa-a3cb-ba37397aec7d,2.97,3.39,2.38,0.17
instance-d75a814f-775a-45ab-8727-aaa8b28170e7,4.17,3.39,2.96,0.36
instance-dca8c5af-b2c5-4830-a353-6e125339e35c,4.13,3.39,3.21,0.27
instance-dcc62ffc-9402-4ed1-9068-b89f78c6b81a,3.99,3.39,2.92,0.32
instance-f28668b4-8aa5-4cf1-9e05-b322c5442f28,10.73,3.39,2.94,2.3
instance-f2d1f062-6df4-4fd9-b76d-0d0de4f7f41a,3.31,3.39,2.48,0.24
instance-15577912-8cc9-4edd-899f-2b63dc237bb6,11.9,3.38,9.98,0.57
instance-16bf0023-1c0e-41bd-ba49-0038373c52e0,12.51,3.38,5.19,2.16
instance-18a1c16e-7d5c-482a-928a-55d66261936b,3.92,3.38,3.0,0.27
instance-1c9ea7e9-8c74-4dd6-b46f-80f75b870052,2.15,3.38,1.82,0.1
instance-20844258-50cd-4705-a73e-c77b26c06b8b,8.03,3.38,6.98,0.31
instance-279c72f0-8917-4d9d-a471-b7280cd5b9dc,40.71,3.38,37.83,0.85
instance-2d3b82a2-2025-42e2-bb79-4b2bceb3aebb,9.06,3.38,8.13,0.27
instance-39f4cf2b-b552-45ab-b0ec-d177c91fb421,1.87,3.38,1.51,0.11
instance-3bb62857-f792-441a-bfd8-a152b31bc123,5.86,3.38,4.72,0.34
instance-47d4f928-bb0f-4c99-8720-f80e9de34a29,11.52,3.38,5.13,1.89
instance-4c621e11-beae-417e-9ca1-e79a6950ead5,5.13,3.38,4.23,0.27
instance-516ec902-335c-4514-a25c-d85141869312,76.52,3.38,11.95,19.12
instance-52eae073-564a-46d3-8375-0701c71e45d6,6.65,3.38,5.79,0.26
instance-63cfeb0e-dbb6-4521-b239-de01eba20062,3.47,3.38,2.53,0.28
instance-69fc90f9-d157-42ca-8c9c-9c34a945e5de,1.72,3.38,1.47,0.07
instance-6dfc4958-0ebd-4956-bb3f-6549b4e44718,10.18,3.38,8.01,0.64
instance-9573fc36-18e2-4b75-a445-f212ee431ae8,17.42,3.38,15.87,0.46
instance-b603329b-4436-4bb7-bd6f-18aec9237a6c,4.77,3.38,3.75,0.3
instance-b99b1f51-2c64-4c4c-b99f-2baab7e1b6d6,1.1,3.38,0.96,0.04
instance-c66619c4-a905-474f-b9f9-4e3a819f19df,0.88,3.38,0.85,0.01
instance-cb02c3f1-dc93-4a7b-a2b4-6d0dda3705de,20.66,3.38,11.31,2.77
instance-d67637fe-fabe-4bee-ae8a-4f9b6d0996b8,4.27,3.38,3.15,0.33
instance-d87dee63-866c-44ec-a776-23ed91d8a891,1.11,3.38,0.95,0.05
instance-d9681086-ad41-422d-890f-42f32247e89e,3.03,3.38,2.38,0.19
instance-f67a8d42-17b4-4c80-b1e0-0d47b790daa9,1.07,3.38,0.97,0.03
instance-f740d79d-25bf-4d63-b288-5b8354f1e02c,13.25,3.38,5.36,2.33
instance-01916146-1a1a-4c94-ad87-c4b0945cd59e,3.56,3.37,3.17,0.11
instance-19b60c97-0b37-4a29-b4b1-1ea207880d7d,4.59,3.37,3.87,0.21
instance-4a9ea05e-22c1-474b-b6aa-91d6a16c8ef8,17.36,3.37,15.88,0.44
instance-4b742f2c-8b48-42fa-9de5-2e440fa9af1e,2.98,3.37,2.54,0.13
instance-4c9b90cb-91ca-412f-83d1-1ca269ebb3c7,10.63,3.37,8.05,0.76
instance-5a182d31-e2da-42a1-8b5c-2ff2981fe587,4.07,3.37,2.83,0.37
instance-6b70b653-9f7c-4bb5-9b6b-ae35830ce842,8.47,3.37,7.99,0.14
instance-774d5443-4053-4cc2-8b93-355bd285fd11,13.05,3.37,11.55,0.44
instance-7f67727c-d1a6-42bc-ada7-3aaeba2ed274,4.19,3.37,2.78,0.42
instance-8e637f91-3c4a-47c0-b106-d9d289e8f0ec,14.86,3.37,13.83,0.31
instance-b3556a69-d0c4-4ecd-b51d-6f6d8f347626,4.3,3.37,4.0,0.09
instance-b5f0ad86-5352-4476-b86c-9c6846460b01,13.11,3.37,5.32,2.31
instance-c901a615-42f7-4b20-9ae9-c2683d0f1dcc,14.19,3.37,11.79,0.71
instance-d12ef0ee-f9e9-4f24-a099-3f72de702e08,29.21,3.37,13.81,4.57
instance-d5d9d19c-f6e1-4715-8bbf-00508f082330,2.11,3.37,1.88,0.07
instance-dfcbddbd-27e1-4459-91f5-c6644a37b9d2,11.23,3.37,4.54,1.99
instance-e164c73e-a749-4831-8de4-3ee7e64226a0,17.57,3.37,15.88,0.5
instance-e333cf38-673f-4dd2-9d2e-21753a3dc472,1.54,3.37,1.46,0.02
instance-e5244ddd-ba12-43e4-a329-4485bcb92664,8.7,3.37,8.19,0.15
instance-fde99e73-df92-45a5-87a9-c4ac57e1006c,3.8,3.37,2.87,0.28
instance-039c980b-4e68-433d-91fa-75902e8d4823,17.99,3.36,12.89,1.52
instance-09687dc4-02ed-4ced-8429-f573242cc423,1.37,3.36,1.16,0.06
instance-1204756e-d1b8-4385-b089-91c5e29058f3,3.97,3.36,3.08,0.27
instance-17cc44a9-c4f2-4499-bc96-e16071e364c1,10.08,3.36,6.77,0.99
instance-26d79726-8b13-4081-8fec-1a483a35aa21,4.09,3.36,3.62,0.14
instance-27c601d9-47a3-4c91-b994-46f9eff62109,18.34,3.36,15.92,0.72
instance-2b692012-f9f4-4ba3-8fd0-9af0efcc2c02,4.08,3.36,2.98,0.33
instance-2cf5aa00-07f4-4451-b7f0-d0c549710820,4.56,3.36,3.81,0.22
instance-41eca895-4bf2-4ad6-9479-27d314125286,4.37,3.36,3.19,0.35
instance-487ee647-4f54-4c06-b2ec-35877cc4e055,3.38,3.36,2.43,0.28
instance-4916897d-ff8d-408d-afe5-882e25d0d325,6.36,3.36,4.24,0.63
instance-4fbd0b39-4de6-4159-9b88-565d49301641,3.8,3.36,3.5,0.09
instance-6442310a-e5c0-446e-8343-f06cc17a17ca,0.86,3.36,0.74,0.04
instance-674f593e-2675-4e08-8717-830f7e2157d5,14.67,3.36,13.18,0.44
instance-742d128e-1609-422e-a120-a2aa78bf4c87,1.56,3.36,1.24,0.1
instance-7a2c1f0c-574c-49c3-ab5f-4c464603289a,8.16,3.36,6.44,0.51
instance-8aba181e-4426-4974-a1f0-1b91d80e9a73,10.76,3.36,5.58,1.54
instance-8e5636c7-82b7-4272-aead-aed737cdf5b1,0.42,3.36,0.35,0.02
instance-8e9f3e37-51ff-493c-a3a1-814b81afaff5,13.67,3.36,7.05,1.97
instance-966aa668-459b-4f7f-92bf-55c52ad8f63f,4.04,3.36,2.95,0.32
instance-a744b4bd-b40c-4a54-8842-5c2c8c149ed8,8.47,3.36,2.95,1.64
instance-a7e19870-b7dd-4431-bd3c-b76435eb37ec,8.68,3.36,6.42,0.67
instance-ac020b22-f984-4e51-b5f7-51c8ce6329af,8.7,3.36,6.97,0.51
instance-c67a3125-f398-4d39-afc1-8e53f351e313,48.82,3.36,24.98,7.1
instance-c8bb3258-3b1c-4b32-a0fe-d87621f4f47d,1.42,3.36,1.22,0.06
instance-cae7b8d1-9c55-47bc-b486-3995c6a8e2d0,2.65,3.36,2.44,0.06
instance-e3bd2771-cf54-4ba2-8faf-8da39cf63e12,2.5,3.36,1.99,0.15
instance-e9a9d666-2d59-4afb-949d-e6640b0f6c7b,3.69,3.36,2.53,0.35
instance-ecfdf01e-b7c2-4fc3-a3c6-9c80c8b0c640,1.7,3.36,1.32,0.11
instance-ee950c70-7bcb-404a-8440-14d760800436,20.54,3.36,12.47,2.4
instance-fe5c3143-8f86-415c-a184-0119b8c91c24,6.04,3.36,0.91,1.53
instance-00e13340-9aeb-4361-a5c5-69818d3fa2ec,17.52,3.35,16.58,0.28
instance-0d75560c-f1de-43b4-a26d-08f88129e98b,2.53,3.35,2.08,0.13
instance-0d94a841-2b28-4cf4-9ec3-b4128173dc01,26.46,3.35,11.33,4.52
instance-136456c9-7490-45af-8120-8d5e784792a1,30.84,3.35,14.08,5.01
instance-13fe296d-9d94-43ef-9918-51a6a681dbf9,8.11,3.35,7.01,0.33
instance-14dabf70-aaf0-4976-b478-8214a81aec14,2.17,3.35,1.92,0.07
instance-22d76f9b-99c6-4786-8d25-83cee68fe70c,3.95,3.35,3.66,0.09
instance-2c94ac70-a7aa-4298-9029-4e2975dc004e,18.6,3.35,8.76,2.94
instance-3038f95f-1489-44b1-975a-aa57e2f79b89,3.93,3.35,2.94,0.29
instance-343d68ab-a165-40ab-bff7-1002aa1fd2d1,3.27,3.35,2.48,0.24
instance-37444b15-6645-4046-98be-8981b4484ea3,3.79,3.35,2.95,0.25
instance-3aa912f9-8b32-4812-b4e9-f849afc717bd,5.24,3.35,3.9,0.4
instance-3c306537-5efd-4113-8634-754667284702,4.12,3.35,2.98,0.34
instance-46b53d0f-b5c6-486c-87f4-8bd414679b34,18.41,3.35,15.92,0.74
instance-5c02ac78-8949-4213-95f2-df5fc959ef2e,5.0,3.35,2.76,0.67
instance-5e5e21ec-6374-4499-87a7-149bc1941265,2.54,3.35,2.12,0.13
instance-68e66492-60ab-44d0-957d-526e85c8c38c,16.62,3.35,15.47,0.34
instance-6e32fdca-ed02-4284-a8f9-b6380b7b3e10,0.36,3.35,0.31,0.02
instance-7fdbffff-e8e2-459e-b3c9-e9ca436e8253,4.27,3.35,3.13,0.34
instance-801e0e80-4ffe-4965-ba36-ba7c16ef1940,10.21,3.35,6.88,0.99
instance-8f53b925-8a44-4006-8b78-d0328f3e3692,17.02,3.35,15.72,0.39
instance-a8351948-7ab3-446b-ad19-fddd0d5a67c7,9.11,3.35,3.94,1.54
instance-b6e040d9-94d9-4ccd-99e6-c182ec7dc548,1.48,3.35,1.37,0.03
instance-ba2bb127-eb8b-4155-b87a-901ffc19eed8,21.68,3.35,17.64,1.21
instance-c1040cea-cdfd-4bb0-becc-f2d65f2e9b72,76.35,3.35,73.99,0.7
instance-c14c4d9b-608d-49a1-aecd-f6833b5f0f53,6.92,3.35,5.22,0.51
instance-d103fded-9cf4-45ea-b707-21cac3a649ec,15.89,3.35,14.87,0.31
instance-d1321b54-7f32-4fc7-969d-34c4ceafa52f,1.77,3.35,1.44,0.1
instance-d701a068-8cfb-4ed3-916c-1473816eef01,7.7,3.35,4.84,0.85
instance-d7bdd0e0-102c-4b27-858c-c46966622ddb,2.26,3.35,2.07,0.06
instance-e8518ddf-8707-46c1-99e3-ce0f4bce7f84,10.0,3.35,8.92,0.32
instance-ebe83e27-003b-4137-9b9a-5a62762751ad,9.49,3.35,8.78,0.21
instance-efd09ff0-0286-42e2-bb5d-7dedf2c2e695,3.35,3.35,2.61,0.22
instance-fa8c6dd4-2b15-4860-a3dc-5244b227941a,14.6,3.35,13.53,0.32
instance-fd6c24d4-402e-41ac-ad81-6a0bee5387c6,10.0,3.35,9.45,0.16
instance-fec680d8-31b8-465d-8ce4-532f71737f7b,1.74,3.35,1.43,0.09
instance-0557a0bf-82b5-43a6-92e3-f5ca79d4f5a9,17.41,3.34,15.79,0.48
instance-06f4bc11-741b-4921-b80d-96963fb704bf,19.4,3.34,16.6,0.84
instance-0ed902fc-d079-4336-be31-6673ef7d480e,0.37,3.34,0.31,0.02
instance-2cf90b43-2bae-4895-8b6a-e05ba279395b,2.61,3.34,2.02,0.18
instance-2ebbe9df-91e0-4477-996f-723715a9e99a,5.53,3.34,4.28,0.37
instance-3061f8f6-05e4-4d9b-a752-3d368fc4f363,1.94,3.34,1.53,0.12
instance-315ab544-6be8-47ae-9658-774a54ceead1,3.24,3.34,2.62,0.19
instance-3c324e9e-9558-4948-90e5-4decdc7b27e1,12.55,3.34,11.52,0.31
instance-589e5ee4-a835-4496-a28e-8fe4cb68f321,4.36,3.34,2.9,0.44
instance-5ea5ee5e-b36a-42e5-ad37-ad10253ab6bb,2.94,3.34,2.55,0.12
instance-62c85891-aa3a-4cae-9a19-f4b085426d9d,16.4,3.34,12.7,1.11
instance-6abc24ca-af7e-41d5-a753-6f7627009683,3.61,3.34,3.41,0.06
instance-6e072407-c2d5-4395-b689-b5f1d5d636f6,18.57,3.34,4.06,4.34
instance-746f49c6-8a73-4e66-962c-dbb00748fd42,3.9,3.34,3.37,0.16
instance-74b0613d-89f6-4f77-b421-8eb0db0d762a,2.79,3.34,1.68,0.33
instance-7d0283eb-20c6-4454-95d2-ab88a0ba32ab,3.23,3.34,2.62,0.18
instance-813e4f9a-45a4-4cf7-84a7-f7116fa0c168,4.56,3.34,3.56,0.3
instance-93f6e226-6aaa-4615-9e66-780ef98c43d5,3.83,3.34,3.39,0.13
instance-98036836-f186-497e-83b7-c784ea9578c0,5.95,3.34,4.53,0.43
instance-a418f66f-e080-49fd-8874-19c5b266a6b0,4.05,3.34,2.79,0.38
instance-be497231-1cb0-4487-abab-e4e8204ca8f5,3.79,3.34,3.21,0.17
instance-f200a9f5-ef0d-4938-b0da-9c651e3e8342,12.17,3.34,10.9,0.38
instance-f3ba23b3-0ab0-4b09-935d-fc454ec6caf1,3.8,3.34,2.92,0.26
instance-132d97f1-a0e8-4ec7-9d97-fb29f4508e98,2.39,3.33,2.23,0.05
instance-15861295-a5e4-4d85-baf4-da33f96953ca,7.89,3.33,7.36,0.16
instance-24090354-2ccf-4733-8972-bfd3c9647ed7,1.32,3.33,1.08,0.07
instance-569bbe4e-48a0-4696-b2a7-82f39ff4781b,3.8,3.33,2.82,0.29
instance-5d7a4514-f17e-43b7-a9f6-0e9514d5a6e5,45.86,3.33,13.31,9.76
instance-63a619a1-8123-4db9-ab73-b3d787028343,7.18,3.33,6.46,0.22
instance-6a07abbc-20e5-4937-844e-ca3b590e44ca,98.97,3.33,23.98,22.49
instance-6c93cf50-9f65-4495-be01-ebc7712b6e2a,3.91,3.33,2.92,0.3
instance-7400f69c-6fe1-48a9-ab32-ea2530d50237,17.65,3.33,14.94,0.82
instance-7ca0e3d0-9cc3-4aa7-869f-06344c9118b3,6.14,3.33,5.23,0.27
instance-9366a959-3735-4134-b3b3-87218806d614,14.95,3.33,10.15,1.44
instance-9920d680-1317-4876-b792-94810169a962,0.4,3.33,0.34,0.02
instance-9aeb8ab3-dac8-440b-b651-f45b01f79597,15.13,3.33,13.54,0.48
instance-9fac8e4f-02f5-42fd-b5dc-644ff57679c4,3.23,3.33,2.42,0.24
instance-b01e10cf-354a-42e9-ade1-465986e9eeef,2.45,3.33,2.04,0.12
instance-b6bf2f32-6c3a-4957-89b4-ad91ad1c833c,1.94,3.33,1.63,0.09
instance-c2124a2f-aeff-484e-95a9-f8f5a0d02f98,3.16,3.33,2.58,0.17
instance-c6c4f888-1a48-469b-a013-c9d67c3d08ef,0.5,3.33,0.43,0.02
instance-cec459ee-eba5-4b17-9d85-899437a0ecfb,4.18,3.33,2.93,0.38
instance-e1260048-4775-4cd1-918b-9323e87e7e0a,3.83,3.33,3.27,0.17
instance-e1518346-f1d7-4561-9630-54cc0d9cb4d4,4.11,3.33,1.99,0.64
instance-f6ebaad7-88e5-4b00-a94f-2d2286fcbab7,4.36,3.33,3.17,0.36
instance-0388d118-287e-4ea6-b0b8-eba7246d7136,20.9,3.32,19.81,0.33
instance-0f897445-3ad3-44a8-b1e9-78b95d54acf1,4.49,3.32,2.97,0.46
instance-10bc6841-e514-4f16-9bed-8d3e871b6343,9.63,3.32,8.51,0.34
instance-13ecb539-a5ea-4861-88ea-40240b8fb1d4,11.57,3.32,5.3,1.89
instance-1ca8784b-7a91-42e8-97d9-eb5321362d67,6.76,3.32,4.22,0.76
instance-36796d6c-1dc9-4d09-b841-b7f4e8525dc4,19.46,3.32,18.51,0.29
instance-3e1dbe47-7f1a-41df-aaf4-1187f1dd0d42,2.41,3.32,2.08,0.1
instance-4fe4ac5c-5fff-4c6e-84d2-f9e59334564a,40.62,3.32,22.87,5.34
instance-5c85f0e2-e1fd-4f47-9aca-ee9c80b39793,4.71,3.32,4.39,0.1
instance-6d919ae0-b32d-48d3-a68e-ea2b683818c8,2.83,3.32,2.58,0.08
instance-73a395da-846b-4c84-a369-85c8bc71149f,3.46,3.32,2.58,0.27
instance-7de094f6-4a78-46f2-9c88-83b6f302ca3a,7.8,3.32,2.52,1.59
instance-86ea46bb-6bfa-4eaf-917e-bbc96e357c25,17.34,3.32,16.22,0.34
instance-882482cc-5a69-4163-8009-1cb870b1edb5,11.27,3.32,4.24,2.12
instance-9bd22cdd-5d83-4a98-8499-857be325167f,7.43,3.32,6.23,0.36
instance-a0cf2196-a39e-4eb3-baf2-a0e09afb96e2,13.94,3.32,13.05,0.27
instance-a96a21b2-ad49-4c60-ab79-6be5bcb77b00,75.09,3.32,12.59,18.84
instance-b4b581cb-daa8-4fbe-97c7-5fdad1ccc598,0.81,3.32,0.73,0.02
instance-b6e7c2d9-84a4-4519-9021-c47f5b897450,12.6,3.32,11.62,0.29
instance-be124f60-77da-4418-af9e-0f6000be5562,1.47,3.32,1.21,0.08
instance-c0450f79-1de2-4c0f-8fcd-532b8f61fefc,18.33,3.32,16.92,0.43
instance-cab15409-4a4d-489c-aef3-7c741029124b,26.82,3.32,8.67,5.46
instance-d16e2655-2a33-4492-8fda-336748bb3783,5.37,3.32,4.66,0.21
instance-d8cb4d46-ee34-4260-a5e1-d2d7eb52a6b3,3.56,3.32,3.08,0.14
instance-e55d010d-4c0f-4394-81c8-9c47be9db806,52.79,3.32,10.55,12.73
instance-e5605ff1-afd2-4a9c-ab99-37dcda6bade3,2.37,3.32,2.2,0.05
instance-f2fa9297-1350-4918-82af-90063fcb86b4,4.64,3.32,3.28,0.41
instance-0b0bdd74-f864-4bb8-83d2-b782d39d2d15,9.12,3.31,8.32,0.24
instance-0d586a36-fb58-4700-8b11-da7e951a4990,12.01,3.31,8.21,1.15
instance-13431291-465a-40b8-a7d7-21697c4b6351,1.58,3.31,1.26,0.1
instance-14583cb2-9384-4feb-9ba3-485adfeab767,4.27,3.31,3.11,0.35
instance-1e71d617-2ff8-45d4-bc80-d9793c83277e,3.99,3.31,3.15,0.25
instance-26e4316f-ab09-4e3b-bdf4-5d346f10e108,16.37,3.31,15.4,0.29
instance-274c270e-7497-4451-a032-80381b3552cf,3.3,3.31,2.57,0.22
instance-4d785e21-4594-4349-8a5d-2400432ba4dc,1.26,3.31,1.0,0.08
instance-4f394e89-7cd2-41b9-94fb-aa8df8ae04e6,3.59,3.31,2.6,0.3
instance-52a28cfc-aeb3-4023-8926-511982849709,4.91,3.31,4.34,0.17
instance-548285e7-ca55-4d8d-b3f9-8af6252a56e4,1.61,3.31,1.3,0.09
instance-5fa13116-0544-49b9-b4a9-e85413c19584,7.65,3.31,6.02,0.49
instance-5fbc967b-db9c-4d0b-b74f-2c3487ee4f5c,3.72,3.31,2.88,0.25
instance-6e518dae-b3f6-421b-a0ef-d116476edff5,30.25,3.31,11.98,5.52
instance-6f119878-f353-40db-bdd6-0e97a1c88e5a,3.41,3.31,2.53,0.27
instance-8645b64b-a783-421e-80f9-acab7880a9d6,4.09,3.31,3.06,0.31
instance-9d574351-c37b-4327-8264-53d3a54b9007,3.57,3.31,3.3,0.08
instance-b2fb7195-4939-43a4-af37-da55a2769560,1.98,3.31,1.46,0.16
instance-c4e6f941-08fc-40c2-9b0c-23f8a9346d5e,4.15,3.31,2.94,0.36
instance-ceeb2bc3-e6a7-464c-a7af-cffed74701f9,2.02,3.31,1.81,0.06
instance-d385a81d-ed98-4aab-971f-eb28a1a9bb07,22.88,3.31,17.43,1.65
instance-d7f1750c-4a71-43e8-8d83-52b630647a76,4.97,3.31,3.72,0.38
instance-dc43c636-ec6d-4ce4-92b4-8c1b039b594d,3.78,3.31,3.5,0.09
instance-e0768f62-15a9-4d0c-82d3-05d8a2eee5ba,16.31,3.31,15.3,0.3
instance-24782de6-652e-4118-98dc-176407b67765,5.49,3.3,4.4,0.33
instance-2c65ea8c-182f-4a84-8812-04ed783caddb,0.84,3.3,0.67,0.05
instance-350253a7-5491-448d-ba3b-8f9ccce8c680,3.95,3.3,2.99,0.29
instance-376e46cb-e1e3-49e3-87e1-f706fe70b97c,51.83,3.3,27.88,7.26
instance-3924c58a-42b9-4165-92ca-fe58e23c09a7,3.72,3.3,2.43,0.39
instance-47bf7397-db24-49ce-bd4d-f1df2d07976b,19.96,3.3,18.48,0.45
instance-480400b9-390e-4ba6-90e7-588194db6301,7.11,3.3,5.76,0.41
instance-61e9d291-59b0-4486-9abd-c625f3d6594f,12.5,3.3,11.34,0.35
instance-664b05e1-6e7a-41bd-982d-ec76db9b2793,9.36,3.3,6.88,0.75
instance-67ba714e-2753-4cdc-ba02-135e2d7406d9,10.04,3.3,7.78,0.69
instance-68c3d81a-db47-4ce6-8002-9758cf826288,17.37,3.3,16.33,0.31
instance-9e862583-d013-4286-a2eb-a2b8805714b2,8.66,3.3,5.66,0.91
instance-ab29f7e9-e4ba-40bf-93f0-9e91e8dc7373,69.44,3.3,19.57,15.1
instance-b52e8d10-f8b8-4dbd-b995-89117d07802d,21.38,3.3,8.23,3.99
instance-b6339a83-5fda-4bb8-a9ff-919fe68700d5,17.57,3.3,16.09,0.45
instance-bb37f169-10e7-4a8d-8266-56467f5dbeca,14.91,3.3,2.8,3.67
instance-c739b1db-f07d-4a5e-a339-f7c536ac73d6,4.87,3.3,3.55,0.4
instance-cc0776fe-ef5b-4e53-8d33-10bc2d7e02f4,1.52,3.3,1.21,0.09
instance-d43a517c-8799-43ff-8759-1818de3f041d,3.81,3.3,2.89,0.28
instance-ec521f42-ccc8-4ed9-ab9f-e8511b97f723,7.57,3.3,3.07,1.36
instance-f00d2262-ab6f-434f-902a-30cbf46e4b94,1.7,3.3,1.38,0.1
instance-008f3288-106c-48f0-bed5-10902bdf8f30,6.23,3.29,4.29,0.59
instance-023655ba-bef5-4889-a3fd-48cf9cc77902,5.11,3.29,4.47,0.19
instance-2746541d-fc71-42f4-9665-847d20572471,3.79,3.29,2.59,0.36
instance-2e9224ee-a094-4218-88fa-d98a82bc0e86,7.63,3.29,6.88,0.23
instance-32f6a13d-a65d-4e8b-9554-a932a69aa567,26.66,3.29,18.86,2.37
instance-3b8ecc35-e35a-4fc3-be13-4562886cc365,3.59,3.29,2.84,0.23
instance-43b546ae-a040-499a-9b3d-3c3af26dcacd,4.86,3.29,2.84,0.61
instance-4547e22a-189c-43ae-a8ee-998eba4826a0,13.79,3.29,12.83,0.29
instance-4e33d70f-1f50-46bf-b84f-718b52d34572,9.61,3.29,9.21,0.12
instance-5312deec-3a19-4409-827d-6f0a3c19408f,3.68,3.29,3.32,0.11
instance-5715da40-eab3-42de-8438-dffd1b9be01c,0.55,3.29,0.48,0.02
instance-57aba770-9f32-47e1-98b7-5992117c0428,2.45,3.29,2.04,0.12
instance-58866b71-641f-4866-ab13-be75fadf84b7,16.95,3.29,16.02,0.28
instance-58c2941b-e8c8-4455-87f1-d3523524fb68,21.96,3.29,5.28,5.07
instance-5906b560-65cf-484e-bbc8-cfdc94ba76ac,17.76,3.29,14.54,0.98
instance-5d65a8b9-ded2-4ab2-a2c7-667551dbd9fe,2.33,3.29,2.03,0.09
instance-6827d1e8-7029-440a-93d2-e5e13d90c7d9,2.79,3.29,2.46,0.1
instance-8e3ae014-875e-4c05-97c7-0244fc0b12fd,3.7,3.29,2.86,0.26
instance-8f2d1787-f640-42bd-aebd-d365657f7627,4.64,3.29,2.63,0.61
instance-8fb8bbe7-e0e4-4486-97a1-9aea787259fd,56.24,3.29,14.14,12.78
instance-94cafeec-4989-49be-b373-6cd957ac050c,3.71,3.29,2.84,0.26
instance-98adf33e-8d58-45d4-952f-db60e8f10444,1.58,3.29,1.29,0.09
instance-a2313104-98b2-498d-91e2-75513bdaefa8,1.66,3.29,1.13,0.16
instance-a2975ef0-9f56-4c6a-9f88-7bbf1638f808,14.92,3.29,13.71,0.37
instance-afb55804-4c2d-492f-b0a0-a92ff97df36f,2.73,3.29,2.17,0.17
instance-bddd89b3-6cf4-441a-b9be-27a5646895ad,2.07,3.29,1.87,0.06
instance-d4cd50d4-b933-4884-91c9-6d40077ca8be,9.91,3.29,8.46,0.44
instance-daea2824-b7bc-469b-b4aa-6e99e4d06c19,15.81,3.29,11.26,1.38
instance-e5d3a5d9-2208-4374-9503-ae4e792bfb9f,11.02,3.29,8.15,0.87
instance-ea1f84cf-e7fd-41c0-8010-ccebe32a0553,18.02,3.29,12.64,1.63
instance-ee1d0752-2f6c-4ef7-a347-27328c647a7b,1.13,3.29,0.93,0.06
instance-f72cdca9-0e65-4d97-b462-94cf3a5587c5,1.49,3.29,1.3,0.06
instance-0e0782d8-10c2-433c-9a0d-d846931f7b02,3.36,3.28,2.38,0.3
instance-1421e523-7bd4-4b81-8f98-761340f7cd5d,2.43,3.28,1.39,0.32
instance-18a6fe83-019e-4e3a-b623-b92aedbe7300,8.39,3.28,6.31,0.63
instance-1acf31ba-dc44-4ec2-bfde-6cf7bfff7a3f,4.62,3.28,4.04,0.18
instance-1fbaffa6-a09a-4112-b3e0-5500612e707e,3.15,3.28,2.47,0.21
instance-22cd3c82-3504-494f-be9a-9c56e2e600dd,12.28,3.28,11.63,0.2
instance-2588dfe1-a65d-445c-a482-ec193d8bcdb5,2.57,3.28,1.89,0.21
instance-2c85deec-68db-46ef-8845-b42e185e284b,1.69,3.28,1.53,0.05
instance-2cfd56e7-f9c6-4dbe-94c7-116df8df5876,0.32,3.28,0.24,0.02
instance-2ea3d13d-b459-4fac-a9f9-a38db386ed3b,7.95,3.28,7.38,0.18
instance-33d26c45-8827-4db2-b420-ca209c8219e1,35.3,3.28,24.12,3.41
instance-3746653e-00e2-4afa-ad8b-e5e3f356f904,2.42,3.28,2.07,0.11
instance-385952e5-132b-4bc6-935c-2c0ec589912d,11.1,3.28,9.47,0.5
instance-3a3b2847-f901-4318-9276-5d6cd9e88d98,14.9,3.28,14.15,0.23
instance-405bf9df-4445-423e-bb92-6d0bca8b283b,17.37,3.28,16.22,0.35
instance-4aa354d5-dcca-45a8-a13a-7b525e581e9a,47.76,3.28,47.01,0.23
instance-5537cb27-a613-4f7c-a0a6-6b66c9ef0071,19.69,3.28,13.53,1.88
instance-61aa2ba7-9a42-48c8-a6f3-c62257f97167,4.38,3.28,3.88,0.15
instance-66cebc64-8ff2-4dbc-a91d-1737a7b83eeb,3.28,3.28,2.54,0.23
instance-6cdbd7e3-5124-4c73-8f09-20f379c591ae,5.54,3.28,3.83,0.52
instance-76656c06-38c3-4335-aff5-af8a391fc443,9.99,3.28,5.3,1.43
instance-7b28fed1-674d-45e9-a913-af152573d889,9.74,3.28,7.59,0.66
instance-7b3d21fd-e56a-4f6d-b177-4f7b960f25ef,9.92,3.28,8.33,0.48
instance-7f440ca6-ae15-44fa-9784-d34d81017c9f,0.53,3.28,0.47,0.02
instance-81684ce8-5953-4f03-b63b-41f25d479c57,6.09,3.28,4.78,0.4
instance-88aa4df9-cff3-42d5-bd73-56c18d998435,5.03,3.28,3.43,0.49
instance-90c5d8b4-5c5a-46f5-9c19-28f9dc54f4e6,5.86,3.28,4.67,0.36
instance-91a06e32-f812-4853-b83b-3208af7411db,9.0,3.28,6.97,0.62
instance-93b7e0c8-80b1-469a-9f3a-cbca07dce386,3.68,3.28,2.71,0.3
instance-93c64192-496c-40d1-b324-887e77f52827,1.01,3.28,0.93,0.02
instance-9a54892a-24d1-4fc0-ad18-1156badfdaea,13.82,3.28,11.94,0.57
instance-9d0898e8-5457-4f29-8ce8-e52fcfb284ba,2.34,3.28,2.19,0.05
instance-9d78fc58-a525-4578-8670-89f8ccc68f46,3.76,3.28,3.58,0.06
instance-b27da01e-4bcd-460b-990a-0e82fe34cb85,1.42,3.28,1.26,0.05
instance-beb5b0cf-39a0-4387-9f79-8a1fd850762f,5.12,3.28,4.15,0.3
instance-cdc65db7-3e1b-4015-b346-c55fae66790b,3.88,3.28,2.86,0.31
instance-dddcfad2-d33f-46a4-a566-c29e5d536d74,14.25,3.28,13.32,0.28
instance-e93992d6-a5b5-43d9-935e-d0483b3bda4f,8.91,3.28,6.49,0.74
instance-e97369fe-48df-4d7d-bca7-7dec566b0b44,3.61,3.28,2.97,0.2
instance-ee7016a3-8489-4a98-8242-646d40801150,9.02,3.28,5.99,0.92
instance-00525c42-631d-4f0f-a534-1cdf042ade30,9.47,3.27,8.32,0.35
instance-0f286f56-667a-4094-a72c-c1b15dac89c7,2.33,3.27,2.06,0.08
instance-1c00d05c-d5cf-4e12-8ab5-64625c16d35a,24.34,3.27,11.99,3.78
instance-2cbf4f58-e146-4883-81f1-616d178f2020,18.56,3.27,16.8,0.54
instance-429c5f00-fa09-41a8-acaf-3c9d24cb5b7b,16.78,3.27,15.77,0.31
instance-4566d909-e5a0-4de6-825b-59380fdf3997,6.59,3.27,3.28,1.01
instance-5a32ea39-cb4f-4e02-b6b0-1a5819806de1,5.93,3.27,4.98,0.29
instance-71d879c8-06e7-4e53-acf8-cf98cf5141f6,19.73,3.27,14.02,1.75
instance-868a6994-5812-45d5-8831-4aac85a7ac59,2.11,3.27,1.42,0.21
instance-8bd81be2-a025-468c-8c26-619f82eb138d,4.26,3.27,3.13,0.34
instance-98af041d-ae60-4c03-8b91-058d4507aaa6,1.3,3.27,1.1,0.06
instance-9a6e4720-72e4-42fc-93c2-7e301d1ea78f,4.36,3.27,4.02,0.1
instance-a20453dc-dfbb-4a89-b41c-23c940268d06,18.39,3.27,17.36,0.32
instance-a2f4b298-adf0-4b58-ac41-46cef90dc758,5.67,3.27,4.8,0.26
instance-a4201975-5942-4a4e-9d3a-4d693e7ce4dc,24.62,3.27,11.31,4.07
instance-a61da22b-f402-4b5e-8b2a-44516f28889d,4.78,3.27,3.21,0.48
instance-c20f93f3-69df-4d63-b892-8e712172a738,16.09,3.27,15.33,0.23
instance-c6d5a778-decc-4fb3-91dc-b6dabeded150,2.04,3.27,1.54,0.15
instance-cf7dbc0e-e5e8-4996-bb66-875da3295eea,4.92,3.27,2.78,0.65
instance-cfb108e9-281a-4688-a5b0-4acb6b8fcab4,4.59,3.27,4.1,0.15
instance-dfbb7ff7-24db-4586-a600-e9b95637fca3,5.07,3.27,4.78,0.09
instance-e23756c2-f748-47bf-9380-df4b40d93d2e,3.44,3.27,3.13,0.09
instance-ecc5d6a5-3247-4f7b-a629-4a751c40ef7e,3.47,3.27,2.02,0.44
instance-fb4af32d-25b8-481a-94e3-1ada0a25e9f0,9.01,3.27,7.7,0.4
instance-09dbafde-908d-4765-89ae-420bc579414a,26.88,3.26,4.67,6.8
instance-1d9bd33e-26f6-4285-ab8e-a4d67d32c3b6,17.12,3.26,16.15,0.3
instance-3deb9694-17cd-4d36-aac4-6bbf3a450215,8.69,3.26,8.25,0.13
instance-45bd7b73-bcfb-43cf-af80-47f7edc850b4,2.68,3.26,2.31,0.11
instance-51a887ba-11a9-4202-a3dd-2e2a9360f0a7,2.22,3.26,1.71,0.16
instance-5cfbc7ab-e85e-45fd-bb74-bc10e113d786,39.45,3.26,29.3,3.11
instance-6869a023-1c16-41ce-ac45-9ce201275073,3.28,3.26,2.97,0.09
instance-6a0c9d8b-44c9-4ed4-9cd2-17e2dc43c11b,0.5,3.26,0.39,0.03
instance-6d95c72e-cf35-4952-b37e-79417fd72f5c,4.11,3.26,2.92,0.36
instance-764edc05-0934-4d89-b9ec-e950f367ab38,11.62,3.26,9.08,0.78
instance-77be7ed9-614c-4fda-8f46-a0a315dfa07e,4.17,3.26,1.1,0.94
instance-7e470e05-af5c-4764-bf93-d4e98ff3dde4,3.82,3.26,3.64,0.06
instance-94ff091c-75ba-4a37-a594-383bffb59bd9,3.89,3.26,2.83,0.33
instance-9b798935-a41f-4057-a509-a24f94ff5ff6,1.67,3.26,1.51,0.05
instance-a0e5ad49-a49b-474a-ad40-a8bdab8b778c,6.09,3.26,5.6,0.15
instance-be9a6551-e3e6-4197-bd39-401db34e42f6,2.06,3.26,1.57,0.15
instance-c469a352-285e-4d02-8745-b6845fd66f6e,9.36,3.26,8.36,0.31
instance-c8b5c454-c9b6-4029-b10b-b00211ab91a7,4.16,3.26,3.7,0.14
instance-d60ecddf-c07e-4f98-a2d5-c793c6609604,1.56,3.26,1.22,0.11
instance-02699f6d-0a70-4ad7-a9c6-450feb81fcf5,0.8,3.25,0.47,0.1
instance-032cb67f-7943-47f3-be0c-456d7015b648,0.17,3.25,0.15,0.01
instance-16c84a85-6672-4c6e-a25a-41637cf098a6,9.76,3.25,4.0,1.77
instance-1f192b54-1016-462a-8919-e473274a5344,4.19,3.25,3.26,0.29
instance-23dcee6c-bb9b-4544-bb71-97bca5c3018c,0.81,3.25,0.63,0.05
instance-2621150a-285e-4505-8269-bfaae34133c0,11.93,3.25,7.93,1.23
instance-36c956c0-9f0b-42f4-8171-3677363d8a71,15.37,3.25,13.52,0.57
instance-3f571cc5-5178-4f7f-abb1-a272e754a9e1,6.36,3.25,5.6,0.23
instance-470f7f48-2a65-4450-ae16-f6c2d601fba2,4.9,3.25,2.89,0.62
instance-4a08d7e4-535c-4b8c-b795-9100d94ff323,17.92,3.25,15.91,0.62
instance-573fe7d0-d4a3-4bdb-824c-7714e25db65e,16.03,3.25,6.96,2.79
instance-5e92dc6b-80d0-4831-a1c5-36440eca9f91,7.88,3.25,5.39,0.77
instance-69535faa-2b62-4d62-8c73-042afb81e163,39.6,3.25,21.79,5.48
instance-6b062ec2-c45e-4833-9203-cb2edc195d7d,10.16,3.25,7.95,0.68
instance-77bc55ad-3d24-44fc-ab09-8bf9e787f0df,4.65,3.25,4.5,0.04
instance-7ca55aeb-fda6-4790-ac74-193242bd2312,2.43,3.25,1.84,0.18
instance-8161b34a-16a3-4943-b98a-0ac00124a6f7,8.38,3.25,7.93,0.14
instance-8dc54ddf-9c42-4e63-95bf-6267bd2789f1,4.64,3.25,4.02,0.19
instance-904d59de-963a-4d8c-a9ca-015b5d057211,4.38,3.25,3.29,0.33
instance-92db8900-9035-45c0-8728-31bf2d838832,3.06,3.25,2.82,0.08
instance-ac2a97d9-0e71-4727-b3d4-6158713e9f6c,8.16,3.25,7.15,0.31
instance-ad28678e-acda-4cfc-a02b-b7b36332db64,5.82,3.25,2.95,0.88
instance-ad700de7-6261-4633-8338-8a8e5889f0e4,13.04,3.25,12.12,0.28
instance-b0b2574f-541f-4c03-bb9a-d78698b3d623,1.69,3.25,1.31,0.12
instance-b66996cf-698b-4e7d-b6ce-8eeb9127d8cb,3.42,3.25,3.15,0.08
instance-bc37487c-054b-436c-9dc0-2bd965e4514f,1.43,3.25,0.44,0.3
instance-c61fa470-e1af-4477-b3c8-601e1fec3654,1.81,3.25,1.57,0.07
instance-ca024c28-22d9-4886-a598-081b49eeed40,4.0,3.25,2.98,0.31
instance-d2619ce8-a43c-4b78-a2db-df847c3ba6d8,8.24,3.25,6.31,0.59
instance-da9d80e3-9f25-48fe-a934-ee5fc40e55b5,3.47,3.25,3.24,0.07
instance-053cee7e-95ac-43f1-9489-a31e65cbc936,4.45,3.24,3.43,0.32
instance-0a12962d-27c3-4c0b-98a2-e94643b44c7d,14.45,3.24,13.67,0.24
instance-0a4826aa-3a5f-410d-81df-72605a368e3f,64.39,3.24,58.6,1.79
instance-15036ad5-8996-46d8-ae15-f4009fa1585d,3.8,3.24,3.56,0.07
instance-1e23289c-4bb1-4278-8c29-1c40c6a4ef2b,17.68,3.24,7.55,3.13
instance-231e7ef4-9bd7-485d-8191-5d3f4e278923,3.71,3.24,2.86,0.26
instance-2394adc2-a2f4-4b55-9b71-be377d8f02c2,3.75,3.24,2.73,0.32
instance-29714190-848e-4a2a-813d-af52225d7c39,4.1,3.24,2.05,0.63
instance-33a9a2cf-30ca-47e1-a1d5-26be3608f840,1.85,3.24,1.67,0.06
instance-395c831b-15d9-40c0-9bbc-3a6b86f227b0,2.03,3.24,1.78,0.08
instance-5938b276-cb6f-4665-a912-0809c542137a,3.31,3.24,2.68,0.19
instance-5f212cdd-601a-4e43-87e9-dadce590388c,17.59,3.24,9.19,2.59
instance-68d1570c-52f5-47c1-b46f-e061e9897388,13.14,3.24,9.14,1.23
instance-6f425d21-f279-41a7-a9de-7c285df2d0bb,5.76,3.24,4.38,0.43
instance-72b6a6f0-b71b-46a6-a663-ab7baa457745,1.33,3.24,1.26,0.02
instance-7764ab4f-4e08-4d3e-82b8-555593ee439f,3.49,3.24,2.29,0.37
instance-810f88a2-9225-4419-8a27-56d1a8c6894a,42.93,3.24,38.71,1.3
instance-86b85408-4869-47a4-9322-11df2e88d32d,3.04,3.24,2.57,0.14
instance-89657ceb-878d-4706-8a54-e999944ade6a,2.11,3.24,0.56,0.48
instance-941e0bef-3a76-492b-be7c-cda21b2f70cb,1.03,3.24,0.82,0.07
instance-94a65dae-4d16-4519-a5dd-4f8bb39e2ade,45.06,3.24,24.7,6.28
instance-9c5ddb59-91dc-4ad6-bafc-7fa98bf95476,3.09,3.24,2.4,0.21
instance-9d37433f-d2af-4c9d-ae5b-fada169c7401,2.98,3.24,2.39,0.18
instance-a300c962-cb4d-4cdc-80eb-06873c4b89bb,8.63,3.24,3.7,1.52
instance-bb1fec94-4652-4360-afc0-bec74be44dca,0.43,3.24,0.27,0.05
instance-be8baef0-f900-4b90-bcc3-e5d7ab8aebcc,2.38,3.24,2.03,0.11
instance-f0c056cb-5c94-4b81-b245-cbfaab31586a,17.31,3.24,15.64,0.51
instance-f78c90a1-1959-4812-bf85-1b94a60af23f,15.08,3.24,14.2,0.27
instance-057f642f-925d-4ed5-8d62-b9b6e598f35b,2.23,3.23,2.06,0.05
instance-083c65d0-a389-478f-9740-f8ab165653e4,1.83,3.23,1.48,0.11
instance-0e1a4985-a5ef-4fda-9f4d-02508642baeb,1.99,3.23,1.65,0.1
instance-25c2b09a-ac3b-4593-a1e8-1281aec36471,49.55,3.23,8.88,12.61
instance-25de3d13-f4e2-48c0-ae87-4f22c1dc2ba4,7.8,3.23,7.14,0.21
instance-2f1a74eb-3e57-428e-8e3d-ffc7a854ff25,16.7,3.23,15.79,0.28
instance-30976f14-55b1-4366-9393-cfab836259f5,3.2,3.23,2.44,0.24
instance-35d28d78-673c-404b-ba0d-2092588b5afc,1.28,3.23,1.06,0.07
instance-3ab33ed9-0fcd-46bd-96c7-b1e8efa32760,7.51,3.23,6.9,0.19
instance-3b232534-9e6a-4a74-b63c-c2203d348bdb,1.59,3.23,1.44,0.05
instance-42046051-1e23-4f29-ab30-8fe4ab4da58d,5.24,3.23,4.52,0.22
instance-515fa6a8-edc8-4819-92f6-cd712aa23937,11.79,3.23,7.45,1.34
instance-5cf28511-e2d7-4af6-afce-cd93112ec7ce,8.91,3.23,8.3,0.19
instance-5d7b3d7a-94fe-4f52-9866-b1206305e8f6,14.82,3.23,14.08,0.23
instance-641fbe5a-99d7-410c-94ed-814b8d1f15be,15.24,3.23,6.32,2.76
instance-7bc71136-8094-48c6-aa95-68a2526cf70d,10.72,3.23,5.59,1.59
instance-8eb367a5-5d27-4f57-af75-d297b78377d9,4.62,3.23,3.32,0.4
instance-91f5a1e3-9b62-46da-bf4f-821abf600ac9,7.07,3.23,4.93,0.66
instance-92ef9706-1115-4c3d-8d95-bb1cf8163676,82.25,3.23,44.07,11.84
instance-984fd1f1-705b-4326-a24f-565fa2f7fab8,3.31,3.23,2.51,0.25
instance-9c72a342-2285-4563-98c7-8e8db3f55875,5.37,3.23,3.04,0.72
instance-a3d7289e-d8ad-4303-89b6-c9c31757f187,7.85,3.23,7.15,0.22
instance-a6da0246-fa4d-46af-8b68-2527168ba46e,17.32,3.23,16.76,0.17
instance-ad6ab4b2-b73b-4e84-8bbd-3f13a2884ef6,4.6,3.23,3.72,0.27
instance-aecd112b-1d94-4bd4-b7ea-e982890c04a2,4.46,3.23,3.27,0.37
instance-afeac240-ba5e-4c47-8c94-5cc6cc3e436b,2.67,3.23,2.42,0.08
instance-b5b92d53-96d3-4137-84aa-046557a81afa,8.4,3.23,7.14,0.39
instance-b7996a73-e591-4775-ad5d-cfdbda875227,3.27,3.23,2.4,0.27
instance-b8d09998-01b9-43e0-892f-980bbb0fcd54,3.07,3.23,2.47,0.19
instance-bbca6060-a51e-4fe6-a939-c5050dba8adc,5.69,3.23,4.95,0.23
instance-bc040e59-4758-4886-bcbf-ab4160128b22,7.38,3.23,5.73,0.51
instance-c024ead2-9a49-42bb-a464-e5ec1e051e2d,4.18,3.23,3.01,0.36
instance-c2e5c175-867f-40b8-a83c-2bd51d8277a1,2.58,3.23,2.25,0.1
instance-d670436c-a86c-4e88-b9f1-14f2fd0fbc32,2.92,3.23,2.82,0.03
instance-dd29a02f-845b-4f51-b3d0-87649b11ea14,4.19,3.23,2.92,0.39
instance-de568454-f072-41d3-a182-1e3aaeafbdf8,2.5,3.23,2.2,0.09
instance-e5834ad4-06c2-44cc-a4d4-c4ed0a793f38,10.67,3.23,9.54,0.35
instance-ebc2423e-1fb2-40d3-b50e-29544d874845,0.84,3.23,0.76,0.03
instance-ec82e578-bd9c-4991-9f57-f3fae34268bd,4.31,3.23,3.06,0.39
instance-ed9bc868-6d45-4394-a692-438a316584d1,3.76,3.23,1.63,0.66
instance-f1fe2f44-43a2-448a-84b6-55f7026c8f0c,14.29,3.23,13.33,0.3
instance-f3f7d7c5-0722-415d-a755-cfe95284a3c7,7.98,3.23,7.15,0.26
instance-fbb08893-09f2-4b3d-9b58-6b5698c9fda1,3.85,3.23,2.99,0.27
instance-045851c2-85f2-4a29-9776-ae7d18bed4e8,1.44,3.22,1.29,0.05
instance-05966f13-9587-4acc-8f41-fce53237a4c8,10.38,3.22,8.41,0.61
instance-0ed0cbb6-da85-4f95-992c-9a28e1f5aafb,5.88,3.22,4.7,0.37
instance-162daabf-ab2b-4b0b-9ba7-acbf4decb835,3.38,3.22,2.53,0.26
instance-23d00623-e72e-4d5d-8a94-735568e468c7,3.95,3.22,2.56,0.43
instance-27b5c724-35f1-49cd-80d8-141fc66ec64d,7.68,3.22,6.87,0.25
instance-2abf51a9-7bc5-47f0-8c7b-b34f6a63c940,11.43,3.22,10.65,0.24
instance-3740a79d-62e0-4aa7-81ec-2b1258bb436d,2.28,3.22,1.92,0.11
instance-3bb09ecc-e925-4835-9524-1a5bffa88bbe,1.97,3.22,1.51,0.14
instance-3bd3050d-a0b1-4bfe-bcd7-5f876e5d9552,7.77,3.22,7.33,0.14
instance-487848ab-9f1d-4774-be6c-318d6d36d468,8.34,3.22,7.52,0.26
instance-53d76417-b29d-4cd2-8c4b-c2e098be2445,3.03,3.22,2.48,0.17
instance-5c8d609e-ea74-4b86-b1fc-6f0edfec9ca1,22.21,3.22,15.66,2.03
instance-640aca60-cab7-4885-be25-3b96d729270f,6.98,3.22,1.7,1.64
instance-705188b3-367a-4212-b20a-c68542e2a486,12.64,3.22,3.31,2.9
instance-70a8bb34-b3a6-4d3b-ad29-fbb932192314,7.99,3.22,4.45,1.1
instance-75b9b6c6-dba2-4773-8030-036462bf9ad1,14.57,3.22,6.1,2.63
instance-7752c0d6-2ecd-4ac0-915c-f96210a0da50,1.96,3.22,1.53,0.13
instance-7cb5d219-0be7-49bd-abec-0261fdd74ebb,0.98,3.22,0.49,0.15
instance-7fec876e-7bb8-452e-a471-886acf1e6017,11.7,3.22,4.31,2.29
instance-86d624cc-d71e-4ac9-940e-9189331ca63e,8.34,3.22,7.7,0.2
instance-8f8d6cd9-0a68-4acb-a9cf-1d3d373ce7cc,1.78,3.22,1.46,0.1
instance-a13f13c2-d1ef-4f44-abd1-fe0af1ab6f94,4.27,3.22,3.1,0.36
instance-a76e72a6-95ec-44c5-802b-6ef2b341770f,3.19,3.22,2.4,0.24
instance-ca899522-c510-4318-8356-f31a2e8553e3,7.72,3.22,5.65,0.64
instance-d0cb0fa6-efe8-4b1c-bda3-dc24e9aa3307,3.43,3.22,3.09,0.11
instance-e3670c70-3f9d-4d95-8dfa-c96491078846,4.06,3.22,3.08,0.3
instance-ed8b5c3b-9dac-4694-a8af-43302ac9ab2b,3.28,3.22,2.96,0.1
instance-f1d6a4dd-2077-4c64-9382-8590260d8f0b,18.13,3.22,3.39,4.58
instance-f1dc8bfb-a6cb-4636-8e51-cdcdf3ff3112,3.52,3.22,2.91,0.19
instance-fe584a96-990b-4e13-9a8a-eef0cff12432,38.62,3.22,4.73,10.52
instance-00da1f07-f387-4331-a2cf-db4709e5b82e,1.7,3.21,1.54,0.05
instance-02ce9f19-56ad-4a68-84bb-676740a3b80c,2.95,3.21,2.27,0.21
instance-0487785c-fcdd-45f3-9718-d91c6b9f59e6,6.89,3.21,5.22,0.52
instance-0d8faedb-7829-43cc-a222-85ef433db97e,3.76,3.21,2.86,0.28
instance-19a8f582-c53c-4069-b4af-b6e6b86e5f32,3.66,3.21,3.42,0.08
instance-1b878a9e-9405-49d0-bca3-152318915d6b,14.27,3.21,9.36,1.53
instance-279bfc9d-48a3-445a-81ac-e145f88533d7,5.98,3.21,4.34,0.51
instance-2c83e334-7b63-4393-91d2-ee30922e5fc4,4.5,3.21,3.22,0.4
instance-2f56122d-5bf8-448b-a7ff-9bbf633e6eff,2.71,3.21,2.49,0.07
instance-32eb8c2f-8aec-418a-8b33-fc3f2169742f,2.32,3.21,1.89,0.13
instance-3986da40-68b3-4073-82cb-4f9c012c587c,5.53,3.21,3.9,0.51
instance-3bce64b4-9371-49c4-bd3c-0ac7287f22b2,4.22,3.21,2.72,0.47
instance-5a4016ea-4b0c-4199-870a-06db6416872b,0.62,3.21,0.56,0.02
instance-5ca297c1-2f18-46c7-abae-f6999f8b162e,8.08,3.21,5.64,0.76
instance-5d793f09-addb-4a62-b84b-04221aae7b05,2.86,3.21,2.56,0.09
instance-5def0940-bdc5-4205-a7ed-88d3a8d9a068,3.33,3.21,2.68,0.2
instance-749dc4cf-dc03-47a6-bb59-541ff28c1a75,4.51,3.21,3.08,0.44
instance-79a4e81f-c765-4278-8c4d-0417986a824f,3.28,3.21,2.51,0.24
instance-7acb85c7-2eb8-4ba8-a2c5-96ba80ff8736,8.32,3.21,7.4,0.29
instance-832cbbad-4258-4afc-9459-a518d4bd2c00,2.97,3.21,2.78,0.06
instance-89503370-ea82-477f-a7b9-7f99480c4813,3.46,3.21,2.44,0.32
instance-8e076f7c-4ed4-4b6f-805a-5a3182222f3b,5.23,3.21,3.18,0.64
instance-93a63df8-c25c-4524-9e1b-2b43aaf5f4f5,11.18,3.21,5.56,1.75
instance-9a90a0e9-85b6-452f-ad31-babeb985433f,19.14,3.21,16.65,0.78
instance-d6a94410-196f-4f7a-90d7-72f5b430bcc0,10.03,3.21,7.67,0.73
instance-d84defc7-c61c-41ab-a6b6-f46f3ba8b8a6,14.32,3.21,12.86,0.46
instance-ee11e48c-e0d9-4e20-aa45-1e5ddd4e6d8f,22.09,3.21,20.32,0.55
instance-163cf276-6891-4434-a158-497d44b7181e,2.31,3.2,2.1,0.07
instance-25d7aade-3f4c-4da0-887c-36820f04719a,40.73,3.2,24.13,5.18
instance-2d58ec80-31bd-4d77-a248-0c6c862a9731,3.51,3.2,2.58,0.29
instance-33c399a9-8e25-4b65-ad4b-6c5254ee291a,3.2,3.2,2.48,0.23
instance-3aec63c1-0b15-4470-9392-705d2f070a09,8.63,3.2,6.54,0.65
instance-434a1626-8f32-44a3-8072-72ef555367c3,11.17,3.2,8.93,0.7
instance-4aa05001-735c-4306-918a-71f812d81ffa,3.5,3.2,2.57,0.29
instance-54fd3c5e-e20c-440b-ae9e-6d8d39639db9,3.91,3.2,2.93,0.31
instance-5e55a20f-5fb7-4bfa-9925-b6610b80802a,17.12,3.2,15.53,0.5
instance-66e2fdcc-32da-4f56-84bd-87a068b266c3,2.64,3.2,1.65,0.31
instance-67d42248-22fc-4a93-9de7-d845fa4978f4,1.63,3.2,1.57,0.02
instance-690d80bf-11b3-462b-841c-474dc32679cc,3.09,3.2,2.32,0.24
instance-6d234e5f-1b93-4ef1-ae83-26c05927e4d8,3.7,3.2,2.81,0.28
instance-7a99a2a8-31e1-48b5-9319-f1ba1dd0f1ae,2.23,3.2,1.23,0.31
instance-839fda81-d7eb-4f5b-977d-a3b7e63d776d,4.28,3.2,3.97,0.1
instance-8ae0ed25-4143-4d51-b322-c58a6b2e56f4,25.26,3.2,12.24,4.06
instance-961b298b-bd0b-41af-845a-31bb8e97a253,1.4,3.2,1.21,0.06
instance-98217b17-546c-4289-80b7-88458e035d95,12.44,3.2,10.58,0.58
instance-9852bc1c-3f48-4480-83d0-feb396a2f2d3,1.48,3.2,1.28,0.06
instance-a9b60a4b-524d-44c5-8abf-b9009c84c994,18.63,3.2,17.0,0.51
instance-ae01342e-cbc2-42a7-819e-669313d25a8a,1.45,3.2,1.27,0.06
instance-c8e6bf9d-4ab8-4ca0-886c-cf848d0034ab,2.11,3.2,1.83,0.09
instance-da4c66b3-b9ca-49c7-9c65-6c2a0356a46e,1.45,3.2,1.2,0.08
instance-db05ce04-d5d0-45fd-a173-b0ea1768736e,12.07,3.2,11.43,0.2
instance-e09f5101-f2e9-4a3d-bfa4-92527a7e0fdf,7.67,3.2,2.71,1.55
instance-e3956931-bbd1-4361-93c6-b729a9912585,3.03,3.2,2.3,0.23
instance-edffbee4-5f32-4ac9-aec6-3825355d2e99,8.77,3.2,5.91,0.9
instance-f1497c00-d057-4ca7-a98d-d1771157c77e,1.79,3.2,1.27,0.16
instance-0e0aae64-7d2f-4f55-94c9-b099304e686b,8.19,3.19,6.68,0.47
instance-170b4286-53d1-4a8e-9ce7-da2896fd3e14,5.84,3.19,3.81,0.64
instance-1a58ded5-ac25-4f5c-8dcd-9be93954c020,4.25,3.19,3.17,0.34
instance-24957ec3-2405-4c18-a43e-f5ab717b39ff,9.6,3.19,8.3,0.41
instance-42330563-a2a8-4662-b8ed-71ff6a90fd42,2.89,3.19,2.35,0.17
instance-4e938e72-aa52-4534-9237-74968785e574,17.84,3.19,16.34,0.47
instance-503335ad-f664-4b5a-a0a4-8689ba2a8e62,13.59,3.19,2.63,3.43
instance-5c27e39f-3ee0-475c-9d9c-ece58d039c1f,4.76,3.19,4.52,0.08
instance-60387da3-08d4-46d3-b016-3cf2da319de3,3.93,3.19,2.91,0.32
instance-62301bae-323e-4a5c-864d-a1dddd7a1fd2,4.18,3.19,3.97,0.06
instance-7dfc1a88-058d-4bcf-acd9-d5628d846bd3,18.82,3.19,17.6,0.38
instance-9128613d-5945-43f9-a133-03e0e58c8e30,5.27,3.19,4.34,0.29
instance-98108cd2-b148-4575-8141-a9ffa75e1658,2.64,3.19,2.33,0.1
instance-9a957870-1fdf-410b-80c7-178ee2888743,2.31,3.19,1.94,0.12
instance-9b34a055-d947-4154-bc6e-dd219da727bb,9.23,3.19,8.33,0.28
instance-ba655c5b-91d0-4164-b77c-a037ea04c94b,3.69,3.19,2.43,0.4
instance-c3758583-c8e8-4fb9-ae70-ac32d297e73c,11.75,3.19,7.61,1.3
instance-c6253080-f784-4e71-96e0-37770ef0e24f,64.29,3.19,28.5,11.22
instance-cd3b7828-5894-4368-ad8b-80cfafdcaa64,3.44,3.19,2.62,0.26
instance-d463a7c4-1ea2-42a4-a9f5-edac077e8821,10.68,3.19,9.54,0.36
instance-d901d4a6-e3f7-4879-a752-088968f93a01,1.78,3.19,1.55,0.07
instance-df2bd8bf-ed05-4943-a4ea-996521065c84,12.48,3.19,7.76,1.48
instance-e4e14873-37b6-4471-b299-2dd86084f1bf,17.45,3.19,16.08,0.43
instance-e8b8a4d0-b9bb-4fdf-8b00-7c084fef9544,4.74,3.19,2.89,0.58
instance-ea781cf8-ab95-4a4f-a837-4f7938959f59,2.76,3.19,2.19,0.18
instance-eb74c3ba-6e49-4551-a16a-6a26287038d7,17.27,3.19,7.58,3.04
instance-f0bd6b92-e8d0-48df-9920-5f2d32c0db4b,10.42,3.19,7.85,0.81
instance-f239ed55-ddd1-41ac-a748-1fbb5c2987d3,2.86,3.19,2.62,0.08
instance-f69ba619-ec6e-424c-b822-6163faa2d6b0,10.06,3.19,6.28,1.19
instance-13cd9615-2352-435f-ac1e-dacad0bd7ae9,3.08,3.18,1.54,0.48
instance-18448df4-0b0a-43ee-ba5f-5218de6f37e2,1.85,3.18,1.35,0.16
instance-19693a8f-2509-4fcd-a846-fee4cf2b2766,15.8,3.18,14.5,0.41
instance-1db62d4a-3bd4-43d1-b4c0-ea630b401794,1.61,3.18,1.38,0.07
instance-1fc11d4a-4973-4ccf-98e0-9c17a7fb2454,2.06,3.18,1.92,0.04
instance-23824ddf-16c8-4e66-bd85-bf32702e7f0c,16.88,3.18,15.32,0.49
instance-34721c2d-d7fb-4819-85a2-736c55f5ab1f,18.29,3.18,11.85,2.02
instance-363be324-523c-4227-a689-961c111ed24d,8.35,3.18,4.89,1.09
instance-3f1732b6-cfa3-41a4-950f-9667d89e17ba,19.41,3.18,15.98,1.08
instance-43c9d24b-ee85-4410-b35f-2d0557540a96,1.62,3.18,1.24,0.12
instance-46ab08c9-54ba-41c5-b07e-848140d3ff79,0.22,3.18,0.2,0.01
instance-471ac9f1-537a-4b9d-b754-52245aca2395,8.98,3.18,7.65,0.42
instance-49e872da-5d98-4972-a72d-be25d185db16,8.42,3.18,6.39,0.64
instance-5004457e-598c-4146-9d8d-eda8d3848d5d,7.56,3.18,5.77,0.56
instance-5d4e5f8a-a677-4990-b8da-1058d978fa32,40.83,3.18,6.16,10.91
instance-77d1842f-0f8a-4d84-8adb-3eb80aa6e29a,4.64,3.18,3.94,0.22
instance-78019866-51fb-4356-a0c0-fe23f0e45bf2,19.44,3.18,17.31,0.67
instance-8964624b-3c4d-43ab-ae1b-cba19e4ff3c0,5.43,3.18,3.41,0.63
instance-8ecc2c85-485a-414b-b7d1-c7dcbb5acfae,1.5,3.18,1.31,0.06
instance-941e8d91-febe-460b-942d-0a554d00265a,10.24,3.18,8.45,0.56
instance-9c46eb28-6d61-4236-a282-cc3aa69e081e,3.31,3.18,2.47,0.27
instance-a224311f-b8aa-4051-8e35-610bf2296087,16.81,3.18,15.55,0.4
instance-b946441d-5726-4301-aba5-b51bc51f4dae,3.88,3.18,3.02,0.27
instance-c97ec1d6-7a21-4f50-a9b2-90790e57d97e,4.96,3.18,1.95,0.95
instance-d916d5e6-8119-4239-8944-309d709d266e,16.28,3.18,15.57,0.22
instance-e07c8c7a-efc8-41a1-ba52-378d0a427118,6.07,3.18,5.31,0.24
instance-e87de3b7-63c2-4b26-98a2-c7f94247bd44,9.3,3.18,6.23,0.97
instance-ea7e7391-6f75-4686-a902-1d89a6eeee29,14.03,3.18,13.16,0.27
instance-f3bac5cd-b5fa-49f6-9034-5e4df3db6082,3.63,3.18,2.9,0.23
instance-f9b9092c-5993-4073-9ec9-684a03f3987f,37.62,3.18,23.51,4.43
instance-fa9c9da9-7abe-4b0b-a54a-5409df0b3d1c,3.06,3.18,2.29,0.24
instance-02eda335-fb02-4a50-8eb5-f94472e4cbd7,16.0,3.17,7.17,2.79
instance-09fb3c01-9725-457b-a3f1-ad850c4a496e,4.11,3.17,3.19,0.29
instance-0fab53f6-ec62-4cab-85f0-4e18035d566f,2.28,3.17,2.03,0.08
instance-170ff7db-3d52-4de9-afdd-fdce0328a8f7,5.46,3.17,2.48,0.94
instance-18f0633d-e587-4d49-803c-f2920a7df65e,1.35,3.17,1.11,0.07
instance-1e896325-e307-4eab-9d42-38c916e85a2a,8.5,3.17,7.98,0.16
instance-2820bd15-5a9e-4ddd-b0c9-2727e24a63a4,7.48,3.17,6.08,0.44
instance-2fa3f652-7976-48f3-9614-0b332f2e5289,1.35,3.17,0.94,0.13
instance-3320c728-acae-4b90-a7a6-eb835bfffcd7,13.85,3.17,10.1,1.18
instance-3586153d-8451-47e5-9005-869c9e4fd666,9.95,3.17,7.51,0.77
instance-3aa9bfbc-5adc-4d7a-99ac-ac8405ebd009,1.19,3.17,1.15,0.01
instance-40f78ef0-4404-48a1-8d8d-dbba5434ea77,1.9,3.17,1.52,0.12
instance-475c2926-fdf0-4eb0-ae6f-417ad62f4b02,24.25,3.17,10.5,4.34
instance-4942d9f9-e874-4fb4-a0ca-7db64fc21462,1.88,3.17,1.5,0.12
instance-4f1f9138-7f94-4115-9001-e8e15972218a,11.86,3.17,3.57,2.62
instance-571e0d34-20fa-4c48-9b14-bba299fe2eba,7.28,3.17,6.6,0.21
instance-61928ca2-4c34-4215-8065-ea5be75451f5,6.91,3.17,5.92,0.31
instance-75577de8-c354-49b7-8df5-b28ce311b432,10.0,3.17,4.92,1.6
instance-7a16e2ad-3a66-4238-bf6a-5a7a4dfae472,18.6,3.17,16.74,0.58
instance-8762c139-e35f-4ad3-bcc5-36095dcab4a3,1.41,3.17,1.19,0.07
instance-8895984e-861d-4ad5-84ad-45d980037960,5.62,3.17,4.22,0.44
instance-8e2a9836-2636-4a53-a050-cc0e28e6d1e3,3.39,3.17,2.51,0.28
instance-9e51ddd6-1ecd-4ffa-8456-ff5edf067780,5.3,3.17,4.76,0.17
instance-a4339636-2abc-48c5-a675-a27cb9493b82,3.61,3.17,2.88,0.23
instance-b8ff49d7-cbad-4819-8009-7ec1a03f776a,3.01,3.17,2.29,0.23
instance-bf5debf5-0074-4a03-a795-eb385ccd5add,4.0,3.17,2.55,0.46
instance-cb205181-84d7-4e68-a631-cc56374ef4df,19.6,3.17,13.59,1.89
instance-d889ec14-40ed-498c-a4b5-6055fa13f781,3.62,3.17,3.46,0.05
instance-e42644c5-6d25-4999-aa34-566c0be678c2,5.16,3.17,4.43,0.23
instance-e7835ac2-6eeb-4783-b713-c27fff0a1f88,0.31,3.17,0.28,0.01
instance-f6914b52-8a90-48ca-9b71-54ceafe9bebc,19.59,3.17,16.99,0.82
instance-0e30d496-9349-4937-a119-d96539d6fc20,15.15,3.16,14.35,0.25
instance-10e98026-c07c-40eb-940b-0df67c6658db,1.75,3.16,1.5,0.08
instance-28939e22-4900-410c-a993-613a700880a6,3.84,3.16,2.87,0.31
instance-37a0b374-cf5d-4b6f-b864-4c6fa281f1ee,5.26,3.16,2.61,0.84
instance-3dd15edf-cb95-488c-b03c-28c95c6cbd15,3.87,3.16,3.58,0.09
instance-47b007be-6528-485f-8fcf-5a7583827f0f,4.52,3.16,3.5,0.32
instance-48013a33-aa78-4bae-9620-3117cb81f7e5,12.74,3.16,4.07,2.75
instance-4b1557ab-67a3-4690-a6d7-64a8d16e0987,19.65,3.16,5.92,4.34
instance-4bc0ae0d-8371-4409-94f9-b2cb8fd63186,2.07,3.16,1.89,0.06
instance-4f0833a9-ca83-44d0-a6c6-2d2dd0661e42,1.94,3.16,1.66,0.09
instance-54eda2e1-fc9d-40ca-a279-d8cb1fc7e6f9,2.62,3.16,2.24,0.12
instance-5571fc45-be81-4dd8-b1ae-7f70e2907dc1,3.59,3.16,3.17,0.13
instance-61ef0cd6-7a95-4a63-8d1f-d1c431696df5,1.76,3.16,1.35,0.13
instance-6b2ce07e-029b-40bf-b88d-ce0e15b372ae,20.04,3.16,5.4,4.63
instance-6e143a72-dbaa-4953-87ca-fc8cb5a0e54c,4.01,3.16,3.0,0.32
instance-7568ac47-25df-4893-afeb-0398cf5180d2,4.71,3.16,4.22,0.16
instance-782eb0f6-b5d4-4ebc-823e-d32529f8f095,11.09,3.16,9.03,0.65
instance-7d6a462d-8871-456b-b022-aee36e897d4f,3.89,3.16,2.98,0.29
instance-84b94645-8eb3-47c3-9a09-bf79b90d3bf6,16.22,3.16,13.08,0.99
instance-950835ba-26a6-4d78-9850-7ccab16b8569,3.9,3.16,2.61,0.41
instance-9a7112cc-f8ff-431c-a5f0-d4c824ec29e3,4.13,3.16,3.22,0.29
instance-9be7bf25-05bd-4af9-9929-f0d4ef8a6d2d,2.02,3.16,1.57,0.14
instance-b674b7c9-d474-4561-b4cb-db0cfb9fb4f7,3.28,3.16,2.48,0.25
instance-b9e7dcdc-a6b1-48b3-b308-12d44df45911,13.04,3.16,11.96,0.34
instance-c7f12242-a2ee-4be3-9757-443f8f918602,2.46,3.16,2.24,0.07
instance-cafff184-5973-4852-9474-1516b3ecff77,10.77,3.16,8.83,0.61
instance-d11ca19a-9440-4a70-842a-3bd395e406cc,12.97,3.16,12.08,0.28
instance-d1f86acc-a934-427c-9448-2651589c3593,4.23,3.16,3.79,0.14
instance-db1a7548-c9ea-4ba9-8a7e-1a50013a726f,2.93,3.16,2.56,0.12
instance-dba63673-9fef-4707-861b-0e6a6b826143,1.05,3.16,0.94,0.03
instance-f199e8a3-2f6f-41ae-9a0d-caaa5a83c07a,18.04,3.16,15.36,0.85
instance-f46a6dd4-25cb-4da6-933f-5bdc06c83e0e,17.61,3.16,16.44,0.37
instance-043ac142-90ba-485d-b434-22f77fa267b2,1.6,3.15,1.24,0.11
instance-11ac9dd0-19c0-49f3-a596-d570bc67d8b7,3.41,3.15,2.55,0.27
instance-1389fb50-9c46-415e-a2e2-eab304c938fe,7.51,3.15,3.93,1.14
instance-176f9079-70de-4d57-85cf-0bea2035624a,17.4,3.15,16.19,0.39
instance-219565d1-05c6-4964-89ba-1236d366abb0,2.8,3.15,2.07,0.23
instance-2b4bd743-1c76-4a3d-b72c-4919a14d5ce4,9.07,3.15,8.32,0.24
instance-30dca688-b9d6-4dbc-bdb3-63af76cb629b,17.83,3.15,16.4,0.45
instance-376853bd-4b07-4a0d-a615-36fb130f2fd4,16.42,3.15,14.51,0.61
instance-41ad7237-2382-4965-8ba2-75df8931ee9f,19.86,3.15,11.96,2.51
instance-5080c4b2-1c25-4ed5-94e7-7bb2253cc496,21.74,3.15,17.43,1.37
instance-50a6922a-fe63-46de-b9d8-8045985f6d1e,18.24,3.15,11.86,2.02
instance-65631a95-ecc8-4b33-895c-77030bedd79c,3.51,3.15,2.97,0.17
instance-720615e2-6e43-4a7d-b84e-b1bd11672ce1,5.35,3.15,4.33,0.33
instance-725de8d9-0b07-40d9-975d-9becaf5b4095,3.51,3.15,2.89,0.2
instance-76b68a4a-6aed-4ee9-96ee-b8417c5ffd72,5.08,3.15,1.88,1.02
instance-7bccb66e-c9ba-4d8d-ac1e-857ee3753af5,3.84,3.15,3.0,0.27
instance-7da3e654-8aff-4e03-b479-fa27b0fc0e6b,2.81,3.15,2.58,0.07
instance-8a4fa7b4-f8b8-462a-b80e-1aa4fb38c1b1,1.72,3.15,1.35,0.12
instance-9ed5d9e9-d674-4f3c-9ca6-0a3fd9530a9e,8.05,3.15,5.8,0.71
instance-a3e10533-baa9-42c2-9e0c-7bbb6cf4f6c9,51.04,3.15,19.78,9.91
instance-a3e38039-8fbd-4e3c-9124-b4a86a82a2e3,3.8,3.15,3.0,0.25
instance-abd3b923-b42a-4929-bb28-02da54354d1e,15.16,3.15,7.96,2.29
instance-b0a8ad63-555c-4d3b-a018-79ccddab13a4,11.43,3.15,10.4,0.33
instance-b851d459-08d1-46a9-99ed-c8bc561dad9e,0.93,3.15,0.66,0.08
instance-ba7c347a-1250-4203-9f39-ab13b680e6c7,2.89,3.15,2.32,0.18
instance-be52fb0f-22fc-4883-9451-744cdf62b53b,18.81,3.15,15.37,1.09
instance-c483dd6e-dfb4-4013-9184-3f515cf8f79d,0.65,3.15,0.6,0.02
instance-cdd54b76-8b46-4fc5-bf9b-ceba3e643e16,19.45,3.15,18.8,0.21
instance-e11a681b-6a7a-48c2-a7de-e85c806ec607,44.95,3.15,39.91,1.6
instance-eaa1ae5a-2634-457a-8982-152848fd8b91,4.87,3.15,4.11,0.24
instance-0242e1c4-0622-4c6d-8a30-90fe41fa4b2e,3.05,3.14,2.33,0.23
instance-0531d0c1-1e04-43d1-b767-b2a88e7fb409,17.03,3.14,16.14,0.28
instance-0e524395-c6d6-45e4-aaf5-22976e8354e2,2.17,3.14,1.61,0.18
instance-10f856e8-9990-4ba2-a4f7-1bde758dfdbc,16.82,3.14,15.76,0.34
instance-18488656-2c22-4181-a3ef-ea3aae015e31,34.6,3.14,23.41,3.56
instance-2ae16bc8-df94-44dc-8175-1547aaec31c5,11.8,3.14,8.77,0.96
instance-310de018-dff4-4c35-b909-fff7892308d7,4.39,3.14,3.91,0.15
instance-513c7ebf-5c88-43a4-b407-ad89fa6ac93a,11.45,3.14,9.42,0.65
instance-56c76a57-5bcc-44b8-a46e-c0e23dc1ddf4,4.12,3.14,3.83,0.09
instance-59834771-c07e-4f6c-aa31-e64b77003d46,1.29,3.14,1.09,0.06
instance-6654f9b9-cd3e-4143-8f02-51ba1653f71a,19.29,3.14,13.28,1.91
instance-6de78e8f-2851-4019-87ab-caf8c7a379c8,1.68,3.14,1.33,0.11
instance-71ed8e5e-95b6-4c37-b07d-3c26de630a32,12.44,3.14,11.64,0.26
instance-72b8f30d-870f-4519-9bc8-4c5d730a81a4,16.09,3.14,8.43,2.44
instance-743aef63-6756-4cd6-9560-798cf1b67458,8.36,3.14,6.38,0.63
instance-748835a8-aa94-4c53-98ce-1e1eabca4343,17.1,3.14,16.13,0.31
instance-8cf9cb85-2368-47c5-aea8-f5e5a847b603,3.66,3.14,3.48,0.06
instance-913e7038-91dd-4bfb-b540-ac143758464f,3.28,3.14,2.46,0.26
instance-918b0209-36e6-42a7-9657-b24f2eec2d95,4.34,3.14,4.13,0.07
instance-c97f059f-d5a8-453f-9f9b-71c2f4f9a42f,2.88,3.14,2.61,0.08
instance-cf202248-0c94-40a6-a50b-e83ba32dd4ff,9.57,3.14,6.93,0.84
instance-d02e732b-66ff-4723-9d88-9c8a791bde4d,2.7,3.14,2.34,0.12
instance-d3640fbb-cc1e-4f97-982f-22411d45f6ce,15.69,3.14,14.7,0.32
instance-e97a2681-02ce-4852-8b3f-2ae28fe36693,9.03,3.14,7.45,0.5
instance-f096a872-35bc-4c21-84f5-4d91f6d718ec,3.19,3.14,2.93,0.08
instance-f2573ddc-3e35-4e6c-a341-272c6c3aead0,5.75,3.14,3.81,0.62
instance-f5294db4-17fa-434b-9ae2-7f9ad30d74e5,5.73,3.14,4.27,0.46
instance-ff4bfec8-a7e8-472d-bca6-b3602ae6b33c,3.37,3.14,2.84,0.17
instance-0cf2ae4e-1996-4268-a548-ef322e53321e,17.8,3.13,16.66,0.36
instance-2094eb4f-eb03-4f12-9204-6d82beaae69b,2.19,3.13,2.02,0.05
instance-332efc98-dffe-409d-b2d6-5ca02eb454f9,10.53,3.13,7.56,0.95
instance-38305707-864e-4c01-a8ef-5d3c6b9eefa2,14.61,3.13,13.34,0.41
instance-617239a2-5794-4517-a31a-86d2a9101a13,3.6,3.13,3.32,0.09
instance-685bee53-8685-4dd7-aee3-bd58aaad1fcc,14.8,3.13,13.0,0.57
instance-6a1e1013-4209-416d-864b-76b90ecd2fad,19.65,3.13,10.42,2.95
instance-75c6f283-9cd0-4c37-82f5-b9de0a3f02d0,6.28,3.13,4.26,0.65
instance-7b760d33-d07f-45fe-a0e5-271c1aa943d4,4.87,3.13,3.06,0.58
instance-83226c9a-5af4-496c-9a1f-ddbab64fb749,1.06,3.13,0.91,0.05
instance-89c591fc-90dd-437f-a265-e5acf5c2abb8,5.02,3.13,4.39,0.2
instance-8e00183a-8475-4a10-bb19-5337af4acbcc,1.88,3.13,1.55,0.1
instance-9323f9c6-2fc0-49d4-b8c2-7dc7c9dea76f,10.23,3.13,8.06,0.69
instance-95e4fe38-29d2-4744-a60a-d59fa9d6ce6d,4.66,3.13,4.04,0.2
instance-a1c43ea9-3565-488c-af97-4a5e553943d4,3.17,3.13,2.41,0.24
instance-a6ee26f7-f101-4ba4-a5bd-f836cf38033f,16.34,3.13,6.86,3.03
instance-a811d63f-6677-42da-b409-c3c94a3e84f2,1.64,3.13,1.52,0.04
instance-ae429c3a-9665-4119-87a9-151c3b181894,3.84,3.13,2.97,0.28
instance-bb16e3dc-ecf6-470a-894f-9d0f21e60076,0.54,3.13,0.46,0.03
instance-bdf347b6-39c8-422d-a28a-2df9d44b7005,16.08,3.13,11.51,1.46
instance-bf91fc0d-7afe-45f7-a281-90bb8bda3d98,2.13,3.13,1.85,0.09
instance-c777c19b-5157-4546-abbc-58f58c5605cd,4.04,3.13,2.88,0.37
instance-cd41887a-f370-4dcf-8316-91cdbb63278a,2.97,3.13,1.6,0.44
instance-cdfc24cf-8401-4cb2-be48-5e8d70d171bc,17.88,3.13,16.55,0.42
instance-cf27b498-a783-49ee-b384-524e6bb015fb,4.51,3.13,3.82,0.22
instance-d26a5fc8-7828-4813-b2ea-2d92e64aff35,17.34,3.13,16.17,0.37
instance-e17647c0-0a3c-417e-8653-c79c26987069,9.04,3.13,7.8,0.4
instance-e6c50f1a-3685-40bc-8a42-11150a683660,12.04,3.13,9.64,0.77
instance-e80cd859-b58d-45de-8ede-6dd76e5ca56a,19.28,3.13,17.2,0.66
instance-ec16c253-088b-4809-a62f-920ebaabe7d0,4.05,3.13,3.63,0.14
instance-f852a5de-2c94-44c5-844b-9b4a9f884188,10.06,3.13,9.56,0.16
instance-fd32a89a-b1d6-4031-ae12-f73909501845,4.59,3.13,3.51,0.34
instance-093bea1c-fbe1-4690-af89-2c8598aa85e0,3.73,3.12,3.51,0.07
instance-1ca48798-3bb6-432a-beca-caeb09fac23a,17.19,3.12,12.43,1.53
instance-2936b02a-36d3-4754-8347-ca7d4e0da979,1.42,3.12,1.09,0.1
instance-2c137747-4f34-4551-a370-9a7d14a5e579,0.12,3.12,0.07,0.02
instance-36958e3f-21f4-4cd6-aae6-9c0122c8776d,4.91,3.12,3.5,0.45
instance-47139fc1-520e-4ad1-bd28-5041439d3d33,18.34,3.12,16.1,0.72
instance-6345f918-a598-448e-b5c9-2a9ad8f9dc1c,43.07,3.12,38.81,1.37
instance-6624120c-e96f-4f31-a04e-ce150a08daa3,2.53,3.12,2.26,0.09
instance-6e7d186b-faaa-4c43-b56c-7bb5e4383911,7.3,3.12,5.33,0.63
instance-796854a1-c089-4fd8-9510-5fa6f04bae0e,5.14,3.12,1.97,1.02
instance-80611ef8-9e84-434a-af30-d583e1f91a07,16.41,3.12,15.42,0.32
instance-81c34339-3468-47d9-90d1-ba88332d1c7b,3.39,3.12,2.49,0.29
instance-9d965c3f-0a6a-4836-aff3-a698afb062b4,2.39,3.12,2.16,0.08
instance-9ffd2eb1-671b-4ece-a5e0-aca08d12a21b,2.94,3.12,2.3,0.2
instance-a398ef17-4cc9-4ee6-836e-3b569b9b8e31,2.56,3.12,2.26,0.1
instance-b8fec78e-3646-49f0-afbe-6b7aa1b2abb5,8.55,3.12,8.21,0.11
instance-c4c3ebb8-bb46-4d3d-8dbf-3745eb84a923,1.45,3.12,1.26,0.06
instance-c5ce8e3e-a63d-4351-858c-80bf205d3177,16.94,3.12,16.12,0.26
instance-c6831b04-f8a1-4bcf-b8ae-fdc05fcf7edc,4.51,3.12,2.56,0.63
instance-ca86c89f-9675-4951-98a1-84061b7dc64c,14.02,3.12,12.86,0.37
instance-ccf3000a-0cda-49fd-8465-e1a9869ed512,1.6,3.12,1.31,0.09
instance-cf6af09f-1729-496d-9c80-da841cb6eedb,19.08,3.12,17.68,0.45
instance-da423b1d-9aa2-4864-8bbb-41022fb2266b,8.5,3.12,6.5,0.64
instance-df5dadee-02cc-40a1-aeb2-fc7f9a23fbd9,0.85,3.12,0.75,0.03
instance-e0c1d987-cbdf-4af7-a3c3-063bdac7dfa0,10.91,3.12,9.23,0.54
instance-e6c03dcb-61d9-4b64-b07c-b8b7c4bf1e83,17.0,3.12,16.36,0.2
instance-f39f98a3-03a0-4dad-b637-0ea8da3b6b10,27.34,3.12,13.25,4.52
instance-fc722a45-893a-4d77-879c-631864cba0e3,21.07,3.12,13.19,2.53
instance-040456c4-8a34-4584-b902-91b2b7c66b03,6.77,3.11,5.76,0.33
instance-1700df9c-39b6-4ae0-9aea-127cc74a1236,17.75,3.11,16.48,0.41
instance-18a567b5-473c-42b7-93df-009f903232c8,4.37,3.11,3.99,0.12
instance-1cdb0411-5e21-47a1-bffa-686b568fd203,99.69,3.11,14.92,27.23
instance-28630cc9-d032-46ab-8ba9-aec5da801ce6,8.56,3.11,7.88,0.22
instance-3dce1379-e4bf-49e9-8244-504f7d8e516a,5.88,3.11,2.11,1.21
instance-41589ff2-b083-4d91-9819-97f5dd1551be,16.44,3.11,15.43,0.32
instance-44cdd67e-6401-41d1-a735-cfeccfe32511,3.69,3.11,2.8,0.28
instance-457be59d-67fa-49be-b2c5-9904adbb82bf,8.39,3.11,5.23,1.02
instance-611c908b-c8ef-42c6-b994-2343e96165c1,2.66,3.11,2.3,0.12
instance-6b551dae-b095-40b2-a90c-67843dac3777,1.69,3.11,1.38,0.1
instance-6cb85866-44d8-4d33-9710-ed5e69b42010,3.41,3.11,2.55,0.28
instance-74c1b2b5-196b-4aa1-b8d2-c53557d8da26,0.6,3.11,0.47,0.04
instance-7c6d69fb-2036-4a23-9925-03e0305c2030,0.17,3.11,0.15,0.01
instance-82843c29-e023-439b-85ba-88774bdd7ac4,2.1,3.11,1.73,0.12
instance-83e37cc2-40ba-4c81-a0b6-4d088e675fbe,1.6,3.11,1.27,0.11
instance-8ee23dc2-06bb-4249-8f13-4f20ceda5d20,15.93,3.11,8.28,2.46
instance-93b1855c-40e6-470c-aaa0-b31f36a8996c,19.94,3.11,12.5,2.39
instance-98811c0a-9edc-4130-ba35-800d8b1809ef,2.0,3.11,1.78,0.07
instance-a128ac23-eeea-41b9-940a-91ae026ca1c5,18.93,3.11,13.86,1.63
instance-aabb1f28-1b60-4b72-aa13-01e2c6d0e73a,1.46,3.11,1.17,0.09
instance-afde6169-49e6-44c5-a7c8-2c628923645e,0.23,3.11,0.21,0.01
instance-be212ec9-7976-4988-80b0-e3291f34074c,4.65,3.11,3.54,0.36
instance-da101391-17e3-40e6-b87d-b756267539e5,17.61,3.11,15.9,0.55
instance-daf9180b-e752-47ae-b0aa-f7bc65dccd50,4.35,3.11,3.22,0.36
instance-e2eb9701-de94-474a-a972-4466a3d9085a,1.51,3.11,1.3,0.07
instance-eaf089ee-071d-4425-93f3-2ba6f6718fde,2.64,3.11,1.84,0.26
instance-ee6b88b5-fdce-40d0-bf00-ca4f6a02039f,3.27,3.11,2.61,0.21
instance-f13df251-e791-4731-a868-ab916b2303f2,3.17,3.11,2.21,0.31
instance-f249891d-7fc1-4090-b483-68f47527c6b1,6.72,3.11,5.29,0.46
instance-0ba21018-d329-423f-9d9e-87fad9838579,3.51,3.1,2.36,0.37
instance-0e934d43-1a2e-4ac3-b9eb-e465422a11fc,7.27,3.1,1.63,1.82
instance-129b7a47-88df-4cea-b6cd-6bf28b065360,29.62,3.1,20.71,2.88
instance-1b74f573-738f-42cf-a2ce-6a755748c3b8,2.13,3.1,1.82,0.1
instance-211f4080-5cf3-403a-9f0e-02974478a60b,2.58,3.1,2.18,0.13
instance-220c9ded-3f41-4821-99c5-c33091b92a70,10.95,3.1,9.17,0.57
instance-25821152-1fdc-43e2-a70e-a85d9a67c130,4.26,3.1,2.72,0.5
instance-2defd295-dbd2-4afd-a168-b4986f4c58b4,6.51,3.1,4.93,0.51
instance-3c3e629e-acf3-4050-bbf6-679097a2d560,7.92,3.1,3.49,1.43
instance-45f9fb7f-8a94-4ca3-89d4-868ee76bfa47,15.79,3.1,15.02,0.25
instance-49f478e3-0249-4b29-94ff-210758197fe0,0.67,3.1,0.6,0.02
instance-5813901b-e060-4d4c-a9f1-52d2de700147,17.6,3.1,15.8,0.58
instance-58cb4711-da1c-4cc0-8c5e-68231e90a77a,1.2,3.1,1.03,0.06
instance-5e0f906a-b425-477c-878e-f22db4e089b8,11.52,3.1,8.71,0.91
instance-6cfc13fa-a16f-465a-bbe9-bd0c16de5c84,1.74,3.1,1.41,0.11
instance-6d81426d-08ea-4b4b-844c-535eaf9b905b,2.17,3.1,1.64,0.17
instance-7d220875-5baa-4eab-ae9c-67f9551fb9ee,3.98,3.1,2.88,0.35
instance-8570bd28-2cd8-49ae-8965-41cbd009dbe1,0.85,3.1,0.72,0.04
instance-a9d1187d-1f9d-4200-86a5-9c1b95cc8343,3.8,3.1,3.49,0.1
instance-c585594f-f6d2-4bf4-b046-109150fe9833,11.92,3.1,7.55,1.41
instance-c5d824c2-786f-4473-8d0c-c200481ab0d6,7.54,3.1,6.43,0.36
instance-cb7db988-70ba-40ca-9f02-1a0d9584e140,2.58,3.1,1.92,0.21
instance-cb944140-ed70-42bb-b2cb-4aedb4d40f24,4.35,3.1,2.99,0.44
instance-daa8a0cc-2a03-4f4f-839f-c18374faf2c8,4.2,3.1,2.65,0.5
instance-de2d65de-80ee-447a-8464-5571a007a118,2.6,3.1,2.27,0.11
instance-dedf2cf7-91d1-483c-b2e7-afd55ac87062,2.12,3.1,1.57,0.18
instance-00e5e887-6e22-4074-bc26-eca9bf1f7800,1.62,3.09,1.38,0.08
instance-0b11f0d4-3894-47fd-9bb2-6158f00fd851,27.95,3.09,19.62,2.69
instance-169cb08a-ba1e-4e13-a604-c9172be461e5,2.2,3.09,2.05,0.05
instance-21134ead-3720-4f78-b576-b67fe4439a44,19.36,3.09,9.31,3.25
instance-24413615-821e-4890-bce6-a24959a4b21a,9.82,3.09,9.24,0.19
instance-2c441ca3-af1f-40da-9094-9c9ee6e7c340,2.95,3.09,2.58,0.12
instance-2f9fc183-6483-422e-8075-deec3fceca09,25.14,3.09,23.98,0.38
instance-355220dc-b39f-4332-b4bd-71758ad26c95,9.42,3.09,3.78,1.82
instance-36023776-21ce-467b-91d9-50b724ec66aa,16.12,3.09,7.56,2.77
instance-3682983d-9c98-4e8d-928c-3492fdd68e89,18.57,3.09,11.96,2.14
instance-6236edb7-5346-4c0f-a924-8f353c9c0972,8.33,3.09,6.26,0.67
instance-67813244-7178-4f48-a95a-d91c4bb3da8f,1.64,3.09,1.35,0.09
instance-7012e7d4-ca67-4e6b-98c2-3f10bc7b87b8,16.37,3.09,15.61,0.25
instance-7b2fe7d9-ca0a-4443-a68a-a4eab57f5e08,2.63,3.09,2.26,0.12
instance-86e8f47b-a5c2-433d-81c3-235b4aa220a3,11.39,3.09,10.88,0.17
instance-872b4fd9-8ba4-4c15-8e00-76c85a6ba00a,1.73,3.09,1.21,0.17
instance-8afd3d8b-1106-4d31-897f-c77306346adb,1.58,3.09,1.25,0.11
instance-949fd5f5-562e-4c33-8703-56ac6809a3ec,8.46,3.09,3.31,1.67
instance-95813582-390d-49e6-930a-e968405b1c31,1.12,3.09,0.73,0.13
instance-97ccb75b-158d-4f3c-add5-97787167aae2,3.36,3.09,2.53,0.27
instance-a17fed6e-1586-4586-896e-7544ae46f6b9,3.31,3.09,2.56,0.24
instance-aa8da0af-4bea-43fe-9030-a3838b9c42c4,1.11,3.09,1.04,0.02
instance-ac155264-5e51-4ee3-8569-d3f61c6bda42,3.33,3.09,2.41,0.3
instance-adea1c2c-e373-4578-8414-8d3b9b5cc05c,13.59,3.09,12.72,0.28
instance-af66b6fe-9a70-46c8-acfd-6bafe108d422,2.63,3.09,1.8,0.27
instance-bd192e1b-7fea-4490-b570-c4c1934ce801,4.46,3.09,3.25,0.39
instance-c2abd944-3f49-453e-a25d-130d4f570ba6,3.1,3.09,1.96,0.37
instance-c808ddf3-be6e-4f2f-a5e7-daddf1d6eb39,11.05,3.09,9.25,0.58
instance-ccabe518-2ea4-47dd-9229-066681ec8b9e,3.59,3.09,2.52,0.35
instance-d33fa11a-52cd-4da0-9e2f-817d1199ae08,6.95,3.09,5.22,0.56
instance-d69eddcc-b033-424d-835d-3efb4e90dd09,0.58,3.09,0.46,0.04
instance-deec58a7-d0a9-45a1-9496-1057034da5cf,1.91,3.09,1.4,0.17
instance-e4e6c3d3-ea07-44e4-8c7b-44d0ad850893,5.66,3.09,4.74,0.3
instance-eb9dd449-85cc-4e6f-863d-b7dff0a9557c,19.21,3.09,12.53,2.16
instance-ed555a98-cbe8-427d-9db2-fcf1bbefd314,2.61,3.09,2.42,0.06
instance-fb4d7cf5-b100-4c05-9bf6-82c828da8a23,17.68,3.09,5.05,4.08
instance-00ef6c88-c007-4291-b81b-1c9db712d70f,9.96,3.08,7.54,0.78
instance-01ad5257-8359-479b-af09-e3e005ec9975,4.29,3.08,3.29,0.32
instance-0c999f33-bed1-4c82-b1fa-0f24d2761394,10.45,3.08,9.1,0.44
instance-1152caef-aa61-437a-8c9b-6321cdf09bbe,10.0,3.08,7.7,0.75
instance-21b65af1-fe64-4704-aa6b-5eed3c61d86f,10.64,3.08,8.85,0.58
instance-28a11c97-8fa2-47b9-b609-cd3104b7965e,20.48,3.08,10.3,3.3
instance-28c339a2-c545-4ccd-b57b-3c8bdcb66bdc,17.41,3.08,16.24,0.38
instance-332d39c6-d26b-43e6-ae9b-50d517061392,3.61,3.08,2.51,0.36
instance-34c2b485-3be4-41dc-864d-e147056060aa,2.95,3.08,2.5,0.15
instance-377e16ef-5f21-4b91-bcd0-8c51dcbefaf3,3.73,3.08,3.11,0.2
instance-3a4331f9-f3b2-429c-8cd6-0938820e911c,17.11,3.08,15.91,0.39
instance-41891995-f9d0-43d6-a15f-5ed7af3fa942,16.81,3.08,15.82,0.32
instance-51e7de76-d1bf-444c-a2da-58c22d97f3c6,4.32,3.08,2.47,0.6
instance-598f0cdd-77b4-493d-93a0-de1c6ec40a1b,15.38,3.08,6.62,2.84
instance-6b546d23-9099-4a1d-a86c-422948ea3084,2.88,3.08,2.38,0.16
instance-6bbc106e-f538-4e3f-8c3a-71725c533efc,21.25,3.08,12.8,2.74
instance-6cf45488-9f53-4f4a-95d2-fdc0d9abe6f3,3.61,3.08,2.83,0.25
instance-715890dd-b88e-48d8-889d-bf7f3b1d0ef4,1.39,3.08,1.2,0.06
instance-7264a353-8b71-431b-89b6-bd503ee71da1,17.28,3.08,15.74,0.5
instance-782cee11-0cb6-4ee9-8a2d-ccb135c1fca8,10.47,3.08,7.83,0.86
instance-7c0d20d9-98d0-4558-87de-fbfcbf35a7ee,1.09,3.08,0.48,0.2
instance-86931600-34e8-48c6-8efd-1ba97d1cbd61,8.79,3.08,7.28,0.49
instance-9abcb0cd-814b-4ff4-8c33-4830a597c6a3,10.92,3.08,3.22,2.5
instance-9abf802a-9e17-4c84-8bfd-44876651ff81,1.22,3.08,1.05,0.05
instance-ae627eaa-a91d-48f7-99a9-f98ce50b6ba4,0.42,3.08,0.39,0.01
instance-b226d179-9a24-4d0b-88f5-9fc4856d1180,3.56,3.08,2.66,0.29
instance-b4aab56e-ff8c-4b9c-aad4-d7e7243055c7,2.6,3.08,2.44,0.05
instance-b4f6102b-76ce-4634-ac3c-eb455d1b8722,1.36,3.08,1.17,0.06
instance-b6d3e507-e799-4ccd-a120-1e9a9bf52ebe,4.09,3.08,3.11,0.32
instance-b8a5e309-2d37-4be3-9f03-35d057484afc,20.92,3.08,19.78,0.37
instance-bc64a777-9546-43cd-ac51-113eeeee66c9,5.62,3.08,5.4,0.07
instance-c6c997c3-1849-48b3-a9c5-249695e6b0c7,25.26,3.08,11.22,4.55
instance-c73e0a74-accb-474c-87a9-e2c75837f607,10.76,3.08,9.47,0.42
instance-d4a1d666-21f6-45f1-80a1-cbd91bbd285b,3.22,3.08,2.5,0.23
instance-d8c31087-683e-4f0c-a500-60c338a14ede,10.35,3.08,7.15,1.04
instance-dadd9476-e396-4cef-a63f-20388be12acc,3.95,3.08,2.94,0.33
instance-dd4cdeac-6f6f-4c36-8a3e-d67412553f9c,3.17,3.08,1.81,0.44
instance-e01df6bd-7e94-42be-8e2e-a89cea90b997,13.42,3.08,12.09,0.43
instance-e389fb29-591f-4457-8150-1eb48d8f44df,1.74,3.08,1.29,0.15
instance-e3fdb807-2f97-4969-b03f-2700bd7e3f9e,4.03,3.08,2.54,0.48
instance-e5802c2c-0fd2-4e2b-bf36-475f77a38f6c,0.92,3.08,0.53,0.13
instance-f2634b27-f9d7-4402-b636-6df27d4bf8ba,9.12,3.08,8.41,0.23
instance-07cf997b-8fa7-4e1a-ab1e-8fec8a7bd8c0,16.37,3.07,8.95,2.42
instance-0986557f-c2b6-4bdb-8290-a2316556e106,13.63,3.07,12.55,0.35
instance-0a8e4db7-d052-4762-b946-b31dfc73d5e3,4.24,3.07,3.96,0.09
instance-102c2b33-e57c-4fa1-b1e0-5807f3aa496f,2.86,3.07,1.67,0.39
instance-325de5d9-d339-4716-964b-662ddfac3be3,15.18,3.07,14.2,0.32
instance-396116b7-985a-4452-b8f0-b7c213ca7f16,3.41,3.07,2.5,0.3
instance-3aa4225e-91e2-418f-b790-77b04a39cb44,3.73,3.07,2.9,0.27
instance-4139eb6e-02a4-43c3-906f-2fcdfad9cb66,16.39,3.07,15.09,0.42
instance-46755683-5799-409c-829b-6b1eb348de73,2.68,3.07,2.01,0.22
instance-4a49393c-fbe5-4103-bc8e-dcd28dcac089,1.0,3.07,0.72,0.09
instance-4ab79a36-28f8-4189-a897-c089af461cd2,15.13,3.07,9.81,1.73
instance-53434b45-a162-4031-ad9c-2613ce91b6b0,5.82,3.07,4.63,0.39
instance-575d0e04-5944-47fa-b663-ac17c04dce11,5.13,3.07,4.35,0.25
instance-5988f863-c4dd-4443-a68f-d7f756707c26,3.39,3.07,3.17,0.07
instance-5fa7ce5c-ba35-4bd8-8e30-47e4bf7f474c,3.43,3.07,2.53,0.29
instance-66fba7a8-e6e9-470d-9296-45f1e709b93e,5.53,3.07,3.54,0.65
instance-760b605f-dcca-4fd1-b5dc-127da5324ab9,3.89,3.07,2.91,0.32
instance-82e82ed6-4cd5-4865-a306-343526bb1aba,4.16,3.07,3.13,0.34
instance-84e34ec7-28e3-46cd-9b6a-66b6ec2ea587,2.27,3.07,2.01,0.08
instance-945f88cb-5cc7-444c-bb89-564a58b3df3e,1.45,3.07,1.17,0.09
instance-963acc60-2c43-4d62-a1a8-947085ab4f13,6.49,3.07,2.93,1.16
instance-96cb77df-4b6c-475a-8912-5c0691834269,9.95,3.07,7.58,0.77
instance-a1883a40-0256-4e2d-b06c-060fad0f636a,8.31,3.07,3.01,1.73
instance-b28e9b70-0a0a-48b4-be53-b13edf8315ed,17.73,3.07,16.31,0.46
instance-b481e454-636a-42a6-9064-16d3a6d9fb5e,2.68,3.07,2.53,0.05
instance-b502521e-5c7a-4fd6-a356-6b15cc29d6af,0.46,3.07,0.41,0.02
instance-b9b2bed2-91bc-4f39-a0d3-184900c544cd,9.25,3.07,8.83,0.14
instance-bb1a6a9c-00c8-4112-8792-af3630a87b58,10.36,3.07,8.72,0.54
instance-c8621724-0668-45f4-8f77-8a18cae99225,2.66,3.07,1.8,0.28
instance-c88f40a8-d4ac-4a58-a48e-2540a32b108d,4.64,3.07,2.86,0.58
instance-cbf40b4c-d9f4-445d-89d9-aae7d5b32923,15.18,3.07,5.44,3.17
instance-cff3a633-4501-4458-940b-f89cbd91366c,42.51,3.07,8.28,11.16
instance-de609c2a-fae1-4cc0-baf5-72d1409040d1,3.73,3.07,3.53,0.07
instance-e558d6ad-ba0d-4b62-b3f6-10fe63d96c3e,2.04,3.07,1.84,0.07
instance-e62cd099-a3ab-4747-907b-dcb06a6a3adb,14.75,3.07,13.43,0.43
instance-eb7d54a6-46bc-4416-b010-5dc1880746db,0.42,3.07,0.37,0.02
instance-f02babdd-440b-4ba8-abb0-3b7f8fa7d5e5,17.65,3.07,15.98,0.55
instance-f041685c-c233-4ad1-8b84-76346f99467c,1.89,3.07,1.43,0.15
instance-f512c831-fd03-494a-bb71-7989bd14eee0,8.32,3.07,7.46,0.28
instance-f5ac4af2-4f7b-4fe9-8866-7a73c9ccaee9,4.55,3.07,3.32,0.4
instance-f77d5e86-fdc8-4705-b690-0790ee771eec,3.68,3.07,2.46,0.4
instance-fb6502b5-e2e1-44de-9bf0-783de594cb70,5.37,3.07,4.95,0.14
instance-0a2958ce-53b8-4062-935e-aa767dabd24a,13.46,3.06,6.18,2.38
instance-125b8186-c790-40f7-a67e-e9c0999ddb1a,15.18,3.06,6.29,2.91
instance-1381b5b0-c3d7-4e54-bf2b-f43781b6eddf,3.14,3.06,2.91,0.07
instance-1b0a84b9-1269-4caa-bf31-275c90811c8f,22.48,3.06,15.11,2.41
instance-2c04925d-68c3-487b-9921-0881120ccfdf,3.25,3.06,2.64,0.2
instance-3438570b-78a8-474c-aa52-60e287e97ad2,12.57,3.06,5.13,2.43
instance-3c384835-48f5-48f6-8d09-9de1358e61c8,11.32,3.06,8.6,0.89
instance-41d97d1a-308a-4704-942c-34bf0673a8fd,1.16,3.06,0.81,0.11
instance-44b8f24e-a7d2-4339-a516-b5d725d1bcab,2.27,3.06,2.07,0.07
instance-5f18fdff-b5ce-4ec3-bf03-fe09fb5f5f85,10.45,3.06,8.54,0.62
instance-608111d9-ab4e-4f55-8ec8-539d5f1650a4,10.2,3.06,7.85,0.77
instance-65ddc4a2-eacf-46f6-9132-f57f00a8292c,4.25,3.06,3.06,0.39
instance-66ac294b-d893-4e99-ae08-b22aaa1af7cf,0.22,3.06,0.19,0.01
instance-74121e70-1bbc-483c-921d-1068b9da5d98,3.72,3.06,2.34,0.45
instance-77188904-d4c2-41d6-836d-56df1d2d97df,2.43,3.06,1.61,0.27
instance-8d000293-9aa8-46e9-86ad-696994778fb6,14.28,3.06,7.87,2.1
instance-931f29f4-5b9e-45d8-bfd8-fe86114801da,8.07,3.06,6.14,0.63
instance-94a4c900-e04f-4f2d-8fd6-6b62805e92ea,12.29,3.06,11.42,0.29
instance-95abffac-1099-4f66-a475-0e7878d44d81,3.07,3.06,2.3,0.25
instance-9f577981-38f9-470e-8ba3-844a416ad91d,4.3,3.06,3.32,0.32
instance-a1564c89-67fe-41d2-ac51-557b89b9765e,8.16,3.06,7.14,0.33
instance-a19fa21d-98ce-42f5-bd07-270bfeb588ea,7.04,3.06,6.27,0.25
instance-a5fad14a-f6aa-4c4f-8f60-39384c949a1c,0.75,3.06,0.36,0.13
instance-aa282979-4b34-4f3d-907c-b302d7ae57c1,4.33,3.06,2.93,0.46
instance-ad5f1075-82f4-4ba0-a9f4-7f864e25a67f,11.68,3.06,7.07,1.5
instance-b480058c-91dc-4aab-9859-ccab2516aa3d,8.77,3.06,7.68,0.36
instance-b9fa2cd3-1556-417e-bbac-34fdb18c673d,12.53,3.06,6.2,2.07
instance-bdc06553-2db3-4471-8481-a1a665a9df3c,32.76,3.06,29.77,0.98
instance-c9545ddb-92ba-45b5-adc7-08965d62622e,16.99,3.06,15.73,0.41
instance-cd953830-95b9-41e4-8dda-7aa79f387d01,8.33,3.06,7.16,0.38
instance-ead666bf-2830-48e5-9a65-e5cefddd1de9,17.99,3.06,6.72,3.68
instance-f195abbe-780a-4d96-aeac-d8b06e68d2bd,3.78,3.06,3.43,0.11
instance-f6b54794-7c0a-4b82-9124-9b2844cf061e,5.59,3.06,4.07,0.5
instance-f8e5a9f9-43cc-4458-bc62-2be848d24c0c,1.54,3.06,0.78,0.25
instance-fbc1ad98-0e84-4b31-b599-b51338f4d033,10.13,3.06,9.16,0.32
instance-07f9a96f-4b1f-4431-8aa0-14d0ae844e73,1.64,3.05,1.51,0.04
instance-0942b125-6800-4ce7-9af1-eda508f69952,15.52,3.05,14.74,0.26
instance-0d53e577-746c-41f1-9bf4-90f7333ef3e8,13.49,3.05,12.77,0.24
instance-10c3ee28-1dbb-48d4-9c81-8d007fa74ab8,19.37,3.05,17.17,0.72
instance-17b7c5f1-e9b0-4a85-b463-b025a3ca9be4,1.17,3.05,1.05,0.04
instance-18bdf36e-eab8-4a49-9d9f-704400b45093,16.68,3.05,8.3,2.75
instance-19bed689-39d2-4d12-9f96-e329c0c45805,2.2,3.05,1.61,0.19
instance-25655382-cb51-4ed7-a5be-4dd3658f51f1,4.74,3.05,3.94,0.26
instance-27325a34-0548-42c3-b67f-7e427ed407a0,48.77,3.05,36.37,4.07
instance-27d2e26c-f7c3-4465-baa6-746a740619ed,1.45,3.05,1.23,0.07
instance-2961c01a-4d39-4895-9932-a8771c965bc4,17.42,3.05,15.74,0.55
instance-3659fd67-7109-4277-ad36-a5823ed785e3,8.01,3.05,1.55,2.12
instance-45d16f18-3ba6-4d82-9cc6-bb35f83b9591,4.57,3.05,3.99,0.19
instance-4a17b62d-3491-4487-b01c-7ed21b3003cb,9.87,3.05,7.62,0.74
instance-53025b66-33aa-4e5a-9142-35d89c413370,11.16,3.05,10.46,0.23
instance-61f5a807-e616-47dc-8f3b-3fc333622574,3.46,3.05,2.54,0.3
instance-6ba8f9cf-fdf3-46ef-8423-a7fa79074de6,5.4,3.05,4.66,0.24
instance-859c3379-001b-4d87-9449-a9287145fe4e,0.96,3.05,0.91,0.02
instance-87a661c2-c165-4ce5-867b-3e85df64d410,13.68,3.05,10.96,0.89
instance-8d8a5286-a279-406d-b83d-bca43ce13093,1.73,3.05,1.48,0.08
instance-92abde45-48ee-4f9e-b4b2-8c20e069dd84,4.1,3.05,3.91,0.06
instance-94691b86-5069-4dc7-be4a-96e1ba9a3119,7.76,3.05,6.51,0.41
instance-9a26aff2-f78c-49d9-9e63-2320322dc1b6,4.67,3.05,3.79,0.29
instance-9a82ca57-f7d2-4383-8bd9-a8c38325dc97,51.08,3.05,25.51,8.4
instance-a1419441-cce5-4a78-bf3c-6ab8ff65ecb3,2.94,3.05,2.56,0.12
instance-a35d760e-edb7-430f-aa2b-b5c066523946,13.21,3.05,12.27,0.31
instance-a709b147-19af-4404-bec8-d059e36af5b4,3.48,3.05,2.65,0.27
instance-a82b10b0-1642-4c3a-832e-b7fd482aa123,4.21,3.05,2.89,0.43
instance-be8b719f-75c1-4331-85e2-529fddab08cc,1.34,3.05,1.17,0.06
instance-c1a4d8fc-cf9d-400b-9e51-5e03b6034a47,10.39,3.05,8.33,0.68
instance-cb98e7b7-98a7-4a34-b328-a119ee65bef4,3.41,3.05,2.3,0.36
instance-ce77d333-bb8d-455e-b0ba-b4c6833f72e1,11.18,3.05,8.94,0.73
instance-d20d20d1-d2b6-4032-8bb3-655d6ddc4b58,15.29,3.05,14.04,0.41
instance-eefd0c3a-85b5-48bc-b041-6396e750b7c5,4.11,3.05,3.49,0.2
instance-f40adf13-6295-4497-bc0a-dd4992334bc8,17.39,3.05,12.6,1.57
instance-f9e56779-634e-47e5-ba1b-a384c237a1e9,3.3,3.05,3.13,0.06
instance-fd11f2ae-da21-4a74-86fa-fba8394d6627,4.92,3.05,3.45,0.48
instance-002586f7-d840-47d3-8fe1-4cdd175dc7f3,4.93,3.04,4.01,0.3
instance-07598404-458a-4fd1-a1f0-f7e15905a140,8.33,3.04,6.4,0.64
instance-10c83e2c-67b8-432f-b25d-d8726134f16d,9.33,3.04,8.13,0.39
instance-14f130e6-0841-4c51-ae64-bd4f6be96b9b,9.69,3.04,8.96,0.24
instance-1692e1cb-d1b2-40e0-97c2-db18899fffe4,4.03,3.04,3.09,0.31
instance-21d7a2be-f332-41cb-a8ea-f96339f9a2fb,10.38,3.04,9.38,0.33
instance-26620d8b-200e-4351-b20e-0e1dff7c4378,3.46,3.04,2.9,0.18
instance-30731f01-1487-4009-a755-49f4d5cc6cf1,2.47,3.04,1.82,0.22
instance-3110fde0-8259-45d1-b415-56b2ae5fd13e,4.02,3.04,2.62,0.46
instance-3849ff1e-c912-409e-92e3-d18f2e68713a,5.6,3.04,4.1,0.49
instance-3b384772-9ef4-4f72-a91f-f250a7fc1b4a,1.42,3.04,1.19,0.07
instance-3ffed5bd-2c15-45dd-9e3a-b50298eb27a8,8.05,3.04,7.44,0.2
instance-409a9d8a-a034-4639-b6b4-6488cb7f033c,4.07,3.04,3.09,0.32
instance-40f5b4a7-5f42-407a-86ec-ceae238dc8c5,6.7,3.04,6.07,0.21
instance-42c62eab-c1ed-4bca-a44c-4eab47fb28cf,3.49,3.04,2.47,0.34
instance-44156338-e17a-43ce-8d35-b1e54be1e77c,5.98,3.04,3.68,0.76
instance-44be830a-aa54-4e53-9000-ab0f80d0e5c5,8.82,3.04,8.2,0.2
instance-456a9c4b-9556-4f97-a5de-5046fe1352e2,3.77,3.04,2.81,0.32
instance-51472c1e-f364-4c02-8463-3306b01a268f,6.11,3.04,5.45,0.22
instance-594081be-9f4b-40ac-9914-4b75843027ce,16.31,3.04,15.36,0.31
instance-5f63a04b-29e4-430a-8711-23053aa81283,11.91,3.04,5.71,2.04
instance-5f8b57df-0de7-4058-b788-7c9c53c0ffe3,16.44,3.04,7.78,2.85
instance-7edbdeac-7353-49ef-972c-72f7907b2111,1.53,3.04,1.35,0.06
instance-826e0f6c-0288-4f67-856d-d6babc154cce,5.09,3.04,3.67,0.47
instance-85ad29f5-a19d-41c9-95d3-b0a9b504c78f,8.62,3.04,7.94,0.22
instance-942eb43b-c79d-416b-990f-3fdf19cfcd93,2.87,3.04,1.63,0.41
instance-9659f653-2ae3-40fd-9990-68e76756ab49,1.93,3.04,1.62,0.1
instance-9b1097b7-a1c3-4161-a649-16d1e4e6a8db,1.42,3.04,1.18,0.08
instance-9f7e407c-7819-4139-8197-10e68614af59,24.09,3.04,9.69,4.73
instance-a0f70502-3532-49c2-9db0-9f020725a52c,20.37,3.04,17.33,1.0
instance-a31d6843-2410-4ece-89de-1afdf319f109,10.36,3.04,8.55,0.59
instance-a599385f-768c-4fda-8d1e-d61971d38b55,3.42,3.04,2.55,0.29
instance-af4c11bb-1ea4-49b8-bc49-91bbc8740b3b,7.99,3.04,7.33,0.22
instance-c48de9c7-0fde-4a18-af0d-f36b5a52ff0b,3.09,3.04,2.28,0.27
instance-caf0c6b0-3b29-49d4-b292-773b5c9a5995,3.09,3.04,1.97,0.37
instance-d6b579a5-5202-408d-9dd9-75493da40db7,18.82,3.04,16.19,0.87
instance-d806ea27-9308-42a2-a9d9-e35245b33126,2.01,3.04,1.47,0.18
instance-db8049b5-df22-4a6d-b25a-348f2aff4d5a,2.09,3.04,1.77,0.1
instance-e33ec2a9-daeb-49a5-ab3a-bcc331ccff38,3.55,3.04,2.43,0.37
instance-e84cb7e1-a816-4a96-a31d-4c172805dc68,2.51,3.04,2.09,0.14
instance-e8d66e14-4cea-4ee1-9075-be5c3076b0bd,0.44,3.04,0.38,0.02
instance-f6fb1764-f551-4068-abb9-0abacf83b76d,3.31,3.04,2.53,0.26
instance-08b1eb2f-adde-4ade-a5ad-c20eeb3e1d2d,2.12,3.03,1.7,0.14
instance-18aee40f-9379-4a0a-9e2b-7a6fbbc8eb55,3.72,3.03,2.77,0.31
instance-31a9496e-a8a0-41de-bb9c-e2f571a615ba,3.63,3.03,3.44,0.06
instance-3318009a-ef11-49d2-be79-805d7488365c,1.66,3.03,1.35,0.1
instance-35305845-63ca-4b48-8adb-5a9488a55745,1.66,3.03,1.37,0.09
instance-3bb06d84-e354-4b28-8be6-90d12dea1bbc,0.77,3.03,0.65,0.04
instance-3bb22d48-b445-43be-b56f-25a464fd2c1a,4.63,3.03,2.13,0.83
instance-3dd6672e-1ff9-4abc-b67a-ef3fb3081c27,4.89,3.03,4.59,0.1
instance-47907da4-84b8-41e4-9d4c-15dd645caf99,2.16,3.03,1.05,0.37
instance-4f61317b-45ce-4e38-8fac-37d92c650581,1.62,3.03,1.53,0.03
instance-541a187c-8b26-4e6f-baf8-b6b9463524f8,9.7,3.03,9.02,0.22
instance-551da754-be6d-4c1d-bf97-eec3a27accb0,5.76,3.03,4.99,0.25
instance-5f199b55-84e8-43b4-bddb-6f74a2d28355,4.42,3.03,3.59,0.27
instance-71b13219-2cb9-4e49-a172-9325e6e709f5,2.28,3.03,1.67,0.2
instance-76dff432-58ac-404f-b097-a8b9052d245a,1.01,3.03,0.84,0.05
instance-95e41f08-4257-4cf2-bd1e-aa2f8e981218,8.51,3.03,6.48,0.67
instance-a1fb3565-5ed7-45ed-8faf-9d21020f9db7,1.63,3.03,1.46,0.05
instance-adc59f51-254d-4b67-8e24-ef57a943a089,15.81,3.03,13.95,0.61
instance-ae492df3-4cc7-4619-9a22-e1ec8b8f15a3,4.16,3.03,2.9,0.42
instance-afdd64d8-2716-4e0a-9040-4948b504e1e1,3.1,3.03,2.19,0.3
instance-b1d49559-5052-4459-81e8-148e76e60e23,2.99,3.03,2.78,0.07
instance-b6864423-4d20-476a-b5a6-90503c5abf17,5.04,3.03,4.09,0.31
instance-be515eb9-009a-4a0d-8b6e-6f0afcb4bd5e,74.11,3.03,11.31,20.73
instance-c19a0d51-99de-425b-a4e6-6aa0980522e1,2.83,3.03,2.0,0.28
instance-c2b76ca8-f013-4ac5-a5f6-ca01d2618705,4.22,3.03,3.5,0.24
instance-c50ee14d-cdab-40c8-8272-3d784f876123,17.32,3.03,15.87,0.48
instance-c8205770-2def-4dab-a1d8-bbc59f465485,3.86,3.03,2.64,0.4
instance-c9fa70ea-dc2c-4e75-b3b5-2651dba68710,21.4,3.03,12.9,2.8
instance-d05744c1-0f1c-46b6-9ae3-2c8cb97c4e31,0.82,3.03,0.68,0.05
instance-d3d870d0-7129-45f4-b40e-ba1b707e50e9,7.53,3.03,5.65,0.62
instance-d7071598-1822-4cf4-a2cf-4f561e119099,8.42,3.03,6.51,0.63
instance-e2e40c6c-f2c4-49a5-947c-45a5b15cee62,5.14,3.03,4.0,0.38
instance-e38b77b2-379d-4166-8573-2e578ad9201d,3.93,3.03,3.0,0.31
instance-eec7a76c-209f-4eda-8f99-34e9801972df,8.9,3.03,5.21,1.22
instance-eff637a8-ccf2-4d04-9b77-3e9cb813368f,17.4,3.03,15.87,0.51
instance-f8741295-1a37-43af-bccb-c8fa42f8c937,12.84,3.03,11.38,0.48
instance-fc4f4d6b-3ddc-4c5c-aa13-ba798460c17b,4.25,3.03,3.02,0.41
instance-020b9852-43d8-418c-8fd5-674d64d5cab2,10.4,3.02,9.44,0.32
instance-02d685b8-cf0d-4f3b-b71a-bae0d1d84b7f,3.37,3.02,2.56,0.27
instance-0615e86e-641f-4f28-9268-cfd3562d136b,8.9,3.02,4.04,1.61
instance-06a70b3a-a6b3-423a-b72d-dd217d261963,17.17,3.02,15.8,0.45
instance-120a9e57-2a91-4e28-8d77-79d66d7780fe,2.08,3.02,1.65,0.14
instance-276a1e78-a133-4584-b6eb-4bcc3b6696f0,9.06,3.02,8.16,0.3
instance-2ea755b6-2103-4879-b05e-cf1392d27297,79.12,3.02,75.04,1.35
instance-343b0029-fea5-4bfc-83d5-d60d59129829,7.44,3.02,5.56,0.62
instance-4c037e90-f430-4c65-b733-e7a402b67e3c,3.75,3.02,2.8,0.31
instance-533faa11-acf8-4762-8ded-d3092061f3b5,0.87,3.02,0.78,0.03
instance-560e9223-421c-4c89-992b-147887e0c292,10.51,3.02,9.37,0.38
instance-5676d6cd-3274-445f-8ee0-1aded7cd986b,2.02,3.02,1.8,0.07
instance-59265f38-a536-4422-98f5-749370dc9520,1.83,3.02,1.51,0.1
instance-5b1c4cef-9824-4b5f-964b-93ff87dad9a8,0.99,3.02,0.77,0.07
instance-68fd91ba-7694-4310-85a1-918bf93fca80,19.31,3.02,18.29,0.34
instance-6f2a382a-427e-4c47-9a62-1784082cf6b3,17.67,3.02,16.15,0.5
instance-7b18b7a9-ea3c-426e-8003-1a6b9e691a60,16.39,3.02,8.81,2.51
instance-818307fb-b3e6-4e16-adca-ae0fbafb5355,3.21,3.02,2.4,0.27
instance-8a5f6dcd-deec-4016-8ccf-04f0fcd16547,16.29,3.02,15.24,0.35
instance-8bb15752-2f69-41e8-8201-df782b9fa570,13.89,3.02,10.33,1.18
instance-987f2d29-f886-42b4-9378-50948ce20ab0,22.04,3.02,13.09,2.96
instance-ae6b887c-7115-4c0b-acb6-f3eecdbc75d2,3.75,3.02,1.04,0.9
instance-b8e01e8c-d36a-45bc-92ad-36def982baaa,23.4,3.02,11.92,3.8
instance-ba430295-f814-44f2-b1d7-b49269988f9b,3.54,3.02,2.86,0.23
instance-badf09f5-84a4-4abf-8adc-3b1713acc076,10.73,3.02,8.86,0.62
instance-bb6a9924-3dc4-4185-8d9f-16321acbf74a,10.7,3.02,8.3,0.79
instance-c153895d-20ae-4e65-ae23-42978182acd5,9.87,3.02,6.96,0.97
instance-ce1dacf3-2124-469d-a97e-bb355a8bf023,3.06,3.02,2.64,0.14
instance-d033dda4-4b55-46ba-83a3-5969c1382984,3.12,3.02,2.35,0.25
instance-d75665e6-bd06-4724-9467-4c3ddc318095,7.71,3.02,3.94,1.25
instance-e4517ea9-92a1-4187-85a2-1ccfbed40d08,3.41,3.02,2.78,0.21
instance-e66caed4-5fb8-4433-9b16-389dd83f5252,1.95,3.02,1.59,0.12
instance-e8a7d2b6-c505-4c08-8e55-027c4ae18132,1.99,3.02,1.64,0.12
instance-eff452d7-c832-4f0d-b248-4b8addfb9b37,13.4,3.02,6.95,2.13
instance-f5771387-84b6-45bf-89bf-c17f3dc6d390,16.87,3.02,2.61,4.73
instance-f79c92c7-c80f-4464-bcfc-3f3bd1d6bd83,3.66,3.02,3.03,0.21
instance-fa5e64d2-0d77-465c-b5c2-ca50a58873cf,0.89,3.02,0.71,0.06
instance-03dfdb32-78a7-4b9b-aed5-d6008181644e,13.83,3.01,12.95,0.29
instance-05dd683a-e51e-4c71-ac9e-a924b7bc6d26,0.6,3.01,0.53,0.02
instance-0cf7fa99-53fe-4d44-a3a9-b48ad6eef71b,5.43,3.01,3.89,0.51
instance-11b832a3-37d3-4cd5-90fd-e7d826c1a675,15.02,3.01,12.95,0.69
instance-1574913f-82c1-4523-b81e-6ccab8812711,2.04,3.01,1.77,0.09
instance-1856f913-bc0e-483b-845e-ce04be09ecfa,2.01,3.01,1.49,0.17
instance-2048c222-f50d-45b2-9fed-960df743f33d,3.75,3.01,2.96,0.26
instance-25249569-6b67-4363-9712-00176416c9cd,24.62,3.01,12.01,4.19
instance-29f4fbae-bcd8-433c-b43e-ef5329cebdef,1.38,3.01,1.13,0.08
instance-2a94d4d4-e8f5-4134-9fbb-e3eb947759dd,34.41,3.01,29.2,1.73
instance-2b1e4a5e-91bd-4942-99ea-6e5d7cccd61b,0.93,3.01,0.83,0.03
instance-3084dee7-ac84-4bf6-87bc-16c878eb445e,16.84,3.01,15.84,0.33
instance-3a937c54-8aa4-47ec-ac10-ca0adc80714e,21.37,3.01,15.76,1.87
instance-3beb3d38-d88a-4fda-80ba-48b048c7a745,2.52,3.01,1.91,0.2
instance-42046931-d1d8-476c-b56c-b4b6831d1bf7,1.75,3.01,1.45,0.1
instance-4b060c33-1679-4483-a821-8f58d24c6b5e,4.06,3.01,2.87,0.4
instance-56dd2147-1c6a-40cc-bf62-9bffb5d67606,3.67,3.01,3.45,0.07
instance-67c5f8ac-95c9-4cc5-9fee-4c1207fb0396,11.16,3.01,9.6,0.52
instance-79a976de-a8a9-4613-b24c-12db745d813d,10.0,3.01,8.52,0.49
instance-7a9f002c-d1d2-4038-b6f2-fdbeba2376dd,1.78,3.01,1.59,0.06
instance-7f43aa76-be48-4074-abb1-2680b585f287,3.34,3.01,2.35,0.33
instance-9105df40-1f56-47a7-a7bc-ca7700af0660,0.94,3.01,0.75,0.06
instance-9f7dd5c2-0aa7-4abb-ad41-7c362a95a498,18.12,3.01,17.26,0.29
instance-a6f5cb4c-b545-47b2-b640-640d586b4d29,4.17,3.01,3.22,0.32
instance-b104c713-877c-4f17-bee1-f64e6c6d49a2,3.33,3.01,2.45,0.29
instance-b42d8e2e-c75d-4002-a64b-694add273174,1.89,3.01,1.38,0.17
instance-b58b998f-4a52-43ca-99ba-2d0652b55fb6,3.6,3.01,3.16,0.15
instance-c629583d-6049-4f11-8d20-3251f8a2c508,17.44,3.01,16.05,0.46
instance-d4db2407-0360-4a2b-8ca5-2f06679b0c43,4.31,3.01,2.54,0.59
instance-d543a106-c47f-488c-9edb-7648a88c3e10,21.72,3.01,6.53,5.05
instance-d8f50b26-f689-469e-8f56-13fbd29f8f70,3.19,3.01,2.49,0.23
instance-d905c849-3007-4c32-adfe-34a364721b6f,8.06,3.01,6.82,0.41
instance-d90b4313-ce16-41a8-8b85-4dc44fe2bbad,2.65,3.01,2.0,0.22
instance-de98fd7c-5034-4310-817c-588e107658bb,9.47,3.01,8.16,0.44
instance-e2f73897-64cf-411a-a035-76d2335eecea,5.9,3.01,4.51,0.46
instance-ec58809b-4a70-42a5-8050-67f20166956b,2.43,3.01,2.18,0.08
instance-eee99404-13ae-46fd-a12f-632c4c83a05d,1.75,3.01,1.46,0.1
instance-f53f24a9-0496-42d5-b1a8-263af9fe6d10,10.58,3.01,8.0,0.86
instance-f8d55cc5-4743-419f-8ce3-ce2f4544d5fd,17.34,3.01,16.09,0.41
instance-f98ac0d0-54a2-4b13-aa2e-5bbb96120f8a,12.63,3.01,5.44,2.39
instance-fa13e51c-a727-4584-a0d2-686cb5d0713e,4.27,3.01,4.03,0.08
instance-fa831951-fbac-4839-8f71-5c0997301ca1,3.51,3.01,3.18,0.11
instance-0a97509a-985d-4f33-b3dc-45751565d6e9,5.34,3.0,4.65,0.23
instance-16bb0481-e8f9-452f-a954-6560c1571716,6.49,3.0,4.75,0.58
instance-189fcf02-7874-44a3-8dad-f4595a242f8b,3.42,3.0,2.96,0.15
instance-28171851-4ddd-4418-b664-5b9d95938dd2,19.16,3.0,17.46,0.57
instance-3fb45fae-50c4-4a8b-be46-3c314d6f14e9,10.78,3.0,8.84,0.65
instance-42391be4-04f8-4ffc-ad6f-ac77e2bc8a5d,17.51,3.0,15.81,0.57
instance-470066b8-4104-45dd-b695-624ccfbabc39,3.85,3.0,2.87,0.32
instance-4adcf3c7-7fbd-486b-9972-c1d87c02b399,2.54,3.0,2.05,0.16
instance-53cc5583-44a4-471d-bba6-a567968d2fbd,8.35,3.0,6.39,0.65
instance-544c0b85-9c5c-4e70-9269-5edf16e6c0ab,2.22,3.0,1.71,0.17
instance-55fab9f3-04b9-469f-bf18-aef13d0a1a51,25.13,3.0,22.58,0.85
instance-5a78cf9b-9e12-4be7-8e0b-1e44d51f0199,4.03,3.0,3.01,0.34
instance-60171b50-4d31-482a-9707-c22dd49fbec7,10.76,3.0,3.1,2.55
instance-617283aa-7532-419f-a65e-ff3143f63090,5.75,3.0,4.42,0.44
instance-62fd634e-3438-45aa-a1f4-285fbe150bcd,6.55,3.0,5.36,0.4
instance-68bd1cf3-be45-47c7-bcd7-d8a804a3de51,0.4,3.0,0.31,0.03
instance-6d365775-cfe1-41b2-a4b7-234b5c904039,6.14,3.0,5.17,0.32
instance-79a2ca3a-5bd4-4630-aab6-e5166af68fe2,5.03,3.0,3.04,0.66
instance-811941a3-8a88-47f9-bc28-b35747f12eb8,4.22,3.0,3.05,0.39
instance-86ca0fcc-2918-4635-b6e3-963633b3ec84,4.0,3.0,2.93,0.36
instance-944ec968-4c3d-48d2-b6bc-975f767dc3b3,2.82,3.0,2.13,0.23
instance-95e39826-7c78-48fd-a13a-67749e7f0224,10.11,3.0,7.77,0.78
instance-9f760bfb-3eec-494d-b14f-f4a63b2ad2da,17.01,3.0,15.58,0.48
instance-a17ce010-43af-4fd1-83fa-abc0b5b13b96,68.0,3.0,45.64,7.45
instance-a5d7b687-ef88-4bd8-ba76-494c97cd0b1b,4.03,3.0,3.67,0.12
instance-a7d110de-a10f-4bd9-85f4-49e9b8fa9ad5,4.27,3.0,3.24,0.34
instance-ab7ff8e4-768b-414c-b397-9a3f6fd4506b,3.16,3.0,2.51,0.22
instance-b3387dcc-717e-4737-a54b-2fa5f488ed8d,3.85,3.0,3.58,0.09
instance-bfe526a3-03ad-4055-a3cd-e855f2df0138,17.92,3.0,16.34,0.53
instance-c169f348-9acf-4454-a9f4-38dd38ba25df,11.35,3.0,10.94,0.14
instance-c6147a48-e800-4a20-8289-3ad6db4dbc23,15.43,3.0,14.85,0.19
instance-cf7bc717-c302-401a-9b0a-5d3d546f7fa7,8.84,3.0,6.9,0.65
instance-d7de5390-f7ac-4c8d-80ba-4b304c183732,4.08,3.0,3.85,0.08
instance-df1222bf-95e0-4ec0-bfd4-d093542d9e50,6.04,3.0,4.15,0.63
instance-e8ea7c66-2adb-4e94-a9e1-867a97a97d28,4.19,3.0,3.08,0.37
instance-e9fb05f7-556d-4d13-9048-70a2d052d3a9,13.41,3.0,13.1,0.1
instance-f19e244c-f99c-4828-add4-192265e7e5a5,3.99,3.0,3.03,0.32
instance-f1a31a26-a376-411c-b75e-eb3b3791b808,1.09,3.0,0.82,0.09
instance-f39b6c8c-cfe4-4921-bc80-cc9ee93af54d,3.32,3.0,2.62,0.23
instance-f3b4628d-3888-4a41-9773-179cf714db31,23.55,3.0,13.58,3.33
instance-f5718397-11a1-4f57-82a2-db56fc12f291,2.81,3.0,2.44,0.12
instance-f8cb266f-9351-4d10-b711-d3721bb6af33,16.72,3.0,15.63,0.36
instance-007305fe-2e1a-4c83-a036-6e042703cf86,10.63,2.99,10.2,0.14
instance-0a8f30cb-6f4e-4dd9-bdd2-a5cecae15012,3.11,2.99,2.79,0.11
instance-0db61eec-9269-470f-ac2b-75bbe6717825,2.53,2.99,2.1,0.14
instance-0fd5056d-9d3c-499b-8559-57e02017a4c7,2.07,2.99,1.59,0.16
instance-19fe70f1-cfcc-42fa-9a98-080068d58792,3.22,2.99,2.53,0.23
instance-2895d8f1-76c4-428d-87c8-8e9f1926f63c,4.94,2.99,2.05,0.96
instance-2a07a6f3-579a-4cb2-a7a7-4878ece0f3b2,10.18,2.99,9.39,0.26
instance-31f15b5f-6696-402a-b76a-b896db02a15f,4.58,2.99,4.11,0.16
instance-3307f01c-f7b7-4820-b955-ab2e31cb9c94,2.78,2.99,2.49,0.1
instance-3669028a-8b8d-4585-8d56-01123335a9cc,40.97,2.99,37.59,1.13
instance-407e718a-64e3-4dac-80c8-6ba7ca0557d9,2.35,2.99,2.05,0.1
instance-45e6a335-b734-4a72-8d00-63609bcfc4eb,3.68,2.99,3.44,0.08
instance-47d77941-0e33-49ce-b6e5-dcb8a0810bb7,2.17,2.99,1.99,0.06
instance-5108738f-754f-4335-b381-c13b2562fa4f,8.67,2.99,3.14,1.85
instance-59e8067a-ad6e-4110-ada9-fab6729705aa,3.39,2.99,2.62,0.26
instance-5bef90de-4cfa-4f64-87c4-cb3d02ba93d5,18.88,2.99,16.75,0.71
instance-5fd5b65f-1647-4a3b-97ab-05fc3bf5ca90,1.68,2.99,1.35,0.11
instance-732e8997-2072-482e-b814-c36397dd1fbd,3.41,2.99,0.96,0.82
instance-88250e0a-b952-4df8-80d8-3d5446fcf0eb,3.67,2.99,2.81,0.29
instance-890da2da-6865-47f9-8443-ea70f6f36227,12.83,2.99,11.71,0.38
instance-9946d28a-d1f9-4d2d-ab11-f0cb148cc2a1,10.07,2.99,7.54,0.85
instance-9d6e1eeb-89c0-4714-ad10-e8a29bd947e9,2.99,2.99,2.12,0.29
instance-9ebf9ef6-0339-4116-b70f-1649c2ced7e9,1.95,2.99,1.46,0.17
instance-a2e26f81-5de4-4689-865c-9cf5454c90d2,18.68,2.99,17.94,0.25
instance-a464e185-31aa-4df7-9158-75a12f115a06,7.18,2.99,5.97,0.4
instance-aa77bd1c-5856-4937-8825-d1a8eae75e0a,10.38,2.99,9.95,0.14
instance-aca4cfd1-bb9b-4742-9842-3c04d274592e,2.9,2.99,2.29,0.2
instance-ada8eddb-946f-4f85-853b-7e1a4174c01b,1.79,2.99,0.81,0.33
instance-bb808d68-183a-499b-b590-8516ecb8a28e,2.04,2.99,1.85,0.06
instance-bcf58525-028a-4b24-ac33-212f69a5ea25,3.76,2.99,2.98,0.26
instance-c21a8ec0-93a1-4c16-8458-892d24479fbe,9.99,2.99,3.4,2.21
instance-ccba1635-11bb-4929-a04c-e45cc3ecd9b0,4.68,2.99,3.59,0.36
instance-d197a784-a61f-448b-bf10-f0355f90767c,17.17,2.99,15.46,0.57
instance-ddab9286-6869-4a7c-a291-ce8354f40cca,4.02,2.99,3.1,0.31
instance-e300970b-963c-489c-887b-1a0ad484bad9,3.43,2.99,2.52,0.31
instance-eafdef85-db78-4868-9b8b-c5a482a56f97,2.69,2.99,2.26,0.14
instance-ed844603-598b-4899-89dc-651c2080ad29,10.83,2.99,9.98,0.29
instance-edc83c31-0631-4c0a-945f-d1e576fc3ff4,5.47,2.99,4.12,0.45
instance-f413e182-f484-48dc-a70c-4617d42ac35e,2.34,2.99,2.12,0.07
instance-f47d4372-cb56-4834-824a-9ea395c15a63,0.55,2.99,0.33,0.07
instance-ffc312b4-3b8e-43d0-b870-58fff1733237,19.22,2.99,12.79,2.15
instance-1089cf62-c569-40cc-9e9d-56d255049558,3.72,2.98,2.85,0.29
instance-1f9e5c37-2721-4ab2-b91d-7aa09703ccf3,4.42,2.98,2.23,0.73
instance-2475ce2c-2c56-4f16-a073-a089d680f34a,17.7,2.98,15.62,0.7
instance-2e472588-87c7-474c-b26b-2113f55d5dc8,17.1,2.98,15.47,0.55
instance-35692783-6afc-451c-b10c-d39725f5792c,3.07,2.98,2.84,0.08
instance-3b2f5d8a-43c4-4f67-bb51-8de251ac869b,1.47,2.98,1.18,0.1
instance-463c2d9d-dd6e-45ab-a166-f6635edbb65c,16.81,2.98,15.54,0.43
instance-478a9cc7-3c80-4537-9dbb-513425d567fe,4.62,2.98,2.76,0.62
instance-47d9da20-dfa5-4ced-918a-e6a2380acb75,16.62,2.98,15.63,0.33
instance-54e26dac-6cdc-4f06-8e91-7d59f3c84c95,17.35,2.98,15.23,0.71
instance-585cc079-dced-4092-a135-8c36bb3f918a,6.61,2.98,5.5,0.37
instance-683cd785-1dae-46cf-bda1-8ed650c92fc3,0.58,2.98,0.48,0.03
instance-6a85cac4-7142-48e2-ba68-982a81dd497a,15.93,2.98,15.0,0.31
instance-6fb6567f-b508-4c0b-bb24-7914683daf41,19.11,2.98,17.82,0.43
instance-753ac9e5-19f2-44a0-9942-2e28a2d52e72,15.33,2.98,11.73,1.21
instance-77266a89-ffcc-4dbd-9b83-b7ac79081488,5.14,2.98,3.4,0.58
instance-77b6a208-4c37-461d-9af1-64a598bc80f5,3.75,2.98,2.0,0.59
instance-80b75085-9383-4ce1-8156-b91cd1e85135,3.89,2.98,3.3,0.2
instance-85b9dc58-7e8b-44d2-a5b0-4c9d3d4bb64c,2.59,2.98,2.19,0.13
instance-a096ebe7-f13b-4e92-a55e-a44ed5527b75,5.27,2.98,5.04,0.08
instance-a6f07d7d-8c6b-4da2-a0fa-c5570f77de5f,4.07,2.98,2.68,0.46
instance-ac55d580-dddf-4c7e-a0c4-97b21adad27a,3.28,2.98,2.86,0.14
instance-b35592d6-4ec1-49e7-86d3-87e8f9672582,1.85,2.98,1.55,0.1
instance-b4ab11c6-c36f-45ea-a8e3-bd6d92b3e609,8.24,2.98,5.76,0.83
instance-b8ae7b37-906a-4fd3-bfcc-ab226e9f71b7,3.51,2.98,2.66,0.28
instance-c2c7ffd6-8e46-44c0-a793-c73c69ac261e,1.17,2.98,1.03,0.05
instance-c4c55b1a-b3e4-42ac-b1c8-a7cce0892d13,8.57,2.98,6.54,0.68
instance-c890e275-b1d8-4620-8922-a348931e6124,46.02,2.98,35.91,3.39
instance-d0637536-dfed-44b5-8e13-7229e9586909,12.3,2.98,9.76,0.85
instance-d1d967e3-be4c-45be-9b2b-0e07895d55f3,3.95,2.98,3.11,0.28
instance-db54c862-cdb4-4dac-bbd0-ed354aceaee7,3.74,2.98,2.78,0.32
instance-e0ebc184-818c-43a7-9dcd-ca6f9f163f99,0.92,2.98,0.7,0.07
instance-e3ece91f-65a8-493c-b670-f82e9b52d53c,0.11,2.98,0.1,0.0
instance-f51e7bb8-34f3-4c61-b986-b024a8de71f6,8.4,2.98,7.26,0.38
instance-f78c8489-ceb7-4a36-bfe3-06e1e8fcca3a,3.98,2.98,2.82,0.39
instance-ff47fde8-47af-4377-a486-85a13980c433,11.22,2.98,8.57,0.89
instance-06299ce2-65ba-4cd1-a28d-7cbf09a8d989,2.57,2.97,2.37,0.07
instance-0fd3ee7f-b7b5-4d85-b13f-ac884a8bebe8,2.43,2.97,2.29,0.05
instance-12a6a763-754d-49a8-afad-b7ce959b32ae,15.31,2.97,14.57,0.25
instance-194d4ee2-a4af-4b29-8e50-ca4f5ec13f53,17.1,2.97,11.54,1.87
instance-2824de30-b1a8-4230-82b9-d606d0934b69,10.22,2.97,7.8,0.81
instance-2aa72fd7-3020-49e1-a1cb-99dfef5a8daa,17.5,2.97,16.66,0.28
instance-2ba79b4e-32af-423e-8626-a7f5432a0130,3.92,2.97,2.65,0.43
instance-3870664c-f632-4808-b2d8-132137e1ddcb,3.13,2.97,2.25,0.3
instance-38824c52-4aad-441c-b657-9f62673429ec,3.43,2.97,2.63,0.27
instance-40a44dc5-4222-4c6a-8475-2c953cb238f5,32.35,2.97,21.15,3.78
instance-45b51ed3-295a-4f0b-8613-d1551c9fbde5,1.72,2.97,1.31,0.14
instance-4b1a1d2d-1009-4984-97bd-fafc7fbd183a,14.81,2.97,14.09,0.24
instance-4b7d58c3-cace-4546-b6ec-b50c99bd1a6a,1.03,2.97,0.8,0.08
instance-56205109-2f1d-4a93-9d6a-7a307c1a69d6,8.99,2.97,6.88,0.71
instance-65e3b569-e3ed-40ec-8f48-bb32907c8f58,16.12,2.97,15.41,0.24
instance-67b3b2cc-42b4-4f48-9401-39d4b4af6b99,9.87,2.97,8.32,0.52
instance-6f9c584e-b567-4950-ab4a-f8bfa68b040e,3.21,2.97,2.89,0.11
instance-80c41f56-3619-40ea-956b-900f7bbb759c,17.94,2.97,15.59,0.79
instance-8ca0c05c-6cb3-474d-ab19-adc1f23d0665,58.95,2.97,39.57,6.52
instance-9124c735-afdd-4406-889d-01ff59768929,1.55,2.97,1.33,0.08
instance-92e81989-0850-404c-af5d-2f7136f21c7b,7.83,2.97,4.59,1.09
instance-941ffc64-55d1-42e2-8605-f43044033e82,3.83,2.97,2.97,0.29
instance-9490e951-0c01-4fd2-851b-401d16c3980d,2.13,2.97,1.5,0.21
instance-9810f551-e384-42d5-885e-34d7bde56c45,13.72,2.97,12.76,0.32
instance-9d6c3c11-3bc3-4a12-ac17-973747022dd7,4.51,2.97,3.95,0.19
instance-bbb8520a-3212-4e76-b733-1da9f4e40f39,1.91,2.97,1.52,0.13
instance-bc30c281-3385-497d-bb04-9bc6fbb6755f,16.23,2.97,5.72,3.53
instance-c85847c2-e1c7-45f8-a42c-817d384196a2,4.7,2.97,3.57,0.38
instance-dcea71ee-b1e7-4ab7-ae4c-19be73a5e38d,16.98,2.97,9.51,2.51
instance-e3b80ed2-2dfe-4a6a-b923-215c3bfc8fad,7.72,2.97,6.08,0.55
instance-e4ee294b-7bb8-4fd1-a80f-570596dc70f2,4.53,2.97,1.98,0.86
instance-efb1340e-3b9b-4c02-a676-5b359ad8fb55,2.54,2.97,1.88,0.22
instance-f0847ced-087e-4bab-b79c-0dd26e20f781,3.62,2.97,2.51,0.37
instance-f556eda3-804e-4229-b47d-33ed6f386aaa,3.34,2.97,2.69,0.22
instance-f82fb1ec-e3b2-407c-bd1b-850ea449493f,3.33,2.97,2.54,0.27
instance-09fd846a-51d0-44e3-8f77-b914e31df0e3,1.35,2.96,1.19,0.05
instance-1a635b9e-adc9-4c3d-a2d8-e586310904fc,3.5,2.96,3.25,0.08
instance-1bf43116-3ffc-4d1b-aad2-72579abd64d7,21.97,2.96,14.07,2.67
instance-2956ac33-0414-40d8-97e8-f332a2cb4040,7.39,2.96,6.6,0.27
instance-2f7055da-98c6-45f8-8d95-a7b53f6b0d36,39.05,2.96,23.73,5.17
instance-3eec4438-8509-4e76-964e-0c267ef0f8aa,1.65,2.96,0.99,0.22
instance-488e3d8a-6e99-4a3d-a1e3-fea9b8c4b173,1.95,2.96,1.52,0.15
instance-4f1b672b-131a-4216-bb6c-21143938aade,4.1,2.96,2.76,0.45
instance-504dc287-c273-4373-b4d4-62f374dae447,4.43,2.96,3.09,0.45
instance-55f302a5-2e12-4d7a-bea1-5b92bb41d034,3.78,2.96,2.76,0.34
instance-59df01b2-c071-45dd-96a4-4f887f0d3cfe,2.68,2.96,2.07,0.21
instance-5c76eca9-f23d-4a72-bc6f-fded34ba071b,0.66,2.96,0.57,0.03
instance-7154032c-7ce9-4555-bdf0-32697d77f98f,3.46,2.96,2.62,0.28
instance-73a6f239-f373-4735-9b32-a29ef148d8cb,13.84,2.96,13.06,0.26
instance-7588b646-4be4-445d-9e59-974c658a5fb1,1.4,2.96,1.14,0.09
instance-85f3254a-d336-4c08-9eea-7ca07f58886d,4.2,2.96,2.76,0.49
instance-87d68478-6a76-4fcc-998a-1b792eec0ea6,12.15,2.96,9.87,0.77
instance-94c00f33-8333-41db-8bcb-bfac025866c1,3.96,2.96,2.96,0.34
instance-a3274399-6bf8-4e8f-9982-78789d068371,4.51,2.96,3.32,0.4
instance-b1ee90e0-02f9-41af-94a8-2b474f9f3d4d,8.3,2.96,6.3,0.68
instance-b588bc58-fa9b-48c8-ad03-64ae883ae782,6.4,2.96,4.27,0.72
instance-b7ba3194-45ca-4e7b-bb27-ffb13c7b97de,9.41,2.96,8.6,0.27
instance-b9131b68-c139-4404-b9da-57785bcc6411,14.07,2.96,3.86,3.45
instance-bdbae84c-fa82-470a-9f7d-0d1297a224ac,4.43,2.96,3.22,0.41
instance-bfcb8791-fd4f-456e-8ed2-ac56f5394a71,7.19,2.96,6.3,0.3
instance-c6edc8f9-0491-4dad-8f63-4160aa16f8e3,4.24,2.96,3.03,0.41
instance-cac6dc3f-971f-44d2-bedf-2b0b8d742a69,8.41,2.96,6.37,0.69
instance-cc9f8061-da5a-43cd-8d63-eb9042d1c927,8.31,2.96,2.44,1.98
instance-dda92c1f-5626-4635-a458-a5a5bfd4ada1,23.1,2.96,13.51,3.24
instance-df11c491-f794-4cb4-9e28-e285e8519c37,5.1,2.96,2.53,0.87
instance-e1e20b83-8faa-4716-bf82-27c66a873183,5.04,2.96,3.74,0.44
instance-f321a9c2-e717-473f-bd86-1bcf52235dae,19.32,2.96,12.09,2.44
instance-fcfbbe77-890c-4451-a413-16e6b784b385,7.96,2.96,4.98,1.01
instance-0bfecc18-ce1e-42d1-b5d6-dc70176062cc,11.16,2.95,10.61,0.18
instance-0e3c41c5-52ec-477c-a65c-39f810896d8b,4.19,2.95,3.86,0.11
instance-10dd36ae-d5ed-48fc-948e-1d3d7e209c1e,10.18,2.95,7.86,0.79
instance-11165f5a-f75c-44d8-85e9-04f2163f3e5c,16.78,2.95,14.7,0.7
instance-162dea60-2d26-4ef2-8917-7bf1203d9b1d,25.2,2.95,23.82,0.47
instance-19f5f722-6012-4271-980c-cdffe8e5d1e3,9.64,2.95,7.79,0.63
instance-23a6c3e2-b5d0-490e-b33f-8d88c7cccc9c,3.59,2.95,2.98,0.21
instance-2fda6b96-7e03-4293-bf74-7d31958680f7,3.07,2.95,2.51,0.19
instance-31a3af86-a830-4ce9-8236-8460ff795988,18.45,2.95,16.25,0.74
instance-39e9de36-e2a2-4005-a687-e44d7e368db4,8.73,2.95,6.76,0.67
instance-3d405f63-be3f-4152-8aeb-9bdfd9f72ad1,1.57,2.95,1.31,0.09
instance-3ed057b5-7824-4ea0-a43c-2748ed9e3883,3.55,2.95,3.28,0.09
instance-54e2f335-db22-4046-a20f-4e69b88fbfd8,0.68,2.95,0.54,0.05
instance-56912149-6050-48da-9148-fa7e9597e6b6,2.06,2.95,1.59,0.16
instance-5b045712-3a07-461e-b559-c788300d935e,17.05,2.95,15.77,0.44
instance-64ba8744-1c37-4f62-badb-0ece0374c4cd,8.91,2.95,7.52,0.47
instance-65cbda88-8549-49fb-b6bc-1633339a7bbe,67.72,2.95,54.53,4.47
instance-66991eb5-f3f0-4e3c-935e-4524010e573c,3.86,2.95,3.02,0.28
instance-67fa374a-991a-4913-a8f9-5af98511f030,9.5,2.95,8.91,0.2
instance-68ffb202-30bf-4ef8-b7e2-9a69bdaf7f1a,3.53,2.95,3.27,0.09
instance-7216534f-fce4-475e-b4df-68ee805cb52b,20.13,2.95,16.69,1.16
instance-76782a1c-e3c2-4400-93e4-cb8d4741b9c9,3.88,2.95,3.69,0.06
instance-826ae242-0dc7-4b78-8911-6c28b72c084c,3.36,2.95,2.84,0.18
instance-82e3d992-ac46-48cf-be6c-e46c52cb8d3c,1.72,2.95,1.41,0.11
instance-87530d1e-7ba3-4ea6-831e-01b65e36db9a,2.26,2.95,1.74,0.18
instance-8886e877-45dd-47e9-aeb2-6ddbbcec8d81,5.39,2.95,3.38,0.68
instance-91fefd66-8744-4dba-a2be-2de92a95d7b0,4.6,2.95,3.45,0.39
instance-95ccb02f-c7fb-4909-820c-183f90a32643,69.59,2.95,41.81,9.42
instance-972807d7-c13b-4804-a62c-fb8f3cf1fe16,2.43,2.95,1.82,0.21
instance-98dde4cb-2b48-41b9-bfe3-4680a31c29c7,33.46,2.95,10.28,7.85
instance-a0741fef-bdbc-4702-8ea1-36861018544d,9.06,2.95,6.26,0.95
instance-a0a6eb4c-5469-437e-9ade-1f00802f9062,3.98,2.95,2.68,0.44
instance-ac650511-c18f-4874-9a56-8f86a38a0f9e,12.6,2.95,11.26,0.45
instance-acca8907-da63-4d30-850e-874a1d85144c,16.58,2.95,15.62,0.33
instance-b0f1a6b2-f95e-48c7-b963-5483e21dd6e1,4.13,2.95,3.56,0.19
instance-b1851d7e-192c-41a9-88a8-899fedd564e1,9.16,2.95,7.97,0.41
instance-b18c7b00-bdfa-4dc6-a4c5-c56478585b91,0.54,2.95,0.38,0.05
instance-b204970d-98a9-4985-bfaa-abf91d862f17,7.43,2.95,6.99,0.15
instance-b23a4e60-c716-4159-9fa2-429d90dba90e,3.85,2.95,2.9,0.32
instance-b2792083-d994-467c-b833-47eb0a6cd47d,1.19,2.95,1.12,0.02
instance-c1d9bd72-e97c-4c5f-ab5e-9c8078fa29c3,12.91,2.95,7.39,1.87
instance-c1ec1a7a-5cfd-4a7b-9ea0-ec01e9a91ba2,5.09,2.95,4.08,0.34
instance-c83109f0-1331-4ec7-aa80-5b43d16ec19c,3.79,2.95,3.17,0.21
instance-c84f3fed-d208-437e-b961-6f9d33de53f4,3.13,2.95,2.88,0.08
instance-cac7f591-b00b-4389-bed8-c1be06b1477c,15.11,2.95,13.64,0.5
instance-cd222d46-be3a-4b5e-bc36-42e8db200d04,0.38,2.95,0.25,0.04
instance-d8880a95-13cd-4316-af91-cc70cbf7cae4,1.64,2.95,1.37,0.09
instance-e806be4e-32c8-45cd-b5df-a618280b6dbb,13.55,2.95,12.6,0.32
instance-f1421cfb-2a15-4f9e-a7d6-c01ee84260be,3.13,2.95,2.81,0.11
instance-f875d34a-3136-4a13-9147-37801d574770,1.28,2.95,1.14,0.05
instance-0136d126-a2ef-451c-b16d-1d48a5cad2a8,3.22,2.94,2.52,0.24
instance-01e00326-f0d0-48d0-b7fd-2c9edff56052,3.96,2.94,3.07,0.3
instance-033ffda0-2a66-4d89-94eb-6db9e11d4b19,1.98,2.94,1.91,0.02
instance-03b1db05-4efb-4506-aea3-eb485cf4e0f4,1.78,2.94,0.75,0.35
instance-03e015e0-7f32-43c0-b0d6-e0ad694afecc,4.4,2.94,3.83,0.2
instance-1178df99-2402-4bdc-94ea-aecb0aab898d,3.46,2.94,2.57,0.3
instance-209b1a06-0f6e-478f-96ff-bfdd6f3f70e2,17.62,2.94,9.13,2.88
instance-234fbdf0-68b4-4042-becc-a1d5f8521715,12.34,2.94,11.59,0.26
instance-23e238e8-b65a-4a70-8098-cec042ceb0b8,14.38,2.94,13.73,0.22
instance-2c0a57bb-ef48-4d96-bd7a-a39a1fbdc8f6,35.92,2.94,23.49,4.23
instance-3260e6b4-a721-47a1-94ed-3c1c99736766,2.62,2.94,2.04,0.2
instance-337a8481-b776-4a86-918f-587092be3326,3.01,2.94,2.61,0.14
instance-35aeb63c-11dc-4d52-92aa-f375c26d085c,1.01,2.94,0.93,0.03
instance-380f1feb-cd2e-4999-9069-ca2564eae02e,37.41,2.94,26.77,3.61
instance-38a0db2a-7d74-469a-800f-22b5dd45e6bc,15.9,2.94,14.93,0.33
instance-3c6073fa-0846-4357-bed9-e0931a6ff456,9.58,2.94,8.3,0.44
instance-3c8947e9-67b2-4d53-9226-a4a2266b7506,10.08,2.94,3.91,2.1
instance-5328a95a-f967-4d49-9d30-f78308e11232,14.25,2.94,13.29,0.33
instance-590e58ca-b1c2-42cd-9691-52e95f511bf9,4.01,2.94,2.83,0.4
instance-6afe1ca2-0a43-4e8a-b297-16e667f7b60c,5.02,2.94,3.18,0.63
instance-6d36dcc1-83ff-416d-9814-479f1e3ba706,10.14,2.94,7.76,0.81
instance-7302ea6c-566f-43eb-8b82-229074a2f896,1.68,2.94,1.48,0.07
instance-7c44644d-008a-4c4f-8e84-a2866f0e3d68,17.78,2.94,16.05,0.59
instance-83149b91-fc3f-4298-be1d-bda2569733f0,4.64,2.94,2.75,0.64
instance-862d2de0-81fc-404f-9ca7-c5dfd04fa0ea,53.9,2.94,41.29,4.3
instance-86706a6d-4fb6-4772-aec7-7fc0444ab402,4.14,2.94,3.27,0.3
instance-8ee4e9ab-ec73-4f63-b58a-58af2c656687,14.08,2.94,8.1,2.03
instance-9c13d690-466f-4fbc-8923-15b6af9e284f,1.91,2.94,1.49,0.14
instance-a852820e-edee-43a0-a4bb-cf5031275999,11.0,2.94,4.97,2.05
instance-ab423015-afad-4b55-93cd-a89412db49fb,5.45,2.94,5.11,0.11
instance-c14e3aac-f94c-4239-99f6-dbe562c567ac,5.35,2.94,2.38,1.01
instance-c3489093-fc56-4b8e-9167-9a031b18d2ba,11.82,2.94,9.55,0.77
instance-c745b789-a9bb-4e35-b714-bb16fb23e60d,16.66,2.94,15.81,0.29
instance-d1dc9646-8154-4a08-a021-6db7c6cc272a,6.23,2.94,4.91,0.45
instance-e3b274ad-8bb6-4ad8-aacc-23b30e5cb62d,9.23,2.94,8.48,0.25
instance-e6729df6-785a-4eb4-a48a-4129ddad28f7,5.05,2.94,3.92,0.38
instance-eacf5298-2d3a-4f9b-96b0-95f357797819,3.92,2.94,3.59,0.11
instance-fb7a7ad2-b0f7-4140-8d41-b542b9516917,2.67,2.94,2.12,0.19
instance-fcb6fe26-7bd2-4d60-a536-28a06714b199,17.62,2.94,16.47,0.39
instance-fddffdd2-3c07-419b-8ea2-36836f5a7d29,11.72,2.94,4.37,2.5
instance-ff44e910-5243-4904-b6c6-d5ff29540f31,2.67,2.94,2.0,0.23
instance-048a9cbd-e02b-4a46-8517-dffb8c5f14ea,15.05,2.93,14.25,0.27
instance-08b17dd5-eb28-4d11-a3b6-b3edb0b126ac,34.9,2.93,22.8,4.13
instance-15b0df53-09f6-472a-b488-e6d3abcdbbab,6.72,2.93,5.81,0.31
instance-168d6773-cb09-4166-abd6-7f54d9500370,15.08,2.93,8.08,2.39
instance-183112e0-c260-43c2-b0c7-dbb52d9a45e1,5.52,2.93,3.02,0.85
instance-1bc44185-a73b-4624-b5c8-11b870514fc4,15.24,2.93,12.56,0.91
instance-252380f6-94cb-48c1-b39c-aae411db8414,6.75,2.93,5.07,0.57
instance-2f33a00c-3c6e-4f6d-a341-cb69604be127,3.83,2.93,3.58,0.09
instance-3fe92ede-947d-41f1-988a-67b908494844,4.3,2.93,3.21,0.37
instance-47601f00-76ed-4a90-9815-5079ba03caba,3.3,2.93,3.05,0.09
instance-4997c4c8-353d-41f4-94cf-29c4cadd102f,1.6,2.93,1.31,0.1
instance-4eb57800-660c-42d7-b5bd-f59780b7e881,2.17,2.93,2.0,0.06
instance-5301a962-537f-4a06-827d-18ab6dbeb559,12.32,2.93,10.41,0.65
instance-5ce68a21-c0c8-46a0-8a17-0ac94dcb33f8,0.37,2.93,0.36,0.0
instance-67f95f4e-2985-4d51-8b39-cad77bac459b,3.02,2.93,2.58,0.15
instance-73dcad8e-d3e7-44ce-8cb6-07842acad98a,2.9,2.93,2.55,0.12
instance-7d1b4ba1-31c9-4a0d-b144-e5b0d471461a,2.77,2.93,2.09,0.23
instance-8cc1d9d0-50f5-4946-9143-00130533f779,15.79,2.93,14.88,0.31
instance-90b76381-1f15-4810-9e0d-5c53995d98dd,10.18,2.93,7.81,0.81
instance-959a66b7-2b9c-4a91-ab9b-2af6b394098d,2.66,2.93,1.98,0.23
instance-9b9ca2be-5094-4269-aa0a-dcce4add0687,5.49,2.93,3.61,0.64
instance-a1926945-1bdd-433b-a1bf-2918391604ba,5.63,2.93,4.47,0.4
instance-a43dd09f-759a-4efc-9560-dcc02368f08f,42.57,2.93,41.84,0.25
instance-a5ad5a37-b331-4c95-84a7-299d375bc42d,0.6,2.93,0.54,0.02
instance-ae2b6266-ba55-4848-9045-69e7c4d6cd06,15.46,2.93,14.69,0.26
instance-b2e93af7-83b4-490d-afd9-fe176075365d,8.36,2.93,6.46,0.65
instance-b582a8ad-57e7-4179-af7c-8d4617e84e31,4.42,2.93,3.31,0.38
instance-b82709ac-eb47-4982-86cf-44f864451fe2,4.67,2.93,4.23,0.15
instance-b854869b-8b56-49ec-8667-308a6154a207,8.66,2.93,7.87,0.27
instance-b9084c5b-4390-404b-8659-572594dfd67e,6.59,2.93,5.08,0.52
instance-c34d4e73-c128-44a0-97a1-e3befed44fed,3.14,2.93,2.81,0.11
instance-c513e050-c5df-4ce6-8254-3c8653007325,4.42,2.93,3.17,0.43
instance-c5686116-8ab2-4190-8499-0ccce1614665,0.89,2.93,0.79,0.04
instance-d592abd4-a68d-44e0-a683-b041912ac9e2,2.74,2.93,2.05,0.24
instance-d5ccdff4-af59-4c78-9deb-8160e6259666,12.98,2.93,12.02,0.33
instance-db9828f4-897d-4508-b45c-745531b37b88,23.32,2.93,14.97,2.85
instance-dec15fac-68b1-498f-a7ca-e10b174ba5b4,6.57,2.93,3.75,0.96
instance-e5270d00-d5df-400f-847b-c72aa963de8b,4.82,2.93,3.89,0.32
instance-edf5eb6a-ae34-4b59-b1f2-39538e2beb36,10.68,2.93,10.19,0.17
instance-f1fd85c1-42ee-4efe-9a5f-befab5a0a476,0.84,2.93,0.79,0.02
instance-f9227b2e-d5dc-46aa-9ac4-e5d9d1dec17e,1.86,2.93,1.55,0.11
instance-fb8599cd-7bcf-484d-9bc2-964581b39caa,10.01,2.93,7.73,0.78
instance-fc14af17-b1b9-4512-adcf-f4bf9385d8d1,9.62,2.93,8.64,0.33
instance-0eea9a1e-b1b4-4905-89b3-a2aececffd38,3.64,2.92,3.02,0.21
instance-10306cb1-6ae3-4619-99f2-25e6f750b11c,1.32,2.92,0.94,0.13
instance-1974a948-39d3-4865-90e7-737998765c3b,16.78,2.92,15.73,0.36
instance-1abec1ef-ff6a-4bab-8546-ca64dba6524d,2.05,2.92,1.84,0.07
instance-1cf70639-f435-4e18-bdbb-a6ec454c8f3f,16.08,2.92,15.46,0.21
instance-2de95b57-3c6e-43cb-a01b-d6eb634a6793,16.92,2.92,16.39,0.18
instance-3ff09eee-41b4-4ef4-a137-0b0eba589801,6.18,2.92,5.12,0.36
instance-41a8409b-2ae8-4b7e-b6bf-309e14283a66,3.95,2.92,2.83,0.38
instance-42151224-4dea-4ba4-99ec-d094f566ad7b,19.44,2.92,17.37,0.71
instance-44c45cfe-6b54-4625-8159-10e3eada9112,3.43,2.92,2.89,0.19
instance-53cfdbd5-1bdd-48f4-a991-3cdd27b5864d,17.53,2.92,15.59,0.67
instance-575a8e18-3383-4da1-8b6a-2720ffdf39e5,4.04,2.92,2.96,0.37
instance-58c432a6-8c92-4396-a04d-864fc32c445f,1.45,2.92,1.22,0.08
instance-5f949a12-7b10-4d6e-9e99-034b98bbe97d,18.95,2.92,16.47,0.85
instance-786c67b8-6884-48a0-8404-9793f7aa43e9,3.73,2.92,2.94,0.27
instance-79e9008c-5ce0-4864-a6c7-58211c890709,3.98,2.92,3.13,0.29
instance-830e1bf8-ff8d-4f12-897a-d2bf15f0c0f2,4.13,2.92,3.03,0.38
instance-866bb4f7-9733-469e-a910-ac1ea1d8c6b1,2.46,2.92,1.92,0.19
instance-8b4d4e44-a12c-4ff0-bf3d-22b92660a152,1.73,2.92,1.4,0.11
instance-8cfc90ff-380a-4145-9d11-e258332ae1cf,4.18,2.92,3.07,0.38
instance-94139f28-80b3-44b0-9d0c-d81562c31ce5,14.39,2.92,12.97,0.49
instance-967e8650-ed29-4bc0-92d7-fff158a49696,2.74,2.92,2.39,0.12
instance-a2889e73-a28d-484c-89cd-85476467f709,0.6,2.92,0.5,0.03
instance-a2930684-7f3e-4240-9e8f-f05ea4dea8de,16.57,2.92,15.61,0.33
instance-a5aef0ad-7ae3-4950-85b1-309d1468b1a0,6.1,2.92,4.88,0.42
instance-a7d980da-787f-41fa-9087-3aba8370fd3d,4.3,2.92,3.22,0.37
instance-a80547b2-d819-4271-95e2-b42b8ad6ccb3,4.19,2.92,3.0,0.41
instance-b719cf53-f39e-42af-8591-555e54ae41c2,3.95,2.92,2.83,0.39
instance-b7b9c742-23b8-4731-afe6-d69495704871,1.73,2.92,1.4,0.11
instance-ba12dab9-a9de-4bf9-9274-608dd1443851,8.66,2.92,7.49,0.4
instance-c83a1e99-c996-470c-94a6-2eedea7e5ac6,4.07,2.92,2.97,0.38
instance-c968eed8-158f-4f47-b7fe-a884faff7979,20.06,2.92,7.58,4.27
instance-cb93059f-919e-4a84-aab7-fcad0279561f,0.73,2.92,0.57,0.05
instance-d0b05137-e36b-4fe3-b013-98bdf5234d57,20.09,2.92,17.29,0.96
instance-d68e1786-a041-49ef-875e-e916542460d8,16.84,2.92,15.45,0.48
instance-dbfeb711-672e-4ffe-8ebe-bd345636c001,4.11,2.92,3.06,0.36
instance-e8a049fb-2e59-4bac-b843-83b830a1fbee,18.01,2.92,16.46,0.53
instance-edcdc6ea-aacd-48aa-bd39-202346ca370e,14.58,2.92,9.78,1.65
instance-f12bfa73-c4c9-49e1-8cee-0d49b3679456,3.96,2.92,3.69,0.09
instance-fa9ae7f2-3b09-4d97-9a0a-7d767c4edf84,32.14,2.92,28.02,1.41
instance-087e70ce-6ca0-4c49-b42d-c5a1b49ade4b,5.47,2.91,3.96,0.52
instance-101e61a5-22c1-44df-9882-19f082adf770,3.14,2.91,2.22,0.31
instance-26110941-9984-47ff-a55a-70cf971be221,2.52,2.91,2.05,0.16
instance-31ef69d6-b190-4c54-9017-5df683ec3aae,3.27,2.91,2.44,0.28
instance-37a6b962-57e3-4a1f-8182-50e812453d45,3.01,2.91,2.16,0.29
instance-4029c27f-981c-4ce6-bd4d-11b2d11e385b,4.14,2.91,2.82,0.45
instance-43611165-6459-4199-97ef-859e58002735,43.8,2.91,40.37,1.18
instance-48f51a24-87cc-41ac-9c22-bec87c774e8a,3.96,2.91,3.03,0.32
instance-4ef44bda-8f17-4109-beb5-755786627d57,5.25,2.91,4.43,0.28
instance-57287c0b-cf8b-4fc5-a8ca-b5aa18ba9f83,2.48,2.91,1.96,0.18
instance-5c19853f-959d-4620-aeb5-68617f95542e,1.87,2.91,1.78,0.03
instance-61477261-04ba-44eb-a6da-b5c090f66203,1.28,2.91,1.16,0.04
instance-7063118a-94d0-4b46-bb9f-f2818d5db826,17.61,2.91,10.22,2.54
instance-7187a9f7-3ad2-4205-a7bb-47d538566052,0.5,2.91,0.4,0.03
instance-75ae7e9d-f6ca-44df-88ce-988bfb542a49,11.48,2.91,9.49,0.69
instance-75c4f0bd-e8e8-437d-8571-f0ba120ce9bc,7.99,2.91,3.48,1.55
instance-75d646d0-9133-4387-b099-c360222b89d7,0.96,2.91,0.85,0.04
instance-77f13a41-7884-4f4e-a102-e4d965899ab8,4.6,2.91,2.82,0.61
instance-7ca6788d-ac11-40d0-a471-6421b1e7be47,4.74,2.91,3.42,0.45
instance-836caa31-9dff-4636-86cf-31c0e654ac69,3.35,2.91,2.59,0.26
instance-869793b4-d673-4a37-a9ac-ee45e731acb3,9.19,2.91,6.16,1.04
instance-95ca7acd-1fd9-47ea-9ffd-2a5593712208,4.01,2.91,2.07,0.67
instance-9722d950-af94-4cf7-92d5-abdbe72ca014,5.18,2.91,3.83,0.46
instance-9ab2f248-9f81-48fe-9bd1-04a84840f0de,3.3,2.91,2.41,0.31
instance-a99c378a-aa83-4e03-bdfb-3abb8c2b23f3,4.34,2.91,2.54,0.62
instance-aa9babb9-6abd-407a-ae3f-1790ae5d7e4d,20.17,2.91,11.45,3.0
instance-aed2630e-bc8e-4757-8ecf-01e94e9287d3,24.85,2.91,8.68,5.56
instance-bee1eb57-6bca-4de1-b9e5-09f66fd928f1,15.75,2.91,5.48,3.53
instance-c329df40-2fe3-4012-a4f5-2519590720de,3.17,2.91,2.44,0.25
instance-c4af8dd7-deb2-4a1d-a0ee-6224f03728af,4.94,2.91,4.01,0.32
instance-cf6d9157-f61f-4b03-9cf6-20573b90b414,0.18,2.91,0.16,0.01
instance-d02dea51-2ba8-4d1f-a9b8-3e98667a2758,20.54,2.91,7.23,4.57
instance-d6912222-b83a-4e04-8376-9217801dab97,15.43,2.91,13.98,0.5
instance-dcd70ff9-4601-4907-b770-56d2d58ab401,1.16,2.91,0.82,0.12
instance-f712a7a1-9da0-4588-a54b-690855c4f8ff,5.16,2.91,3.73,0.49
instance-f7d2928c-e17b-405a-abf1-c34206fd8845,1.51,2.91,1.27,0.08
instance-f9d45cb0-ecf9-4f5d-9b56-aa0e406cffec,3.45,2.91,2.45,0.34
instance-ffceabbe-9e87-4d0e-95b4-e8c9b5943ab8,0.98,2.91,0.74,0.08
instance-0075c81a-27d7-4bd2-b3f0-b106ce0ae4b9,11.67,2.9,5.93,1.98
instance-025b5f8b-d43c-4ece-a625-be092906dca4,8.9,2.9,8.28,0.22
instance-060898c0-9b88-4043-8191-7bab165350fe,1.93,2.9,1.73,0.07
instance-0bf58fa9-e7e3-459f-a47d-fe49abbaf591,3.17,2.9,2.54,0.22
instance-0c36864e-b282-476e-b783-0df8aa374571,3.87,2.9,2.55,0.46
instance-1083255c-7c8c-4672-afbd-587cdafecbd5,2.67,2.9,2.08,0.2
instance-1dc7ac54-6dec-44e7-b0c7-6b3bdd0ce0fe,9.49,2.9,8.58,0.31
instance-261da950-1aa0-4930-a971-1947ee857e77,1.33,2.9,1.19,0.05
instance-42c3a4d2-7b89-4311-a2ce-839f087bed46,7.02,2.9,6.25,0.26
instance-478ad504-0e43-4763-a6de-68b32c4b2ca0,3.18,2.9,2.76,0.15
instance-49ab2ca1-b836-4cbf-878c-d206826fbf65,15.43,2.9,9.83,1.93
instance-4b1bcab0-d33b-4271-b0ae-a5690689067e,2.21,2.9,1.9,0.11
instance-4fcdf216-7509-4730-9a1e-d949a691e024,20.43,2.9,17.5,1.01
instance-4fe35645-f3d4-4e68-aa00-b7bd40e45cef,3.96,2.9,2.87,0.38
instance-623175d7-7636-4828-b62a-0f37262f3ef1,16.1,2.9,15.2,0.31
instance-63011acd-1f54-412d-9d33-13485ec6c80e,10.25,2.9,7.9,0.81
instance-7a954252-58e2-415a-9dbc-304e510444c2,2.59,2.9,2.42,0.06
instance-7f82bd8c-dfae-46dc-82f6-e90d5fa9f893,1.39,2.9,1.16,0.08
instance-7f8a0dd0-963a-4c5a-b887-f1eeb8b364e3,4.17,2.9,2.95,0.42
instance-85eb8561-8565-4293-b288-6cefc0fc5b2b,11.02,2.9,9.33,0.58
instance-86e92bb8-b3a6-4105-adc3-1bb96080c253,2.35,2.9,1.99,0.12
instance-8cf78ff8-73c7-42cf-ad2d-894d8447553a,30.33,2.9,17.9,4.28
instance-93b4d137-b4db-4ee2-b34c-02ff595d905d,4.08,2.9,3.66,0.15
instance-94039ba6-e722-4485-a688-380e6b3cd11a,1.7,2.9,1.59,0.04
instance-944455ed-8f3f-40fb-93ed-79cdafc8cca8,7.59,2.9,3.58,1.38
instance-975d6aee-cb83-4ae6-ab51-428fa7ad2ce9,8.07,2.9,7.47,0.21
instance-9ad30cb8-b87d-4b0f-adb6-4375c63472fa,1.02,2.9,0.87,0.05
instance-9e19dcaf-2476-4c0b-a764-6abf220082a6,3.95,2.9,3.5,0.16
instance-a1361889-f503-4db5-878b-9e50de05aa1b,3.69,2.9,2.99,0.24
instance-a47f3808-c8d3-4b46-b09c-39b39aea3241,11.45,2.9,10.59,0.29
instance-b1d413e7-3858-4288-a802-8b41056bad19,24.49,2.9,21.28,1.11
instance-bb97309e-8c51-4af3-95c5-0c2314289231,16.61,2.9,15.82,0.27
instance-c530e1c2-f85d-4f79-b4e5-d000f0aabdff,29.34,2.9,26.02,1.14
instance-d6712479-aa36-4f24-b6c6-c98d9666a91b,10.12,2.9,9.29,0.29
instance-dfa543cc-892b-4eac-909f-0a1a67b1dc89,9.45,2.9,8.67,0.27
instance-e52a3eac-8338-4eb7-9db2-cfe9caed39c8,0.46,2.9,0.41,0.02
instance-ea037862-c6b5-45dd-af0e-0c6a90c13924,20.31,2.9,17.71,0.9
instance-eb19c185-3b05-4252-89f8-3185c20152c4,17.41,2.9,15.69,0.59
instance-eb69882c-edc6-4f93-918f-e3c1e5ea0cbd,14.15,2.9,13.26,0.31
instance-f5002299-ad0b-4c93-97c0-12483850a8cd,4.01,2.9,3.36,0.22
instance-f5b7c2e0-34c2-4415-bcd5-7a49592f4ba1,3.36,2.9,3.03,0.11
instance-fcd2b8bb-62d8-4cf0-b643-36621d04c3e9,2.31,2.9,1.84,0.16
instance-0027f0e0-7f79-4d73-809b-0fab2fc7784e,4.69,2.89,4.05,0.22
instance-02f55205-ec8b-4abd-b36d-a66bc30e3c04,14.93,2.89,11.51,1.18
instance-0a439636-85a0-4fe0-9ef2-993a3e240de5,3.64,2.89,2.84,0.28
instance-0cf0702c-9874-42cd-84fb-7bb5672fefe5,21.61,2.89,12.52,3.15
instance-0dd6cc7d-fa21-4cae-914b-c7fb4b6d7ba7,19.39,2.89,17.17,0.77
instance-1f5e3cdb-af23-488d-a07f-f5be00407dac,7.49,2.89,7.1,0.13
instance-2b6a77a6-39ce-45f9-9942-c7a1581bde0f,8.48,2.89,7.15,0.46
instance-3e5cca0b-39b3-4408-8016-b5d0ead57f64,14.87,2.89,13.11,0.61
instance-5211aebe-b4b0-458d-a2eb-6401233f2749,2.15,2.89,1.62,0.18
instance-5c48dbd1-225f-44a4-9528-a08f77c2130e,3.9,2.89,2.73,0.41
instance-66433e12-168d-4f16-84e5-03372a99a9b0,3.64,2.89,2.88,0.26
instance-78bc2e93-238a-475a-b805-28fed80d41c1,14.29,2.89,11.44,0.99
instance-7c56087e-131d-4111-9785-3fe579751c3d,16.1,2.89,10.42,1.97
instance-7c86dc5a-d228-448f-a305-2011e983fd07,0.76,2.89,0.67,0.03
instance-8145cfb0-09d6-4c43-b101-edbf4fba8cac,6.61,2.89,4.06,0.88
instance-84d896f5-78f7-4682-8108-fcc9e6307be2,5.25,2.89,3.93,0.46
instance-894c1ec1-6e4f-4ee9-a522-412a29dd3d9a,3.44,2.89,2.44,0.35
instance-8e0751b4-1214-4300-9e86-5ace1b2c342a,40.89,2.89,16.77,8.35
instance-95a3d4fe-2c47-423b-b683-06bcd8ef74f0,1.23,2.89,1.07,0.06
instance-addbc2b0-d431-471b-be51-e05aa10a7115,15.33,2.89,8.04,2.52
instance-b0f5a3e5-e2bb-4db9-8dae-5871d6c8a8c4,7.45,2.89,4.33,1.08
instance-b3ae3bf2-58be-4681-9919-f9b2e943f8e2,1.93,2.89,1.49,0.15
instance-b5eb35cc-4d51-491b-8bc5-6f9eec6b8ab5,7.0,2.89,6.07,0.32
instance-b78ff815-3c57-48f1-8d16-98bc8ba72500,7.99,2.89,6.35,0.57
instance-d390827a-284d-48ea-b691-42887df9a65b,3.1,2.89,2.26,0.29
instance-f1d70b09-ae7f-4096-aecb-fb540b42bd62,4.03,2.89,2.85,0.41
instance-08c060c6-bc7b-4855-a9f5-82da8bb7831d,44.04,2.88,11.86,11.19
instance-0a8be5be-7f9a-4bc4-b6e9-381c0a6d8bf1,16.83,2.88,15.8,0.36
instance-1521a8c7-f0a1-4b76-a587-18982f74d24f,5.71,2.88,5.28,0.15
instance-18efb894-dcf0-4fa5-8e62-5fbea6bd786a,5.96,2.88,5.32,0.22
instance-1c042965-86bb-4115-b1e4-993b363b26e8,3.65,2.88,2.28,0.47
instance-2183c39b-c3de-4424-8417-896a509fc4aa,4.04,2.88,3.16,0.3
instance-26bcd07e-a152-49b5-bd13-7c6ac522c1b8,0.5,2.88,0.43,0.02
instance-29d85c6c-7f2e-4eb7-ab7f-1c3032911162,1.41,2.88,1.11,0.1
instance-3dd8b62c-4695-42c6-a0ae-9a070593bf3e,2.01,2.88,1.52,0.17
instance-4520fec3-4507-44bc-8800-0a492c2ab603,9.6,2.88,8.25,0.47
instance-4afadb2b-3cb2-44df-9280-4f0c1962bf16,4.01,2.88,2.53,0.51
instance-57270ea0-6c12-45d0-9b66-7f7f273a8ea6,1.93,2.88,1.46,0.16
instance-5e9c6a85-71c0-468d-89e5-6e1289fed1c3,7.5,2.88,7.02,0.17
instance-697fa7bf-ed45-4058-990f-1eaca09afb12,9.25,2.88,5.89,1.17
instance-6f1c566d-8bc0-46b8-98a9-fe64bc7b331b,2.5,2.88,2.14,0.13
instance-7097fd42-3dd8-4292-b7a0-5709658b30d5,5.7,2.88,5.02,0.24
instance-743ce3d3-7532-4f24-9552-e054635b5815,3.49,2.88,1.0,0.87
instance-75d6040a-ff98-42f7-965b-f30a6acf931d,2.09,2.88,1.61,0.17
instance-79397862-f077-47cd-b7c0-c3dabf66886a,6.5,2.88,4.38,0.73
instance-808db5f4-9e58-435a-8fbd-8504acfa315b,6.71,2.88,4.4,0.8
instance-8f4c63dc-0f24-42c4-b1ca-4b84c9cb8275,3.95,2.88,3.06,0.31
instance-bd76bdfe-b5f9-48e1-bf9f-970d4387a0dc,12.72,2.88,5.46,2.52
instance-c5a6fe3a-d4b3-4b84-8e29-bba1897c0fff,10.06,2.88,8.75,0.46
instance-cd207dab-6799-49ce-b473-9de5cdb08152,0.96,2.88,0.82,0.05
instance-cd2f0a9c-e223-424c-8300-c2ac51d22240,30.85,2.88,21.27,3.33
instance-cffa72af-75bc-42bf-8fc0-cf44d3a40028,3.97,2.88,2.92,0.36
instance-d2f2292a-990f-447d-b74b-7a33b3a53fcb,18.0,2.88,15.16,0.99
instance-d5c71915-b134-4e1d-8234-76fd3b57be79,15.13,2.88,6.69,2.94
instance-dce62518-d6ec-49b5-96ef-177953b04850,6.74,2.88,5.84,0.31
instance-ebd3f2f5-d189-445c-a172-34522aad7e63,7.09,2.88,5.88,0.42
instance-ecb02208-c85b-4bf7-b3e0-456671522c28,1.62,2.88,1.3,0.11
instance-ed2ffb1d-cbd3-4253-a8de-fe2110e8cb26,2.69,2.88,2.07,0.22
instance-f1fb4cb3-fb30-4ac1-97ce-04234231c165,5.94,2.88,5.02,0.32
instance-f8943de6-e6f1-426d-b407-81009b5439a6,4.45,2.88,3.44,0.35
instance-01cf0796-97eb-436c-bc7c-aa6b2e4b99d9,3.62,2.87,2.75,0.3
instance-0b4623f7-7a8f-42a5-af4b-4ef92f094c2d,8.61,2.87,6.65,0.68
instance-0e916968-c215-41aa-bf29-59232af3e7b2,2.39,2.87,1.91,0.17
instance-146bf3d8-483d-4a96-a4d1-e2bb117fbbc9,1.41,2.87,1.22,0.07
instance-1ac9d7c9-8add-4830-b256-d0533deeffbb,3.31,2.87,2.83,0.17
instance-1d12444d-ff13-48f4-b87d-19af34195209,4.89,2.87,4.02,0.3
instance-2b595b6f-f738-49ac-bc8f-70e4287d3fbf,0.26,2.87,0.25,0.0
instance-38c03a44-635d-4cc3-a122-bdbe60f13f3c,1.14,2.87,0.99,0.05
instance-397d0f13-ac19-41a6-9732-6a7d777bb7a6,2.04,2.87,0.72,0.46
instance-3cb59af9-1bf9-4d3b-a290-faa54026641b,19.15,2.87,17.02,0.74
instance-41c0e8c8-9193-4423-bfb0-85f991a44da2,5.59,2.87,4.61,0.34
instance-457a2ebb-f569-4089-986c-bb451af3ba9d,4.23,2.87,3.21,0.36
instance-51cf53a3-5dc8-45a3-a297-22010cd9319a,1.74,2.87,1.19,0.19
instance-52f6dc39-d76c-4bd6-b40d-c655ff99c246,4.01,2.87,3.08,0.32
instance-536836b7-c8f9-440e-a3ff-c125a389a03a,8.08,2.87,6.38,0.59
instance-58f7db3d-4354-4e0d-a254-40b3b217d988,4.5,2.87,3.37,0.39
instance-5d6d12a4-fb41-4043-8d29-217e6e084061,3.96,2.87,3.32,0.22
instance-617c5788-a534-4a7a-a4c9-cd04e4bf76c9,17.13,2.87,6.12,3.84
instance-62338bcc-fbc2-48eb-a147-1c5f5b67c8a1,3.25,2.87,2.66,0.21
instance-62dab2fa-a134-4ece-8e95-d877310e33c3,5.44,2.87,3.37,0.72
instance-6bb96efb-2969-4a5c-b7e3-f9ee7b9c2e98,4.07,2.87,2.9,0.41
instance-6c707bda-0049-4f13-aa76-02ea33b79995,3.91,2.87,3.23,0.24
instance-6ed9f349-4302-4b40-807b-4f56b877d3a4,16.42,2.87,15.63,0.28
instance-7146b75e-7c61-4356-af6f-d6e3938853ee,2.61,2.87,2.31,0.1
instance-74710c71-47cb-4d51-a9e0-8c86da053308,6.08,2.87,5.67,0.14
instance-772b94a4-1411-409a-be76-1e217aeff663,12.93,2.87,12.01,0.32
instance-7b9997c8-b2a1-4f7e-8103-ca88e2070536,3.15,2.87,3.03,0.04
instance-81606531-0675-4cf6-ac18-2eb17a765b41,3.73,2.87,1.81,0.67
instance-8adc84ba-1f7e-4f25-ac3b-afbe3f797f19,3.91,2.87,2.85,0.37
instance-8b1a3b5a-f9db-44e0-905d-8012147b6c53,8.1,2.87,7.61,0.17
instance-9d5f3caa-c15d-4c74-bfe0-cfdd06688352,3.13,2.87,2.51,0.22
instance-9dd41b72-7b0f-43e9-9a0c-7db3d660de24,0.21,2.87,0.2,0.0
instance-ad7231e5-7294-48a7-8b3b-018fd6257e6c,3.7,2.87,2.9,0.28
instance-b1fddc3b-f47d-4948-b4fe-808a14af03d1,1.79,2.87,1.41,0.13
instance-b2057c65-1825-46ea-a497-2e3291738438,3.75,2.87,3.51,0.09
instance-b73ec455-9df0-48b5-aaca-5782fa296005,3.17,2.87,2.57,0.21
instance-c148e41e-0435-4358-99fd-ce3c5cc666cc,2.68,2.87,2.29,0.14
instance-cad38231-a47e-4062-8f83-4e2b78a95aff,17.05,2.87,16.03,0.36
instance-d3a6efcc-140e-498e-86ce-b9acc144ca4f,10.44,2.87,8.22,0.77
instance-d66e70b1-a2bc-4696-a569-bf6c622d1c58,11.68,2.87,3.64,2.8
instance-dfdda3ff-9504-4ae0-b2ec-be4c8a7d2edc,1.47,2.87,1.36,0.04
instance-e82b32af-f410-46d5-ab4b-c779d171f28f,18.69,2.87,16.66,0.71
instance-ee2bc68b-9d76-4086-821e-1f39bea11297,12.7,2.87,11.85,0.3
instance-fa770c33-b30a-41cb-8e7a-1298958d5e6b,16.67,2.87,15.4,0.44
instance-fde85a88-7abb-46f6-b8ae-28275a11c3e7,10.68,2.87,7.68,1.05
instance-0250a241-b2c6-4ad6-82bd-b2acc0c03093,1.17,2.86,1.04,0.05
instance-056c9b66-1b17-4d4e-b03f-a670068473b8,3.52,2.86,3.31,0.07
instance-06726751-b699-4875-b58d-0cb37c1e6e3c,10.03,2.86,7.78,0.79
instance-0d28d0c9-3c82-4c6b-b84d-a1bd10c75d77,16.46,2.86,8.78,2.68
instance-0fa18101-0e91-4ff8-a263-6c6e41cdb1af,4.61,2.86,4.11,0.17
instance-1a6bac94-678d-4918-864d-4566b99d85e7,0.23,2.86,0.17,0.02
instance-1e61d34a-3f53-431a-bfd6-41cf03e70b23,1.85,2.86,1.54,0.11
instance-3b1f2012-c0d2-4513-bd0c-910c30d4348c,1.77,2.86,1.47,0.1
instance-3d4aca19-3318-40ff-82b0-a2c2f5186c23,10.15,2.86,7.84,0.81
instance-3e6cf1d9-a0a8-478b-a0f6-f379621788f5,8.09,2.86,6.45,0.57
instance-4bfd3362-0a29-4df1-97d0-00ca114fb0ae,1.88,2.86,1.49,0.14
instance-56a1c8a3-4c6a-4056-a45d-6afd87336284,2.43,2.86,2.18,0.09
instance-5baf81e5-715c-47e6-8f88-1d0db65c842e,7.0,2.86,5.74,0.44
instance-668e8a4d-f5ec-405d-bca9-2a3ac4f1b8df,2.03,2.86,1.84,0.07
instance-66ae81ab-d2a3-4712-8298-fbf813740f43,3.74,2.86,2.97,0.27
instance-6d976ac4-5386-4c06-a466-ff3c6909fc05,0.28,2.86,0.23,0.02
instance-78660949-7e70-4f35-92f6-c2fccced3a53,10.31,2.86,7.91,0.84
instance-8673ff94-f4e8-48c9-b706-5876e015a5be,4.38,2.86,3.99,0.14
instance-870c4fe7-4fd7-4e08-8313-789c40158070,14.1,2.86,13.17,0.32
instance-872b3256-dd0f-4ea9-a4be-2829445925f8,4.31,2.86,3.01,0.45
instance-892e8465-53b6-4655-b9cb-0c2f407bf03b,4.71,2.86,4.46,0.09
instance-8d13d11e-fbde-4712-aee2-eb79753a9bb6,2.43,2.86,1.97,0.16
instance-a0f7b8b2-ae9e-43cb-a4dd-78551ac9851b,2.21,2.86,2.14,0.03
instance-a3c4b4c9-2d46-4edb-883d-9c08e5810a7e,5.29,2.86,4.45,0.29
instance-a451fd40-6e5c-4ced-8825-04d8aa486742,45.93,2.86,33.32,4.41
instance-ae89a225-2fba-4085-b151-ac5042fd781e,6.88,2.86,6.04,0.29
instance-bf1e793d-8167-4b22-80d5-e4871210ec2f,4.01,2.86,3.61,0.14
instance-bfb73d7f-b2ee-4462-8c97-1ec259a48d95,1.74,2.86,1.35,0.13
instance-c49b2d74-5ce8-4717-8d5b-32530a38fdbf,22.76,2.86,14.83,2.77
instance-c6e220f3-ee57-4fa9-b744-725c37e80ac4,4.84,2.86,3.49,0.47
instance-d3b74c32-9715-456c-8676-29d1f8d5d02d,9.58,2.86,7.51,0.72
instance-da46659a-b253-494e-8e1f-3335d7492698,5.09,2.86,4.47,0.22
instance-dcf8f8b5-efbe-4c35-b1bd-76c97ce74e0f,1.99,2.86,1.87,0.04
instance-e10beff2-1807-4357-9abc-9cc4c0a3d594,2.18,2.86,1.63,0.19
instance-ef00456b-d523-49f6-8eb2-ca90be5fcaeb,4.02,2.86,3.14,0.31
instance-f45ad5b4-e952-465c-9b9b-f1e7ea8e5ff1,4.25,2.86,4.06,0.07
instance-00dd6886-6a43-4736-9d27-530b5e50c2f9,5.86,2.85,5.16,0.25
instance-01a48c98-3511-4d91-a838-abfe7e9f6121,7.19,2.85,5.85,0.47
instance-0438b667-eb86-4d20-a763-fd306e43595d,2.23,2.85,1.72,0.18
instance-0b659f21-8c0d-4f4c-a483-5f65d66e3780,17.08,2.85,5.32,4.13
instance-129ad074-fb0f-4dc9-9796-48f823d2de40,9.88,2.85,7.88,0.7
instance-179207f5-38db-4d13-8ec3-87f4177ee794,4.51,2.85,1.48,1.06
instance-1d3bd1cb-959f-4936-9bdb-369d86620f04,2.41,2.85,2.29,0.04
instance-1e9f10b9-cc4e-462c-8d16-60fa4b723718,4.26,2.85,3.19,0.38
instance-23fd28e7-b17e-41eb-8075-0e663f60ab72,16.82,2.85,16.09,0.26
instance-28576666-3d12-4c48-9ec7-dd2b255872b4,6.06,2.85,5.02,0.36
instance-2f2b40a5-815b-46d0-b136-40d09f221f3c,3.65,2.85,2.85,0.28
instance-303aaa79-3266-4a26-b9ea-5f128df7b2df,11.98,2.85,10.98,0.35
instance-34247bba-d397-400e-babd-b89dadff3f6b,12.86,2.85,6.86,2.1
instance-3f00f85b-81d8-4dae-bc5d-f3fd0c0bafaf,0.58,2.85,0.51,0.03
instance-41b9b7db-4e24-4398-9eec-07aa9f3cb5e9,17.55,2.85,16.58,0.34
instance-420c3d30-db57-466c-8270-0d9d56ca0444,4.41,2.85,3.37,0.36
instance-4c5a82f5-b3a9-4449-9506-c181894c8716,3.79,2.85,2.57,0.43
instance-5b1d0b8c-4f03-40fc-ba7e-f37c13491f27,4.08,2.85,3.04,0.36
instance-5d6224a3-14b6-4a69-862b-c077e9425edb,2.55,2.85,1.87,0.24
instance-5da95f40-8d6d-47aa-a88a-dc33589b8d09,6.55,2.85,3.7,1.0
instance-607303ae-bb4e-4637-8f0c-2f0f3e96dcf6,14.0,2.85,12.89,0.39
instance-60d94414-49c3-4d0f-8b8a-f18ac826cae4,17.24,2.85,7.39,3.45
instance-623912b4-ae32-45d9-9b5c-5e0ab973ce91,1.44,2.85,1.41,0.01
instance-6ff121d8-933d-48d9-b701-8a3fe298a5bf,14.19,2.85,10.82,1.18
instance-7334cb6a-c240-4ace-b042-d9f2d2348b59,3.11,2.85,1.98,0.4
instance-73c840f1-5f8d-4297-a835-3d4e27eda540,3.53,2.85,2.44,0.38
instance-89a1c85d-e57c-49f1-a229-a3626f6de27d,31.63,2.85,12.47,6.73
instance-8cd5552b-801d-4ba3-bc39-37fb89fda276,3.3,2.85,2.53,0.27
instance-9a2c60bc-8476-4871-bd1f-b8ad83f4454b,4.53,2.85,3.32,0.42
instance-a09881e8-7c39-40b3-a341-df74d4540261,3.23,2.85,2.54,0.24
instance-af1d6013-40e1-474f-8c76-901755ad6b1f,9.74,2.85,6.87,1.01
instance-b5ccd9df-c8e9-4960-b91b-53bca0d9f5c1,2.75,2.85,2.41,0.12
instance-be48a84a-15f9-4927-9520-5053a0c3e69b,4.72,2.85,4.11,0.22
instance-bfe0af0c-2928-4f6b-bc4b-20990592a540,18.8,2.85,8.3,3.68
instance-c6322c07-ba44-4300-9112-5149351aa4ba,8.2,2.85,6.45,0.62
instance-c700e184-561b-4a91-bdb2-d6efe64a7d85,50.02,2.85,35.14,5.22
instance-caa9e7cb-3a1d-484f-a77e-ef829030d103,8.4,2.85,6.44,0.69
instance-cbcf7f70-32f0-48c1-9950-00f498a3a361,2.29,2.85,1.09,0.42
instance-cd98c7bb-8373-4625-9179-6de368a3c03f,3.44,2.85,3.08,0.13
instance-cdd74595-6486-4976-9a49-facd293c449b,12.23,2.85,2.16,3.53
instance-d713fcf4-8ddc-48e0-8d14-30d76ec402d7,1.85,2.85,1.72,0.05
instance-d81589db-e078-437d-ad46-f74d8357d5bb,5.16,2.85,4.68,0.17
instance-def64969-190a-43fb-88d5-a673a12e7ffc,6.26,2.85,5.67,0.21
instance-e67987d5-5557-47cd-9768-87b91e12173e,2.33,2.85,1.95,0.13
instance-e7afe6e3-bad3-4ce9-a364-11b72ba1f0c3,6.47,2.85,4.28,0.77
instance-ec488a9a-f147-4306-a07e-dc0dcc2c7e35,16.66,2.85,15.81,0.3
instance-ec52d173-8123-41eb-8301-da8e8387e791,40.53,2.85,5.53,12.27
instance-ec771cf2-965c-4d8a-ba52-90c7877f5cee,0.16,2.85,0.12,0.02
instance-efc91db5-2196-4873-8254-bbb1937db97d,19.33,2.85,18.28,0.37
instance-f5eec21e-2373-4fe7-89de-3647785626e0,4.76,2.85,2.91,0.65
instance-f683c535-5b93-4880-84fd-d2404a5a6ca2,2.7,2.85,1.79,0.32
instance-fc87b92d-029f-404d-b672-e15347d605c7,9.51,2.85,6.7,0.99
instance-fdd978fe-1657-4b01-90fe-8b476c32b55d,5.94,2.85,4.27,0.59
instance-013e5ea9-5831-4575-aded-ead4d412e9ef,0.13,2.84,0.12,0.0
instance-054475bf-878c-43b6-98fc-e02cb4ec1be0,1.49,2.84,1.25,0.09
instance-06fce3e6-9f90-4b4e-ba04-7868a35245d0,17.44,2.84,16.35,0.38
instance-0c7a7fa5-ca3f-4438-9f06-fea350cefeef,22.36,2.84,21.93,0.15
instance-11849733-79c2-4437-bf6f-6b03e741eb96,4.16,2.84,3.09,0.38
instance-203503a6-81fc-470d-b95f-983fc0bdfaab,15.79,2.84,11.05,1.67
instance-23aafb2b-15aa-4889-ab76-28bbd77596bd,5.06,2.84,4.33,0.26
instance-2556484a-1534-47ab-9f44-783db3f5c094,17.03,2.84,15.45,0.56
instance-2b6af059-a0f1-4f18-9fe8-864d59dc16bc,8.64,2.84,7.18,0.51
instance-2bcc5b90-48e1-4952-b410-83680ba3d81d,2.38,2.84,2.06,0.11
instance-30959e9e-3aaa-4d5c-a7b4-e5a9ead6f5cd,9.07,2.84,6.55,0.89
instance-355a5a3c-b1db-40b1-af97-b71790d79529,8.69,2.84,7.97,0.25
instance-4248bd50-4b43-45bc-af3e-3c843d3ddbb9,9.97,2.84,2.09,2.77
instance-4b042685-f06d-44f8-ba1b-a29135cc47b4,4.22,2.84,2.97,0.44
instance-4e173a31-1ccb-431c-a3a6-8dbc3612ecc0,4.56,2.84,3.49,0.38
instance-50cf2e54-1098-4640-982d-858f199a91e0,12.29,2.84,6.99,1.87
instance-5332cdbf-e84d-4eab-80b9-6b0ea0be0b5e,16.08,2.84,15.66,0.15
instance-5fb2eef3-2002-4252-b288-8d818fd3ef8b,5.31,2.84,3.89,0.5
instance-626f7213-56a9-413f-a1e3-429d72f0cc13,1.25,2.84,0.98,0.1
instance-6907385e-527e-4816-ace3-5f0b4ff4eee8,14.69,2.84,8.17,2.3
instance-6bb1c6be-5bec-4a89-b033-5fd8c4e285f1,3.75,2.84,2.82,0.33
instance-6e8009e9-5caf-4c58-9cbf-c2aaedd4d7b1,2.7,2.84,1.85,0.3
instance-6ea644ca-52b9-49f8-980f-3fe9caea731a,5.09,2.84,3.88,0.43
instance-7c50739f-4e77-4665-83f7-e508fc6e08a9,0.31,2.84,0.26,0.02
instance-7d343d4b-25c3-49dc-8a15-3d934b8f61eb,12.87,2.84,4.87,2.82
instance-80795190-b828-4d14-b3c6-8723e0042f2b,1.03,2.84,0.81,0.08
instance-811b2c86-d679-45c9-a28b-9ffb31c3e13c,2.33,2.84,2.21,0.04
instance-81a9d8bf-47ef-42e0-846c-35082e456ce0,2.71,2.84,1.58,0.4
instance-8292396f-ef0c-4794-9fa0-99a01f0f2cd8,15.65,2.84,8.6,2.48
instance-82d43021-db0f-42cb-8b5b-1746e5a861de,16.18,2.84,15.42,0.27
instance-83dd36ba-fafa-4474-a877-c46e3905e290,1.82,2.84,1.66,0.06
instance-9801cd2d-16d2-4378-8891-09ba3b9c9ddc,13.06,2.84,11.36,0.6
instance-aa68a4ea-14df-4714-be96-d0eb7b876358,12.28,2.84,5.15,2.51
instance-b0a987bd-7bb5-433c-a135-a63c572c36d8,24.93,2.84,12.29,4.46
instance-b47e385c-ead3-4a3a-bbe0-dff2008b8d75,4.21,2.84,2.89,0.47
instance-b7990eb2-c130-41bb-9219-b8268747f9bb,9.2,2.84,5.77,1.21
instance-bbffd6b6-0e9c-46dd-9008-0cc097987b8e,5.03,2.84,4.35,0.24
instance-c8f761a0-0374-4dc9-a971-efbe95d4ee3c,0.19,2.84,0.18,0.0
instance-c9871e10-8acc-4c66-93a5-b79a64474de3,5.37,2.84,4.94,0.15
instance-ce99ca44-127a-4915-8533-81422b9e75ac,2.6,2.84,1.42,0.42
instance-d28fb926-ef3d-4703-88c4-f16124b75392,42.24,2.84,38.09,1.46
instance-e0805664-efa6-4c8d-bb77-8ac612c25125,8.07,2.84,6.36,0.6
instance-e2b5e20a-cb79-440f-af85-aff6c2a5969f,48.82,2.84,44.39,1.56
instance-ebaf88f2-1062-4958-8743-2d425487a77a,0.28,2.84,0.22,0.02
instance-effae706-1d3f-455a-bf28-da2e2427be79,8.41,2.84,6.46,0.69
instance-0ba3a591-99d7-4d35-8c04-96d64391783c,14.52,2.83,13.78,0.26
instance-10f3c1f3-22e0-4f28-b677-0311cd92843f,3.03,2.83,2.23,0.28
instance-1b553dcb-eab1-4b4b-b9f1-c59e46d61790,3.92,2.83,2.86,0.37
instance-1dfc5e96-2cfc-4d4e-88e5-1c24383cd563,3.66,2.83,2.82,0.29
instance-1ed426b9-965a-4ea5-addf-f922148f986a,1.78,2.83,1.45,0.12
instance-254575b0-d4b0-42a7-93ac-b4452a9dff66,3.88,2.83,2.94,0.33
instance-2911029f-37e3-451f-95bc-4c90fe86d6ce,10.09,2.83,8.02,0.73
instance-36a19de8-e700-4e4b-bc2e-f582fd1a57d9,2.69,2.83,1.85,0.3
instance-38b653c2-5bc9-43fb-a59f-f276172e8222,16.84,2.83,15.82,0.36
instance-397f2b6f-88c2-48ad-a450-e1029dbd2d1b,3.39,2.83,3.18,0.07
instance-443b7e8e-c79c-48ec-a512-f9231312375f,1.48,2.83,1.09,0.14
instance-44836499-9c69-4056-999d-1ed42a198f98,12.18,2.83,11.23,0.34
instance-4dddf9ba-4ebf-443e-8167-8ea0f7810f43,0.75,2.83,0.37,0.13
instance-4f7905a1-9147-4d2c-a852-702ebc11f218,2.69,2.83,2.34,0.12
instance-54a18102-7516-4975-b1d1-9850b323e617,3.62,2.83,2.94,0.24
instance-54eec3e1-4b6a-41fd-830c-2b490949fb7a,1.27,2.83,1.09,0.06
instance-591ad0df-2284-4226-a3d7-d29d0edf8b6b,14.76,2.83,13.08,0.6
instance-5ae35241-25dd-4d81-876d-0269aef2d94b,2.31,2.83,1.92,0.14
instance-5e40c875-be2d-4756-8b03-29cb09fc3f7c,16.48,2.83,5.66,3.83
instance-60929de7-0833-426d-98c2-b3b89794e1f9,5.53,2.83,4.57,0.34
instance-7692b99e-202d-46cb-8983-d99ec39cf683,2.61,2.83,2.34,0.09
instance-80720414-a126-49e0-9144-076975a824a6,54.81,2.83,25.5,10.37
instance-85051f16-fe5c-4fe0-b720-d23ca6685f68,2.52,2.83,1.6,0.33
instance-8858a58b-cefc-41ee-996f-bb499ecb10e5,20.52,2.83,17.79,0.97
instance-9003fba4-b109-4af3-8122-30584e55733b,5.09,2.83,4.83,0.09
instance-91056b6e-8394-4d08-b084-acab2fcb1c6b,2.4,2.83,1.8,0.21
instance-9d40726b-cdd1-4de5-8908-4a9e124bd4cc,16.18,2.83,15.34,0.3
instance-ad19c093-f0a7-48f7-a466-ea101e1aa168,47.28,2.83,36.47,3.82
instance-b806ff24-e100-4500-a0d8-bf1c3a9ff201,19.12,2.83,16.94,0.77
instance-ca7c5108-1773-4f85-9d51-1e2ea5543da1,2.9,2.83,2.31,0.21
instance-d158204a-a19c-437f-8ab8-42aacf5ccf2c,3.6,2.83,2.67,0.33
instance-d2b26ce9-ddbb-44ec-b82b-3ae13f8d0673,11.99,2.83,6.54,1.93
instance-d7b61d31-783b-486e-bfb3-d4352bf1218a,8.01,2.83,6.07,0.68
instance-e0e04bee-907b-421c-a25a-2cf3309e2892,100.0,2.83,27.89,25.51
instance-fbb30f49-430c-4185-931d-f4c6868bb12f,4.3,2.83,3.36,0.33
instance-fd61548b-9e21-4f2b-8a1f-91ba3cf7adf5,2.71,2.83,2.5,0.08
instance-051cf0a9-27a9-4c68-b18a-685223deac3b,4.69,2.82,3.88,0.29
instance-0f8f21cb-a522-45af-98e6-ebf9e381df01,3.41,2.82,2.52,0.32
instance-1930b312-4695-4df3-b080-778cce06ce36,10.27,2.82,8.02,0.79
instance-1dded4c5-9fac-4927-9a45-02e711b43e07,8.29,2.82,6.6,0.6
instance-29a99ba0-b6ca-4702-b8bb-1f600593c17a,4.44,2.82,3.44,0.36
instance-3e32f50c-385f-476b-ac1e-6e543d0307f7,5.27,2.82,4.27,0.35
instance-3f330344-2f52-4b2c-9de8-365887fe4ef2,4.44,2.82,3.1,0.47
instance-504e8be0-6718-4989-b8ab-ffa44137bc23,3.23,2.82,2.83,0.14
instance-604fbc1e-36ff-4004-9599-2fe2be2dba50,17.37,2.82,13.46,1.39
instance-612a92d7-7b5a-4a3c-8616-aa8f25ac36ba,2.74,2.82,2.45,0.1
instance-6326ed23-674d-4b61-be9c-9dc929a005e7,15.32,2.82,9.85,1.94
instance-643d030b-e9b6-48c6-ad5c-f68ac3ca5588,1.9,2.82,1.54,0.13
instance-6ec4c431-9a66-494c-ad7a-ed28d28b5d09,2.18,2.82,2.0,0.06
instance-735b70ec-ed92-4df0-958f-0dbd023f22a4,12.08,2.82,10.97,0.39
instance-814a5a23-3350-4d8c-b196-b698a4fc8258,15.85,2.82,8.96,2.45
instance-871c425d-b008-45a7-b890-d8bc906d4379,9.26,2.82,8.59,0.24
instance-909a3370-e1c1-48ad-b5e8-f2278894510e,3.73,2.82,2.94,0.28
instance-947a5408-97d5-4f8a-91e9-cccaad4eaf36,3.78,2.82,3.55,0.08
instance-a6ccca5d-6e6c-4a20-915e-aca670afdfa4,1.38,2.82,1.23,0.05
instance-a9315908-343a-404b-884f-f49db5d98586,3.62,2.82,2.81,0.29
instance-a99418e3-e50d-419e-8685-27a534152608,10.95,2.82,5.02,2.11
instance-ac5cfe78-3795-42d5-8052-87ca5d337031,1.89,2.82,1.23,0.23
instance-ad1b1d65-4b7c-4102-89c3-c6d5f470309d,4.02,2.82,3.54,0.17
instance-ae95157b-0894-4d91-b86c-bae799014e5e,4.06,2.82,2.99,0.38
instance-b4059cb3-e16b-431d-8d1b-66cca7655d32,0.97,2.82,0.85,0.04
instance-c1c468a2-f88f-49d2-bb90-c8138f7953e1,3.66,2.82,2.97,0.24
instance-c2897ce1-9533-41fa-9639-c3e1958441f0,5.64,2.82,3.79,0.65
instance-c8d6457e-8408-4ece-8e1b-5d1f895ae1f9,19.91,2.82,18.18,0.61
instance-cceb2a14-8b55-4b7d-a8eb-85477e2e4e26,2.25,2.82,1.67,0.21
instance-cf1b9424-8ee5-4162-b6b6-677c7174d48b,11.75,2.82,10.55,0.43
instance-d75eda2c-6fbd-4448-b523-4d4daee878a9,6.42,2.82,3.29,1.11
instance-d81aa407-822e-4d00-9f61-0cd8531aa5d4,3.73,2.82,2.7,0.36
instance-d9264c91-e437-4eeb-952c-62ea283be215,4.34,2.82,3.93,0.14
instance-d986775d-38e2-46ca-bb4e-87b6463dda76,39.43,2.82,11.11,10.06
instance-dc4a19e7-1e08-42ee-9379-fbfce1cde08d,1.01,2.82,0.67,0.12
instance-e411e01f-e9a6-4054-b862-3e0c612e4ce0,13.86,2.82,12.66,0.43
instance-f0f87161-0681-4c3d-83e5-d0b3fa946de3,2.33,2.82,2.16,0.06
instance-f40e82ae-6beb-4319-8e76-bf2dda38f450,9.84,2.82,8.76,0.38
instance-fcf13346-41e0-4dfd-b198-1a2d7658e2a8,3.12,2.82,2.93,0.07
instance-fe29c1df-def1-4d51-af55-bb1730dd331d,2.57,2.82,1.95,0.22
instance-01440030-8cc9-44e9-bb5e-6f07c047a17f,3.58,2.81,2.49,0.39
instance-03b3674d-b904-4efa-a880-2a3249e0d055,4.39,2.81,4.18,0.07
instance-046e2f7d-f1c6-4e22-b5bf-57f46f9305f2,3.58,2.81,2.93,0.23
instance-0a08403f-0631-4628-9adb-6f3cad230421,6.94,2.81,5.73,0.43
instance-0c0bfa88-ed38-4cb9-8583-6e7887e54264,8.34,2.81,8.0,0.12
instance-10fad043-3c5a-4ce3-b89f-7fa3e6d88d43,2.56,2.81,2.28,0.1
instance-11601444-9a07-44af-b5cb-7251308acd9d,4.84,2.81,3.03,0.64
instance-17edabb2-4e29-4eed-8741-f756061acd47,2.53,2.81,2.13,0.14
instance-1a58e4fa-011e-45b2-b6e3-0b60874d3e22,26.67,2.81,11.24,5.5
instance-1b33e900-7e69-4175-8e50-d9d1e2858884,10.3,2.81,7.95,0.83
instance-21f1849d-0de5-4526-a9c6-d5353944827b,15.25,2.81,9.87,1.91
instance-22f1e1d9-cdd7-4bd1-af01-5ab402ea7eef,1.23,2.81,1.0,0.08
instance-238359f6-ba3e-4680-b6e0-d91d7b2f9d61,3.52,2.81,2.68,0.3
instance-2a9ec361-4f14-483b-ac1e-7d7fe1b1e56c,12.91,2.81,11.82,0.39
instance-2c0dd2e2-3ee7-4112-9731-d0c239d6e7e6,2.61,2.81,2.41,0.07
instance-2e232a73-c1cc-4b14-bfa2-1b2d844467c0,5.81,2.81,4.92,0.32
instance-33ef1e29-bfe0-4dcf-855a-c1018d05c7e2,1.78,2.81,1.4,0.14
instance-36184b9c-a417-43d1-839f-7a0f8d09b8e5,2.76,2.81,2.36,0.14
instance-39cde0e1-93d5-40fd-9ffe-05e8ad9913c8,9.09,2.81,8.35,0.26
instance-40f01783-a6ac-4791-a3d1-14115f7028fd,13.56,2.81,12.34,0.43
instance-4e8996ed-cbd5-4746-a4a2-03171e81998d,7.1,2.81,6.72,0.14
instance-5210ea1d-86cb-4fa2-b2e5-4a6c2f7e2ec4,3.17,2.81,2.84,0.12
instance-53424325-f798-497c-9efd-694b0d587c03,3.2,2.81,2.86,0.12
instance-6c09089f-e87b-4b7d-832b-4fe1c36869d4,5.1,2.81,3.77,0.47
instance-766083f7-df26-4f1d-97e5-58a0a4d4f1bd,7.97,2.81,3.34,1.65
instance-8a66b210-292c-4436-b2b2-1d5ad217a797,2.58,2.81,2.0,0.21
instance-90349595-3d40-4083-b7a7-35a98cbb8f19,0.68,2.81,0.6,0.03
instance-90510919-57bf-4ca1-8cee-ad6f1f57837c,5.41,2.81,5.25,0.06
instance-950566fd-cee7-490c-8c28-5f92baca27eb,19.55,2.81,15.82,1.33
instance-95ea7ffb-e1cc-4f54-978d-7d56d6d24086,6.52,2.81,3.24,1.16
instance-98c9a812-c526-4178-9a7d-833af5040aeb,3.93,2.81,3.77,0.06
instance-a07b33a6-7474-421a-a73b-0c443d21ab9e,1.51,2.81,1.25,0.09
instance-a19e1b3f-b5e7-4ef9-9261-a3f1de676b22,1.82,2.81,1.47,0.12
instance-a3c40a48-8f51-4532-87a8-3d329f567b0f,10.83,2.81,9.75,0.38
instance-a712ce0a-c5ee-4913-86ba-d010093a2ff6,3.99,2.81,3.65,0.12
instance-a7fc48f4-0f07-4f34-8bbc-384c9b912af0,2.67,2.81,2.13,0.19
instance-a8757c20-15fb-45c9-b3d4-6aea8c99dde6,2.54,2.81,2.21,0.12
instance-a91a453f-8ff8-49e0-80fc-0565eba78dd7,3.38,2.81,3.16,0.08
instance-ab2ca118-9542-49b1-8eab-3fa7084b4f15,3.1,2.81,2.44,0.24
instance-c04250f0-55cf-4a4e-98e3-8f2856ecba84,14.93,2.81,12.03,1.03
instance-c4f06c7d-e633-4031-b7f0-d10a924454df,0.99,2.81,0.82,0.06
instance-d3f74f8e-dfde-40cc-b800-b475db1ff727,14.23,2.81,9.7,1.61
instance-d9c2b26d-25da-4baf-99a2-d6c4552cfa40,4.2,2.81,3.61,0.21
instance-dfae3c1e-9bd6-49e1-bfdd-35c7029f9c8f,3.73,2.81,3.37,0.13
instance-e66399de-ac49-47fa-94f7-c10ffef5b965,0.78,2.81,0.71,0.02
instance-e716632f-8255-4aa4-b422-e47ed8e2b0a5,4.62,2.81,3.0,0.58
instance-edc6dcbc-9569-4ee6-badc-608bd9a17c87,11.52,2.81,10.95,0.2
instance-ef8e20ef-ad17-49e3-85ce-3097e7eb74f5,30.21,2.81,12.25,6.39
instance-f0b82a25-79c2-48ce-84df-505df687946b,2.53,2.81,2.27,0.09
instance-f645c155-d3de-4edd-b579-ad2e880cc5d4,3.8,2.81,3.0,0.28
instance-fe39b030-173b-4fec-b9f1-9137b6f91e97,1.39,2.81,1.3,0.03
instance-01dc7021-7973-4391-8ff4-304398ed5840,1.71,2.8,1.43,0.1
instance-038f5cf6-888c-4332-be40-e8df99cd0215,9.5,2.8,8.22,0.46
instance-0887874f-c5a1-4b00-b13f-f9470cb138e2,9.78,2.8,8.36,0.51
instance-109b5ee3-dfba-477f-aa5e-2885fa89b1c0,3.61,2.8,2.78,0.29
instance-11b4a2fe-44d5-4696-b6cf-a4fd95a61c71,3.21,2.8,2.98,0.08
instance-18e74fcf-42f5-43bc-b151-b1d367c45611,0.97,2.8,0.74,0.08
instance-19021939-34ef-42e9-8ea6-12936334ee34,15.45,2.8,13.15,0.82
instance-2b182843-e7a2-4294-9027-1bc5152f53de,2.25,2.8,1.57,0.24
instance-2e5a9161-d26c-4076-895c-6f9c35e007ec,3.4,2.8,2.66,0.26
instance-36f94ddd-66d2-45d6-97a9-5d19175b6a55,1.84,2.8,1.7,0.05
instance-3fcfd82f-5734-419c-875d-b0ca1e620c5d,2.98,2.8,2.31,0.24
instance-452bfa9f-95d3-4aa4-b315-77fb6ec27702,3.84,2.8,3.0,0.3
instance-4955f324-7d36-4d30-bc91-417632a1508d,18.37,2.8,16.37,0.71
instance-4b20f991-e9f3-4b9f-8d23-60876ee0acd0,18.71,2.8,6.87,4.23
instance-4ecdb943-a7c7-42f0-a973-43e81b7c2b0c,13.91,2.8,12.97,0.34
instance-5bd472e0-da2f-47e6-85f6-b3518adb1d02,2.57,2.8,1.97,0.21
instance-5d9fc8b0-ec8a-46ee-bd21-a650074b3431,4.46,2.8,3.44,0.36
instance-73187dba-320f-490a-88ae-f0878b48b8a6,4.52,2.8,3.48,0.37
instance-8953c0d3-10d9-40b3-a704-30e0badf0aea,26.88,2.8,5.47,7.64
instance-896535a7-2461-4b80-9f1b-db4ef2eb1797,3.05,2.8,2.38,0.24
instance-8c71c26e-3afb-42f3-bf41-7954eb2a0590,5.53,2.8,4.58,0.34
instance-8d512550-15ce-4fd8-bb40-7f4e45d135ee,2.57,2.8,1.97,0.21
instance-90a9325c-0a8e-4104-8f1e-da574f1905ce,1.44,2.8,1.26,0.06
instance-95dd10ae-127c-4357-bba5-21e3823a890e,36.91,2.8,9.61,9.73
instance-9d389ba6-0878-4e18-baf2-fbe9c493c66d,14.58,2.8,13.7,0.32
instance-9e524a8e-97ea-4573-bb98-f23bf49509e9,15.55,2.8,14.63,0.33
instance-a04a110c-0a22-4190-afbf-94d60fdc3e10,16.69,2.8,15.8,0.32
instance-a494a3f8-f64c-40ea-a6f7-07861b0195b7,3.8,2.8,2.64,0.41
instance-a7153afe-c729-4ccf-9f7a-47ee2b505ca3,16.42,2.8,15.23,0.43
instance-ae2d7c98-6d79-45a2-ac6a-4a55439a2463,1.85,2.8,1.73,0.04
instance-ae906797-5676-4f1e-af90-d4f1e6bd2e3d,3.91,2.8,2.94,0.35
instance-bc1a0ce8-4732-47ab-abef-ad2e477c0ea1,4.12,2.8,3.07,0.37
instance-bccc14d9-9b74-467c-95b7-79a5d8546e88,8.59,2.8,7.82,0.28
instance-bcf25bd6-495f-4017-9ba9-e66705175c4d,17.38,2.8,15.92,0.52
instance-ceaedfc3-9f9e-47c0-91e1-0f2aca75677d,4.6,2.8,2.67,0.69
instance-d46995b6-35a4-4939-afa4-7356f3aeace9,5.64,2.8,3.47,0.78
instance-d524d0c5-3500-4012-ad7d-cbd5a8bf2a90,18.21,2.8,9.04,3.28
instance-d760c288-1242-4287-bd14-66ea9591d388,9.12,2.8,4.51,1.64
instance-da1a1f7b-05ed-4f08-9fd0-efbcfa7134cf,76.39,2.8,31.28,16.12
instance-df3a7758-089d-4dc4-a1dc-af8b336ea8be,21.29,2.8,13.89,2.65
instance-e9377140-dcc6-4ff8-912a-af154bac4d83,87.81,2.8,84.08,1.33
instance-eae6e6b9-8bbf-4098-9a02-df2003c203f5,4.22,2.8,2.88,0.48
instance-ed8d9012-20d9-4cea-a2ec-a28fc466b5ed,1.74,2.8,1.37,0.13
instance-ed933380-dd24-4dfc-a673-46c774a8d892,18.02,2.8,16.7,0.47
instance-f5e6da48-2a59-4bf2-a68d-f4d1a75bb224,3.36,2.8,2.56,0.29
instance-f9cf775f-da6d-439a-b25f-9475f2ecb4d4,1.59,2.8,1.49,0.04
instance-0f12e583-ab30-4b47-8c7a-35d46fe03465,9.73,2.79,7.89,0.66
instance-1a72e6de-1866-4a45-8464-69cdad713ba8,3.35,2.79,2.7,0.23
instance-1b23a688-e37f-4b68-89be-2751ae082701,4.75,2.79,2.43,0.83
instance-24292f7f-ff09-44bf-afe4-f4bcdd4883a8,3.37,2.79,2.81,0.2
instance-24a175b3-c941-4885-b3b5-b719883cdf27,8.27,2.79,6.5,0.63
instance-2727f9af-6a85-48f4-9c79-8c049fcf5ac1,3.9,2.79,3.12,0.28
instance-3b745e98-a199-49ec-8866-efb89b30f4e1,16.95,2.79,10.92,2.16
instance-3ee24aad-71a9-4fb7-bb96-31b2e7bb5830,3.34,2.79,1.56,0.64
instance-3f96cdf8-f34d-4220-b07e-a59f0234df75,1.36,2.79,1.02,0.12
instance-451ad92e-2e28-40e3-85f8-106d3eb6e25b,6.37,2.79,2.99,1.21
instance-4b2f15a7-3c15-4576-9cf8-fa2d59a770bd,4.23,2.79,2.96,0.46
instance-5309e19e-8402-45ae-a196-5ea0c5cc60a7,3.95,2.79,2.75,0.43
instance-5d9c18a3-4a59-432c-8d6d-a392eac1983b,4.3,2.79,3.15,0.41
instance-5f1f190c-eaf9-442f-a02d-cb9cd9cdfd85,5.11,2.79,4.18,0.33
instance-650a7805-5166-4125-a307-9891e41f6a58,2.64,2.79,2.04,0.22
instance-6a3cb99b-64f6-4a14-a520-1d64fa30562c,1.15,2.79,0.95,0.07
instance-6a8d549c-a007-413e-ae30-0e6de73c325c,3.94,2.79,2.82,0.4
instance-76a58faa-ff32-4057-b87c-f98e687ce198,4.86,2.79,2.67,0.79
instance-79d5f838-3711-4bf3-8610-8225b1e75135,17.06,2.79,15.67,0.5
instance-801827f4-7235-41eb-a399-d8b4f503e097,2.69,2.79,1.98,0.25
instance-8051395d-560d-42eb-a939-d93764416057,3.45,2.79,3.27,0.06
instance-880e9cdb-db53-4b8a-9885-c0cf33aa613b,0.36,2.79,0.3,0.02
instance-8ab9aae0-81c2-4946-8b3b-f975ea7b1ff7,1.33,2.79,0.99,0.12
instance-8d6f8c1a-6c30-4977-a675-054bb9140e63,9.39,2.79,8.01,0.49
instance-8de0b300-c45b-4aa0-93c2-f8072219e0c8,5.1,2.79,3.34,0.63
instance-931e832b-a26c-4e6f-9fdb-80a89d00b092,3.04,2.79,2.66,0.14
instance-9ea0375c-e8e7-479a-8d80-e1fb75c4cfd5,7.8,2.79,5.32,0.89
instance-b355ae44-a02c-4f73-8176-ee63e69d7455,4.18,2.79,3.82,0.13
instance-b3dc9e22-638e-49e4-9d27-aa111e733769,2.46,2.79,1.91,0.2
instance-ba5426ac-32c1-4010-bfce-2aeafeb57528,40.07,2.79,39.4,0.24
instance-bd995081-7d83-4104-9bd3-145f8873bef0,4.1,2.79,3.89,0.08
instance-c69795cb-9e1c-4543-a47b-56528e360370,19.51,2.79,7.68,4.24
instance-c9ae9295-340b-44c8-b80d-022ea7d4c2a2,10.24,2.79,6.6,1.3
instance-cc2dd89b-785b-40c0-81fa-af466133a6d9,4.28,2.79,2.68,0.57
instance-da300944-47d4-43ba-88e9-5ece3a939d5a,25.34,2.79,24.09,0.45
instance-dba90e7d-9511-4f73-b462-935e1510b7e8,5.2,2.79,3.1,0.75
instance-df8e69ab-d45d-4fac-b288-215435ae57ae,3.63,2.79,2.9,0.26
instance-e058ba8f-f164-406b-ac02-c6bebdfd24b2,8.39,2.79,7.99,0.14
instance-e839c864-af87-48b7-a32f-aa82f97195d0,2.76,2.79,1.03,0.62
instance-e89cab7e-834c-4df7-a7f8-0870a6af2b6e,16.31,2.79,15.18,0.41
instance-f511d8fb-8d22-485a-a7f7-e8da27dd32ba,3.16,2.79,1.66,0.54
instance-f9f30bcb-0d4b-406c-8ed0-129c92269c5b,1.57,2.79,1.26,0.11
instance-03a824d1-df10-448d-a971-d152fcc1e20e,16.1,2.78,11.41,1.69
instance-0b441bba-69a7-490e-8e67-33ead37a5018,4.17,2.78,3.59,0.21
instance-12c43fde-d528-4906-b883-298207419edf,7.64,2.78,3.87,1.36
instance-131feaa6-ff2f-47ed-81cc-36d4c6b7143b,1.81,2.78,1.53,0.1
instance-18464139-3e77-426b-8f8a-38bb27353ea9,12.49,2.78,8.36,1.49
instance-20c7bca2-fea3-442c-b320-e791e27c5448,1.94,2.78,1.49,0.16
instance-25059440-4cd3-4925-92df-47b1322c8e4a,4.51,2.78,3.39,0.4
instance-32768dd9-b913-417b-aa78-4baef3d59359,4.33,2.78,3.76,0.21
instance-353e84ac-d6a5-4099-a9db-80b22dcde1b3,5.75,2.78,5.05,0.25
instance-37a67eec-73a0-45c6-b84e-0256a97badee,7.23,2.78,6.4,0.3
instance-3e1dd35b-6826-4872-9915-7f1a3d722027,24.83,2.78,11.4,4.84
instance-4061d981-25d8-4843-9cac-169f5578dcd1,3.61,2.78,2.86,0.27
instance-41e597f3-aa75-4e22-8418-fd1d40c4bcbf,4.04,2.78,3.67,0.13
instance-46eac642-45e9-496f-9bbe-c38d5f4e35d8,3.55,2.78,2.86,0.25
instance-4b18745c-5d09-4dc6-b328-461ccd44f711,21.87,2.78,16.49,1.93
instance-4dfa2c84-c3eb-4530-9607-9c927d6830d7,9.87,2.78,7.61,0.81
instance-4fafd465-3638-4c1a-8915-1715b6599f13,3.57,2.78,3.09,0.17
instance-53cfdde9-a11e-4c7a-ad6b-b5f1dde501ea,6.85,2.78,5.31,0.55
instance-54982530-9176-4f9e-9f1d-78508f05d00d,12.4,2.78,7.98,1.59
instance-577a47bb-811f-4ac0-b5ac-5e8d02ec0e98,7.2,2.78,4.52,0.97
instance-5d114178-22d6-4656-bdea-423ce1edc0f2,3.69,2.78,2.97,0.26
instance-64590a9c-2bc0-4ce4-8fdd-7def298deca9,6.72,2.78,5.87,0.31
instance-657a7e9b-fff6-46f4-b9b5-1af68c8c6790,10.25,2.78,7.97,0.82
instance-6ac9e56c-88ac-43ba-9ba7-a9c1516123cc,0.61,2.78,0.51,0.04
instance-7677446c-afca-473c-a08c-6f0824dbef50,1.39,2.78,0.71,0.24
instance-7c5f7683-ae08-4590-9790-552b9caa8d40,31.84,2.78,25.5,2.28
instance-7ca59248-019d-48d2-8a20-0eb0acc27f11,6.07,2.78,2.7,1.21
instance-81c86379-f4ac-43f9-a553-eae6bc6b50ad,2.78,2.78,2.49,0.1
instance-8704d053-125b-47d2-bbe5-c3a6cb730152,10.68,2.78,3.02,2.75
instance-8b336faf-d2dd-4ff6-b3c4-025a1e87c90f,12.76,2.78,4.53,2.96
instance-8e538118-d01f-44b1-8d30-aab8c873a13a,2.72,2.78,2.08,0.23
instance-90b6e8ed-8c9d-47ba-9bdc-98c8f5b542d1,10.31,2.78,7.98,0.84
instance-9808782d-6a59-4555-bf05-09d534bf6de8,7.81,2.78,6.21,0.57
instance-98d8fa51-756c-42de-8111-8449df043e1e,22.59,2.78,16.57,2.16
instance-9ff71cf2-86c3-499a-a777-cd621e5b6051,3.78,2.78,2.84,0.34
instance-a3df93f2-2221-43a2-bb3c-867d18b5213a,1.03,2.78,0.85,0.06
instance-a8b54ff5-0b62-45a2-a162-fdc5c13ea004,3.45,2.78,3.16,0.1
instance-b16f4ee7-5a34-4c80-ae67-7b291a880ac6,18.41,2.78,11.9,2.35
instance-b1b7bae3-a049-4bf1-8677-c0370e21ce00,1.74,2.78,1.37,0.13
instance-b4bdb12e-4826-42cf-9df1-57fcde1e2ee0,10.45,2.78,6.83,1.3
instance-b6fb621c-a336-49f4-bb55-087a191b00a5,5.19,2.78,4.76,0.15
instance-b70aa531-df20-4d08-be2d-ece05799e2f6,3.76,2.78,2.87,0.32
instance-b88cbe3d-05f0-462e-a110-01fa5c158a65,3.19,2.78,2.47,0.26
instance-ba856c29-83da-47a3-822e-9e56cc5464a3,17.83,2.78,16.65,0.42
instance-bd6f3cbf-91aa-4c3a-a768-ee71cc10240c,0.2,2.78,0.18,0.01
instance-be3f9e12-96bd-4237-b3ef-51b7ab4bc7ad,5.39,2.78,3.35,0.73
instance-c67a3485-a33f-4c59-9acf-c07187f5d89a,1.75,2.78,1.52,0.08
instance-d268a2e2-23e1-497c-b48c-b1750a6f58c3,20.97,2.78,14.07,2.48
instance-d54a5e20-d3ea-444f-bc2c-d5e8a5b18940,2.69,2.78,2.42,0.1
instance-d724f26f-71f4-4b1e-bd3a-79344349d593,0.68,2.78,0.57,0.04
instance-e5d4a9c4-ba6f-4efb-8168-4e3c741b6b3f,3.99,2.78,3.45,0.2
instance-eb101b92-9072-4aba-ae65-f5dbf55fed98,4.16,2.78,3.07,0.39
instance-ebe21542-f564-4d3a-a5cd-30ea7b14c546,17.78,2.78,13.4,1.57
instance-ed061dce-4be1-43ea-8913-c31f934b4c72,2.87,2.78,2.54,0.12
instance-ed3ff680-3f6c-4277-aeb0-3de84628c823,9.62,2.78,8.57,0.38
instance-0097454b-d650-403b-85d8-768cb48ece66,4.14,2.77,3.8,0.12
instance-0d1def0f-51c5-45c4-a196-daa3f63afda2,3.91,2.77,2.94,0.35
instance-1498d5ff-e59d-4742-bb93-5c28b3648a6c,13.7,2.77,9.34,1.57
instance-1747c8db-393e-457d-b0eb-5dc080291c3d,6.5,2.77,4.93,0.57
instance-27702bc9-5828-42df-ad2c-2a3a085f408c,3.68,2.77,2.85,0.3
instance-27d52f4f-cdb6-475e-bc1f-a959ca42ca49,9.01,2.77,4.29,1.7
instance-29d58db9-7b51-4575-bcb1-0e7bdf2130e6,29.34,2.77,7.22,7.99
instance-2aede6e0-d677-4b8a-a705-b544e592c997,4.32,2.77,3.28,0.38
instance-351ec2af-c1ba-437d-b78e-432222480ca5,4.19,2.77,3.06,0.41
instance-36714f0b-ac04-43b6-8025-56d57f806baa,0.9,2.77,0.78,0.04
instance-390b408b-9fe3-49cc-b8ee-b4e600c37ad7,4.1,2.77,3.04,0.38
instance-3be06bda-e5d0-449a-a9c6-9a15ba8d710a,0.41,2.77,0.37,0.01
instance-43bc7a90-f9a5-4d30-9f6a-13f24df9124a,11.12,2.77,8.03,1.12
instance-48ba7cfa-b5db-4ade-a58e-12dd0489b461,1.4,2.77,1.25,0.05
instance-4bf3fe04-72ee-4ada-9e0a-ff6fa67cafd1,1.04,2.77,0.88,0.06
instance-5c3ac4f1-174e-45af-bdd0-3f21085682aa,3.76,2.77,2.69,0.39
instance-64190e9e-c81e-4e24-9923-79ff48586dc2,17.31,2.77,14.69,0.95
instance-67fa949e-3a8e-4324-b896-91f948947f38,1.53,2.77,1.28,0.09
instance-6a9a22b7-1f3d-45d7-a9a5-5d38bb877cd6,2.45,2.77,2.13,0.12
instance-6f0ef2d2-40be-4c08-9925-c9a1f62ec813,4.94,2.77,3.08,0.67
instance-73aa1746-721d-400a-8e57-a84c8ab109cf,6.61,2.77,6.09,0.19
instance-81357a48-58bc-49a6-b230-df1150696e77,1.65,2.77,1.38,0.1
instance-84f1f8c3-f1ed-4d6d-800a-9a211171608b,1.11,2.77,0.94,0.06
instance-87c6e0cc-4749-4aec-b55a-cffcbc9ed387,4.62,2.77,2.89,0.62
instance-974bff19-7202-4ba7-a920-c212a1d4baaa,5.02,2.77,4.25,0.28
instance-9f88c05e-936c-462e-82cd-708e32175cef,6.73,2.77,5.22,0.55
instance-bcf2ac8a-c86f-4a79-87e5-ba9b9baacf2a,7.86,2.77,6.19,0.6
instance-c2684776-25ee-47f2-b6aa-fbf8e9cebda1,3.94,2.77,3.15,0.29
instance-c94e0934-8abe-4fae-9e5d-162d9f6c189f,4.04,2.77,3.06,0.35
instance-ce5bef7b-2034-4b2c-ae89-a27fe48321d3,3.97,2.77,2.97,0.36
instance-cfdeb8dd-c148-4825-8bc7-2bcaf9679e4c,3.55,2.77,2.85,0.25
instance-d341d10d-421d-437b-8bac-c0cbcbba6e5a,4.15,2.77,3.09,0.38
instance-d9f73bb2-81b4-4f2d-9012-7c5365b94628,3.83,2.77,3.03,0.29
instance-da13831a-97cc-4483-9e15-2960c8d3b4c4,0.59,2.77,0.5,0.03
instance-dbcd5a84-8fed-456b-8792-70f65041248a,67.48,2.77,58.47,3.25
instance-ddea7c53-274e-4793-96b4-b13e036327b5,0.98,2.77,0.88,0.03
instance-eb564045-e1f4-4e14-a179-aac40672fdf4,3.62,2.77,3.05,0.21
instance-f196a9b6-8c47-4107-91e3-fddc8f6f2212,3.99,2.77,2.86,0.41
instance-f72a150d-ad22-41ff-8d21-bf661093641e,3.19,2.77,2.61,0.21
instance-039b77f1-0e2b-44a4-b62d-845ba169d943,9.55,2.76,8.42,0.41
instance-0f8d5b08-45e6-4af3-b228-0bdda7cf3b1a,8.06,2.76,6.49,0.57
instance-11e031d2-a64f-4e5c-93b6-3573ab8be150,1.88,2.76,1.52,0.13
instance-138f9f2b-c452-4bfb-9f84-98af453beddd,4.01,2.76,2.87,0.41
instance-25a1e506-43e8-4e8f-bc70-d3fdd6cfef6c,3.09,2.76,2.48,0.22
instance-2f4b1633-83dc-4f46-aa04-e87a4b7915cb,3.87,2.76,3.09,0.28
instance-3320fef1-cfe6-4948-aaf0-4c9d3cae06c8,2.39,2.76,2.33,0.02
instance-361982f4-1273-4f7a-8b72-f1674cba392f,13.63,2.76,12.61,0.37
instance-367b6a01-e8ff-4564-a62c-b443150a6eef,3.87,2.76,2.95,0.33
instance-36ef67b6-c35a-4e6b-adcc-92fd858b21b9,3.2,2.76,2.66,0.2
instance-40b6178d-ac75-46a8-82ac-223e78d770b6,27.15,2.76,6.28,7.56
instance-41b80b95-a2df-4949-a3ec-b4d115d46fb8,6.05,2.76,3.53,0.91
instance-45a33493-6bec-46a9-95ef-17d5df77038f,4.25,2.76,3.78,0.17
instance-481c61e9-e9ca-46ba-b66e-94eb57d32c2b,4.74,2.76,2.79,0.71
instance-4cb7b456-6b6b-42b1-8bde-4d32e6922097,3.65,2.76,2.85,0.29
instance-512efe11-dd24-4fe1-851f-9b458f7cd156,4.11,2.76,2.77,0.49
instance-56974395-1242-4eaf-9337-562bd64e4adc,1.67,2.76,1.44,0.08
instance-65884534-182b-436a-a1fb-80187c25a80c,4.21,2.76,2.55,0.6
instance-675f22b1-4253-45a1-af08-628f7e46982a,3.06,2.76,2.45,0.22
instance-7112a98f-a7ba-4d39-94db-fbeb4744984a,7.11,2.76,5.94,0.43
instance-7513fb63-01cc-4ac0-81e2-b6bda8abea21,25.58,2.76,9.3,5.89
instance-77064584-8320-4047-b204-f61cfde87c1b,16.64,2.76,15.69,0.34
instance-786fa216-276c-4097-a823-dfd010263594,23.53,2.76,8.37,5.49
instance-7aec5b71-0280-4242-b6fd-199225736adb,3.77,2.76,2.99,0.28
instance-7f7af1ba-2158-41c1-83bc-9be13844bdb1,3.07,2.76,2.44,0.23
instance-8f5cfb0c-c7ba-4ab7-a045-2a0fd6c57dc4,2.68,2.76,2.53,0.05
instance-90f3f8cf-99cc-473b-97d8-63e4b221c7c4,2.51,2.76,1.89,0.22
instance-9161104b-7fd6-4f67-8669-272e10cc7a47,0.94,2.76,0.84,0.04
instance-92f07f37-7bab-4abe-839d-e11ca0b88755,4.03,2.76,2.96,0.39
instance-a2ef5def-1c2e-4499-866a-daa6205663a4,8.55,2.76,8.13,0.15
instance-b15eeb87-157c-4614-819b-00ed712d1a7f,10.25,2.76,7.87,0.86
instance-b2c2c986-2657-413c-bbf1-6c312a4cf01b,14.01,2.76,4.69,3.38
instance-b6151ed4-e9ab-40b6-8974-ab6692c5e1ba,1.41,2.76,1.31,0.04
instance-b9b41fde-c19c-4a0c-a52f-480e93f3cf84,1.11,2.76,0.97,0.05
instance-b9e788a1-7e77-4f07-8ec2-ff97a53309c2,2.7,2.76,2.25,0.16
instance-bfe2078d-64c2-4008-8467-57d6ceff346b,10.72,2.76,9.55,0.42
instance-c6b0b7d0-7943-4352-9d3e-605fcdd686a6,1.68,2.76,1.42,0.09
instance-ce9d4132-50c0-4ef6-9f2f-ce0403a8f5fa,4.41,2.76,3.64,0.28
instance-cf7def35-b15b-4266-b1cf-bcf48f9db95b,9.55,2.76,5.79,1.36
instance-d2d8d1f6-d122-421d-8b02-fd5b18113f18,100.0,2.76,15.83,30.5
instance-df591c81-aeb3-4731-aa05-84f87fd9de36,12.68,2.76,8.05,1.68
instance-dffb5a08-4e66-4be8-b6d1-4a3acf92685b,19.55,2.76,16.0,1.29
instance-e4e4c05c-6119-4f45-905f-6fb3f8fc82cb,2.37,2.76,2.23,0.05
instance-e9f0235b-6a79-437d-94a8-eb6929492cbc,8.1,2.76,7.4,0.25
instance-efdc7c77-e8fa-48fe-a1f0-2f43c2c7ac97,3.78,2.76,2.89,0.32
instance-f1d2e493-e08e-4e2e-9d9a-e3757ffdc390,0.91,2.76,0.62,0.11
instance-f7709004-c4ad-417b-af1a-12acea445568,4.36,2.76,4.19,0.06
instance-f8203902-4566-4801-8ba8-9be1712080c4,6.55,2.76,5.94,0.22
instance-063bef98-b802-4034-8782-ab2c3d439c8b,4.23,2.75,3.21,0.37
instance-081915f6-9caf-4e69-a223-9ab21aa34390,25.65,2.75,13.58,4.39
instance-09688560-6972-4b3e-a808-e3506a95ea12,39.92,2.75,38.35,0.57
instance-0d45cdfd-8f5a-4774-94ed-efcb9a8dfa69,5.29,2.75,4.22,0.39
instance-162e3bbb-9dc3-4119-be4c-8cde818b3d1b,10.47,2.75,9.7,0.28
instance-20e4dcc0-6ef0-422d-bc08-f200688abd18,6.9,2.75,3.41,1.27
instance-24941961-be5b-49b6-bd76-5aa7a627a718,6.97,2.75,4.8,0.79
instance-284e08c9-16b8-48fa-ad60-e6d72646fc2e,1.0,2.75,0.85,0.05
instance-3d029fa6-4a40-402e-87de-d19e94621749,69.0,2.75,53.94,5.47
instance-41ed9e6f-f919-432c-b4dd-19e147c3ff3f,16.9,2.75,15.45,0.53
instance-4d02a27c-d0a8-442b-b8cf-59524534bd18,3.77,2.75,3.48,0.1
instance-58bc854e-f7a1-4d82-ae9b-ccbd60ad8343,9.66,2.75,8.13,0.56
instance-5cd2f9b4-4446-4b90-be62-5879716f4467,7.45,2.75,4.24,1.16
instance-63ca95c5-a717-4926-864b-1ca538c54ca4,4.8,2.75,2.32,0.9
instance-7eae7e42-f930-4ca5-957a-dce79ab83470,9.07,2.75,8.55,0.19
instance-82a97702-0419-4743-a886-ee2fb72f1a91,1.01,2.75,0.4,0.22
instance-88b5a4ba-f8b3-420f-ab28-a4a638747a35,1.6,2.75,0.97,0.23
instance-8ee349c2-1c24-4b82-be39-288a7f9e1587,3.64,2.75,2.54,0.4
instance-8feedec8-b4ed-418d-9a11-52390f400e3b,2.91,2.75,2.72,0.07
instance-92ccf53d-92d8-43b3-be4c-87bf6942149e,14.21,2.75,13.25,0.35
instance-9b2bb12f-a5d1-4306-86be-559954f655d3,2.84,2.75,2.6,0.09
instance-9bb073ff-46a4-439b-aaf5-85f76b3598ac,3.73,2.75,1.35,0.86
instance-9bfb0780-a18b-4769-82e2-321cd08cad4e,5.31,2.75,3.98,0.48
instance-a35f4ad2-2954-4b28-be1c-bea6869512b4,2.91,2.75,1.04,0.68
instance-ac87fd17-38a6-435f-84b5-ad7c262b7649,17.8,2.75,16.24,0.57
instance-b09bba7e-4e1c-4398-9af1-e2d0823a9157,5.7,2.75,4.19,0.55
instance-bf319f4d-f102-487b-b200-acc22777696f,17.59,2.75,8.33,3.37
instance-c1936017-d429-4fa6-825c-ceb0336e1801,7.78,2.75,4.03,1.36
instance-c46da748-a55f-49f8-a610-111c73712004,3.34,2.75,2.59,0.27
instance-d7966031-42d7-45e2-a35b-9a5d5f932431,21.57,2.75,19.08,0.91
instance-d8c00666-9c42-4600-a08f-24745c264ef8,15.82,2.75,12.53,1.2
instance-dc579d8a-03d0-49db-b034-52435afcc509,3.88,2.75,3.52,0.13
instance-e729a43b-be36-4ed4-bc89-ceb9442a91a9,16.45,2.75,4.46,4.36
instance-e9f56b7e-28b4-4c66-9e68-6d63bedd8bb6,4.3,2.75,3.96,0.12
instance-f3765bf9-f6b9-4a12-8343-436df3f8b2ca,7.41,2.75,6.25,0.42
instance-f68eff7f-7c3b-4183-9520-f5c0c341c4c0,2.42,2.75,2.15,0.1
instance-05e51a14-3952-4858-bf02-90d857ea8141,28.55,2.74,24.48,1.48
instance-072945cd-4706-4083-9ec0-b430862527b1,8.31,2.74,3.6,1.72
instance-0a735238-d277-4dcf-a087-77aaecd1bf02,17.21,2.74,8.68,3.12
instance-19d0a994-d7ac-4144-9a8c-b554fd6fc8ea,1.06,2.74,0.83,0.08
instance-1f39f36e-2d42-4cf0-aa01-dfbcb1010cbb,2.72,2.74,2.16,0.21
instance-27bbe90b-b927-4b0d-a792-7b6cee850226,33.15,2.74,14.14,6.93
instance-2e5db5ef-0449-4470-bf27-bdaa68c76631,2.68,2.74,2.22,0.17
instance-31f196b2-c835-48ce-9f47-040baf1d7106,9.61,2.74,7.64,0.72
instance-34f3964d-38c4-41aa-8552-f1ebbbdbcca6,4.85,2.74,4.0,0.31
instance-3ddd70a9-5531-406e-a4b6-54735647e459,3.87,2.74,3.42,0.16
instance-3e89bd76-8ac7-4fbc-b2e0-45c4e0831e97,17.56,2.74,16.18,0.5
instance-459713b7-6af6-40a4-bd67-9a0ecdbb6d85,12.4,2.74,2.69,3.55
instance-4789e17b-e7af-46e6-806b-e4360b533922,9.56,2.74,3.89,2.07
instance-502d427e-5d09-48c2-bfe2-b2427e442ea9,10.23,2.74,7.88,0.86
instance-525bc0a7-b11b-4a0a-97fa-4d34c492adb9,2.98,2.74,2.8,0.07
instance-52733ea6-d9b6-477a-ae67-e34e61c30f24,2.35,2.74,2.06,0.1
instance-54606136-1aef-42f6-8a63-6d707b83b9c1,3.79,2.74,3.22,0.21
instance-5c2a4f76-ea4b-4a3b-895f-47eb5cf55ca6,3.1,2.74,2.4,0.25
instance-5f31349a-23b6-40ce-8e43-e5e698ac4460,3.68,2.74,3.42,0.09
instance-60abc921-8741-4a90-b501-01fea6ba3904,1.98,2.74,1.7,0.1
instance-634552db-23bb-4aaa-af1c-76f435687764,2.08,2.74,1.81,0.1
instance-63b99e79-9e63-425a-a00e-83e96567b256,11.99,2.74,10.16,0.67
instance-651490f9-d932-4fe6-8b85-eade73f594c4,3.56,2.74,2.67,0.33
instance-722368f5-20d9-4a90-95dd-617e3a3e4810,16.6,2.74,15.92,0.25
instance-76974af3-2fd5-4f09-a112-2e736366cf98,5.17,2.74,4.81,0.13
instance-777dfb91-fb0f-4319-9739-f3c680b32aab,8.28,2.74,6.53,0.64
instance-7f8d93aa-915c-4afa-aedb-960ffb45e563,2.64,2.74,2.0,0.23
instance-82f1f5a2-f500-4f9a-af99-bb945661e73d,19.0,2.74,17.35,0.6
instance-89ec1fe5-df4d-4076-804d-f91a3260f11a,5.29,2.74,4.65,0.24
instance-98dc8d84-e699-4dec-8ce6-5b7570e181fd,13.45,2.74,10.16,1.2
instance-9bdd00dc-7c71-4a75-9d08-d618e95f929b,2.29,2.74,1.97,0.12
instance-9c8d8fce-08da-4cb5-a264-be5163da1582,10.18,2.74,6.85,1.22
instance-a39e2a3e-8ef1-4fdf-8e40-98f722fa32de,24.01,2.74,21.4,0.95
instance-a3ece367-cf58-4926-b8d6-75aafef5c57b,1.75,2.74,1.35,0.15
instance-a65a1be5-1edb-4a5b-b930-f7ed577440b3,18.41,2.74,13.54,1.78
instance-a68b57cd-9d71-41f1-9a77-b015cde6a026,9.52,2.74,4.79,1.73
instance-aa35b1e4-b46a-4656-a828-c6ee6de4d0fe,0.7,2.74,0.51,0.07
instance-b34cf80a-e2d1-41e4-a6b5-381486ae2fdb,17.57,2.74,16.06,0.55
instance-b8706573-ba4c-4602-84c8-61de0d1d66e7,4.2,2.74,3.71,0.18
instance-c70d17e8-b07d-49e8-b689-b5710ebbdbe3,5.57,2.74,4.63,0.34
instance-c74dd84d-fcbb-40e5-968d-7209669b6914,4.14,2.74,3.32,0.3
instance-d0a5f41b-e047-47b3-98b0-9b84dc65d6a7,4.32,2.74,3.62,0.25
instance-d618b694-b234-4cbd-a2e1-d0dff8893370,4.13,2.74,3.82,0.11
instance-de6279b5-e980-44f7-a850-0ccd36f97e48,0.35,2.74,0.3,0.02
instance-e627ac74-be42-4bb0-8318-24158a378596,19.18,2.74,9.01,3.71
instance-eafc87fd-53e0-45f1-95f2-ac846afd3d6a,7.41,2.74,5.64,0.65
instance-ef96a0e0-70a7-400d-bb02-c9261c37d76d,1.89,2.74,1.1,0.29
instance-f3ea36f5-0939-457d-897d-22e99c6a6881,4.54,2.74,4.4,0.05
instance-f468636b-3ad4-427b-bae2-833b8f90f948,8.79,2.74,7.9,0.32
instance-fa8bc113-74c4-4c62-a2b5-26e7ccb2af52,1.97,2.74,1.82,0.05
instance-fc520dcd-181a-4278-bd1e-860a9a39f9b4,3.47,2.74,3.18,0.11
instance-0220895b-ad0f-4d15-a38b-aa0e1689f607,4.38,2.73,3.11,0.47
instance-054ceacd-4021-44db-94a1-87c4061fd217,3.12,2.73,2.45,0.24
instance-0bd0b4f4-f5de-4566-b1ed-8b2913299113,4.19,2.73,3.35,0.31
instance-219f5629-fdff-48dc-bd34-db2f0178b0bf,1.65,2.73,1.38,0.1
instance-369522ab-bd6b-4d9b-a3cd-bb9d60678b44,3.26,2.73,2.5,0.28
instance-39944ad3-41d6-4b22-a88c-09abdc041d0a,10.44,2.73,9.47,0.35
instance-42b0b0c5-635c-4490-8a9b-48b85192cb3b,1.81,2.73,1.6,0.08
instance-450b3058-743d-46af-bc9e-1e55cfeabbb1,14.16,2.73,7.63,2.4
instance-4b979edf-1fa4-4375-bc79-6d056a8211f4,27.56,2.73,6.48,7.73
instance-5b1a80fa-154d-41ab-9d79-2487f887d8fa,4.26,2.73,3.24,0.37
instance-604c28e1-c80b-482d-bacc-87beb308181a,4.82,2.73,2.56,0.83
instance-62d6cf4f-4155-4e68-a9c1-b9862ca4cda6,4.83,2.73,4.26,0.21
instance-69cc1a97-07ce-4693-bebb-b05c9d0dfa9d,0.36,2.73,0.35,0.0
instance-716ed8d7-1fab-48b1-8b15-61accfca65f1,3.14,2.73,2.53,0.22
instance-74ce13de-6d66-4a78-b51d-5c97b5ae2ebe,4.72,2.73,4.17,0.2
instance-809a0ff3-e762-42c4-8752-f625af9fb48a,14.93,2.73,13.93,0.36
instance-8148c397-12c5-49ec-909a-4cb31057260d,0.75,2.73,0.65,0.04
instance-82a21450-1eb0-47d7-b4bf-b98f58285b00,0.57,2.73,0.44,0.05
instance-8cbd8bff-98ad-4047-bb6c-da717e5413f5,4.66,2.73,4.22,0.16
instance-90adb3cf-cff5-4774-b65e-f07c70803f50,4.22,2.73,2.76,0.54
instance-9fe50e61-5acd-4593-b3ef-7ae9c30073c8,2.29,2.73,2.17,0.05
instance-a5bd0d0f-ef92-4fc6-ba0f-ee2b277be445,15.23,2.73,11.08,1.52
instance-b48914cb-fb79-4348-884d-d0c576f74acf,4.59,2.73,4.1,0.18
instance-b808e1cb-8139-4d14-891a-81ec5def6861,1.73,2.73,1.47,0.09
instance-bfd581d5-1764-4a5d-b3f6-b847189d2366,3.46,2.73,2.55,0.34
instance-cbf4dde6-4605-4bd3-9db4-ba27fab6e669,19.12,2.73,16.97,0.79
instance-d27a4242-634b-467a-ac5e-40d98586e8a8,24.38,2.73,23.13,0.46
instance-d55f29cd-f8a3-4a67-8279-6d5a46f94566,0.51,2.73,0.48,0.01
instance-d6e5b4b1-9ee4-426c-a919-2e76a2879fdc,5.6,2.73,4.13,0.54
instance-dbb0bd57-8c39-488f-803e-01bccb45ae71,7.42,2.73,6.26,0.43
instance-dbe0061c-58c5-45c1-bb79-08d804ccc751,5.13,2.73,3.81,0.49
instance-dc9df1e7-8bad-432d-8b3f-20b323f2ea7c,3.39,2.73,2.9,0.18
instance-e0f0c3c5-0ed2-456e-b316-a5427a326a91,1.48,2.73,1.18,0.11
instance-e8c5b4e9-8691-46c3-9c4b-b83b958bc8fa,7.72,2.73,6.13,0.58
instance-eb98e6af-d189-47f4-aad0-d4e51040abe6,17.43,2.73,15.95,0.54
instance-ede6edc8-9f4b-4419-8ff2-9b641406f432,2.76,2.73,2.25,0.19
instance-f4137a61-f2d1-4687-9cb4-b3969c817002,36.53,2.73,31.39,1.88
instance-f8b18808-93ce-43fd-b086-4b40df83e89f,17.89,2.73,15.42,0.9
instance-01437ba5-4e5a-4d01-bf15-f14ac6e3a4cf,3.85,2.72,3.35,0.18
instance-0e806291-f569-46ae-bd26-bba071e62502,0.97,2.72,0.8,0.06
instance-104cb19b-6a7b-4634-b098-bf11a4558f10,30.75,2.72,22.04,3.2
instance-1af0cd64-5a99-408d-b938-d596f9e793b2,4.31,2.72,3.79,0.19
instance-1da4cdc5-6c27-4a5b-b7ef-c39b91b0249d,9.14,2.72,8.19,0.35
instance-2382078e-b4d6-4880-a8e0-7382600ac3cf,7.5,2.72,6.69,0.3
instance-2f441860-fa20-4e6e-803c-0d8acc292d9c,4.15,2.72,3.44,0.26
instance-3154f212-b918-4f16-8518-fd6ebe19339e,10.76,2.72,10.35,0.15
instance-3629e4f9-c33c-4b0e-aaa4-37d181b435cc,15.47,2.72,10.21,1.93
instance-370fd872-ae44-49f9-8406-015ec7fb38c0,3.21,2.72,2.62,0.22
instance-39e87cc2-6b53-4219-a2c5-cea5df82263a,2.56,2.72,2.23,0.12
instance-3c91caf0-1360-476d-869b-ccded0dbb12f,34.24,2.72,22.23,4.42
instance-445c7aa6-1a16-4f23-ae39-5ad0154ff41d,2.74,2.72,1.81,0.34
instance-45de6dd4-85a9-48d9-892c-940371a30f87,0.38,2.72,0.35,0.01
instance-471e3c12-ef2f-452c-a4f4-c3e606938066,1.41,2.72,0.38,0.38
instance-485f2ae5-5a55-4888-a279-b89231436f04,4.04,2.72,3.01,0.38
instance-4906f43b-dbaf-4008-b60a-d8432e1fdd10,8.28,2.72,7.78,0.19
instance-4fa0c72d-5335-4c34-a35d-413b45ecf568,14.3,2.72,7.98,2.33
instance-506fd2b0-bcec-4abb-9393-55567f6420c2,1.25,2.72,1.03,0.08
instance-52d153b3-1975-40ee-84ea-cffd38c4e163,2.11,2.72,1.4,0.26
instance-5a98f97f-b65f-4438-92cb-8bc8d9cc2c39,1.38,2.72,1.12,0.09
instance-617827f8-33e5-481d-bb58-5d5a781f150c,23.02,2.72,11.01,4.41
instance-62944207-3a2a-4482-8fee-c0850a6bb1b4,5.38,2.72,4.99,0.14
instance-64142446-1bb6-49d1-91d6-6ea392185f57,7.56,2.72,5.97,0.58
instance-66353546-f220-48d2-ab74-f4398c4dfb95,2.54,2.72,1.47,0.39
instance-666db02a-422e-45da-a086-d0068b461a0c,3.96,2.72,2.89,0.39
instance-82290ebc-d226-43a6-91ac-7302550dc53d,13.54,2.72,6.04,2.76
instance-8322c55a-f2cd-417f-9a2d-185708a7f5c9,4.02,2.72,2.94,0.4
instance-838228b4-2da3-4831-8a67-181c383c9298,1.01,2.72,0.83,0.07
instance-8d28f31a-2b51-4a27-a097-c1eab195d75f,2.36,2.72,1.82,0.2
instance-8e26d860-883e-4d4f-ab82-09baba14e634,3.83,2.72,2.82,0.37
instance-93101859-d338-4cab-9879-e901c13128c2,3.67,2.72,2.63,0.38
instance-96e28fb7-4c4a-4193-9c78-377251debe46,3.96,2.72,3.71,0.09
instance-9d8e1d83-5949-41ee-b313-50e0b51bef84,1.54,2.72,1.28,0.1
instance-9d9c1718-2b4c-460b-8c02-7168472d4fc8,2.51,2.72,2.19,0.12
instance-a0d2b80d-a4d0-4900-8518-fef2ffc312ab,8.71,2.72,8.1,0.23
instance-a673183f-851f-4d9b-8362-632c46051e7e,5.21,2.72,1.12,1.51
instance-affdbc49-71b3-46f3-a91f-67fe79a1bb78,3.16,2.72,2.48,0.25
instance-b27015e9-dbe5-41c3-a0c6-e969d9d6e3f2,0.56,2.72,0.52,0.02
instance-ba0f0361-e18b-4248-8ff8-3f4792a40260,4.44,2.72,3.29,0.42
instance-c0ebe1c8-361e-4c0c-abf5-ddf5c1b10e18,7.2,2.72,6.79,0.15
instance-c3bc0ab7-7e52-4062-b7a4-57135accabc1,20.19,2.72,12.8,2.71
instance-c640ec3a-873c-4f4a-924a-70617df3c185,3.87,2.72,3.63,0.09
instance-c7ae3068-be61-424a-9898-d40bee85b8b2,9.97,2.72,9.11,0.32
instance-cb175747-3709-46da-b6c3-83246fc96cd5,10.55,2.72,8.6,0.72
instance-d6d3eb45-6bf0-4403-b896-584bcb131c62,5.43,2.72,5.07,0.13
instance-d7d1ea04-5e71-43db-94c9-c785db08ea26,3.81,2.72,3.19,0.23
instance-ddbbb0b8-d7d3-46ff-b77a-ade8a7cf218c,9.16,2.72,8.22,0.35
instance-dfd41f38-ee77-405f-8db9-a3eeacc8ddf3,2.78,2.72,2.12,0.24
instance-e5f4014c-2caa-4736-86f8-1a942eaee3ff,16.57,2.72,4.87,4.3
instance-e760a56a-87c3-4c4d-bffa-f772709c0331,1.52,2.72,1.27,0.09
instance-f151b556-8a75-4b80-8842-38d4f138ca62,14.45,2.72,13.43,0.38
instance-f684a081-9b63-4a1b-a710-54ce55195bf5,2.61,2.72,2.09,0.19
instance-fb6f7f3c-da10-4207-8a90-b3c05260289d,17.43,2.72,16.29,0.42
instance-032bacf7-c6df-44d9-a46f-56289c2d93cf,1.9,2.71,1.63,0.1
instance-0c550506-dc3f-4eac-9a21-5746ef1e47ba,1.46,2.71,1.2,0.1
instance-129bb743-976a-48d0-ba94-b596d68cbd4e,2.18,2.71,2.06,0.05
instance-1d4aedff-b6ec-42a9-89ca-18feef8fa5fc,2.18,2.71,1.73,0.17
instance-1ef387f6-e5fe-4746-bd3a-c9998bcf8bc9,1.16,2.71,0.58,0.21
instance-290879fd-8def-4994-99a1-0e266b879072,5.77,2.71,3.34,0.9
instance-2da20852-f096-414a-816c-824d798ced3b,7.59,2.71,6.67,0.34
instance-30f5b349-092e-499b-a51f-be013cd77f41,8.05,2.71,6.42,0.6
instance-33f5d770-5083-4bb1-a710-ec9df07c6edf,2.81,2.71,2.46,0.13
instance-386c2b85-7a14-4077-a432-697d1cbe5cd1,4.55,2.71,4.37,0.07
instance-43d10e68-d78d-46a7-82d4-8cdfbf86dec1,1.39,2.71,1.21,0.07
instance-52481e0f-3497-4596-bdda-a422da5c2f05,1.05,2.71,0.94,0.04
instance-6550c808-aa88-4832-b4a9-a9f590a02ec2,3.57,2.71,2.84,0.27
instance-68e306cf-f150-40e3-b37a-db0aaf23980e,3.55,2.71,3.11,0.16
instance-76162409-0db4-454d-8b32-a96e54ced1b5,18.4,2.71,15.71,0.99
instance-7664f064-e537-4a5f-a496-445235e3fce1,0.07,2.71,0.06,0.0
instance-7a401aab-61cb-40d8-af07-7cd014de0793,2.66,2.71,1.77,0.33
instance-85ee88e7-1864-4499-a349-7c28a7c6f413,4.23,2.71,2.87,0.5
instance-8f5b3477-4757-4b4f-9767-8f22913dfca2,6.92,2.71,6.05,0.32
instance-98427c25-d383-40a5-88fd-aa7632acf7d0,9.45,2.71,4.87,1.69
instance-98cb7ebb-bc79-41da-8bf3-72934648bca6,0.51,2.71,0.41,0.04
instance-9d71c307-c953-472c-8009-d0bc5055096a,0.56,2.71,0.44,0.05
instance-a43805cc-46c4-498f-b424-bce611ea43a0,7.29,2.71,6.36,0.34
instance-a498a81b-f518-4742-a6f6-29a60111fe7f,3.43,2.71,3.21,0.08
instance-af5cdc18-0870-4a25-a85b-9e009d3a3f16,4.15,2.71,3.17,0.36
instance-afb3916b-bbd0-45b3-ba74-cd69eaf2e1bf,12.92,2.71,11.03,0.7
instance-b1a1dcce-c690-444c-b473-c29cd71c9a04,3.77,2.71,3.66,0.04
instance-b432b650-eb12-413e-9498-116dfa626d09,0.62,2.71,0.58,0.02
instance-b7258667-d63e-40a3-a801-cfe22fe1b50c,1.38,2.71,1.26,0.04
instance-b8340331-448c-4e51-8a85-bc2c1ebd48a0,16.27,2.71,15.38,0.33
instance-b9e245b3-6499-4d97-879d-6479e0455302,14.86,2.71,12.72,0.79
instance-c723a5c1-4bbd-47ba-9f54-8ae4ee43a0f7,7.77,2.71,6.32,0.53
instance-ca595c87-0c2b-4f2b-985e-f3cdb763be36,13.12,2.71,12.38,0.27
instance-d2dcd4fa-3c19-4ae2-87f3-3d797de80fde,4.54,2.71,4.34,0.07
instance-d41be0ce-1c7e-448a-859b-d2948e024de5,6.65,2.71,3.28,1.25
instance-dfc8622c-176d-4494-8061-17620f892584,0.55,2.71,0.43,0.04
instance-e237c417-b410-488c-b8ab-032f5e7b3c9d,5.03,2.71,4.35,0.25
instance-f6e1a351-f3a7-475a-8b32-bf1b05a89dae,78.63,2.71,17.34,22.61
instance-fb97dfe2-bb5b-4e81-a81f-f61accfcb03c,2.85,2.71,2.25,0.22
instance-fe4acc11-cb76-411d-8983-43a296b50ab1,6.58,2.71,5.17,0.52
instance-032d4738-d814-4304-82c0-a45b74312256,2.27,2.7,2.04,0.09
instance-0b4f6cf1-7fdd-46bb-ba6a-f316196b51aa,9.85,2.7,8.96,0.33
instance-0df465d6-5df7-4033-b30d-f16e06168846,4.02,2.7,3.26,0.28
instance-16b7ed5a-ba0f-46d7-80e9-1c34a357eb0f,5.62,2.7,3.07,0.94
instance-1e1224db-df4a-49d8-a1ba-818f0e1b1555,10.35,2.7,9.18,0.44
instance-247e19ef-7bd8-420f-b649-288d09db36bc,5.56,2.7,4.17,0.52
instance-2e4b211c-5c0d-41ea-b618-b7b31e348e2f,8.51,2.7,6.69,0.67
instance-31c9d0d9-2529-4a3f-8369-7fbbca0f11c9,1.71,2.7,1.47,0.09
instance-3243fdd6-ce3a-490d-ba2e-85b5be420aa5,7.66,2.7,6.02,0.61
instance-35461b9e-0dff-48f2-8329-66628b5f6588,4.68,2.7,3.93,0.28
instance-3abcd547-beca-48f0-b419-29e37fb2d68e,3.77,2.7,3.05,0.27
instance-4daff85e-8693-41a9-81a1-ec849bde73df,29.27,2.7,25.01,1.58
instance-4ea0b588-de4f-45da-89a8-e577f548dac8,2.84,2.7,1.45,0.51
instance-5fe224d1-62d1-4051-93ad-80302bd82cfb,1.18,2.7,1.05,0.05
instance-6070cbfe-9a5f-4560-b4c4-9c6a2ef8547f,2.6,2.7,2.44,0.06
instance-6cb9287b-9ded-49ac-af1c-72d8682f1108,5.91,2.7,2.64,1.21
instance-72f226be-3188-4dd7-b59f-af33a4961862,15.02,2.7,13.77,0.46
instance-7932aae4-51a0-4cd4-966e-de9d06370178,1.88,2.7,1.78,0.04
instance-7b64a0eb-ab1a-4335-91b7-aff7c27863bb,0.78,2.7,0.72,0.02
instance-7d2716cb-22e0-4049-b45b-e3a3280e6ee2,9.66,2.7,8.5,0.43
instance-80e9caca-9213-44e3-9dca-0c39625a52c7,53.48,2.7,37.67,5.86
instance-8310ec8c-4735-4cd2-8136-68dc2a414622,17.62,2.7,16.29,0.49
instance-84829303-caeb-4c35-b969-8a42b255b759,4.34,2.7,3.32,0.38
instance-8624d801-932c-4ffd-8c9f-4447a0721f9d,1.53,2.7,1.29,0.09
instance-86643011-f5da-4ac8-b6b7-abc75348944f,6.36,2.7,5.94,0.16
instance-8f38131f-8efd-46ef-80e3-e5e3b0e9376d,20.09,2.7,17.12,1.1
instance-9c219085-555e-4fd2-a0d1-26347bc7f59e,7.67,2.7,6.94,0.27
instance-aec921f4-c5a4-4a3e-a52b-c32b97026806,14.22,2.7,13.28,0.35
instance-bd08a66b-1e66-4236-894c-bb452b8dc3fc,0.57,2.7,0.48,0.03
instance-bd51c762-48b1-4d00-9606-d9130d38e273,18.45,2.7,15.24,1.19
instance-c04fdda5-abc5-4b9d-b449-30965302e4a8,1.42,2.7,1.26,0.06
instance-c2752d73-0fe7-44aa-ab88-30a99c7112d8,5.32,2.7,4.68,0.24
instance-cd43b9ae-fca7-4400-bb21-e8bf7bb945b8,17.42,2.7,16.54,0.33
instance-d1a94fd5-d53f-4d1f-b2ac-2c51d598da0f,17.81,2.7,16.49,0.49
instance-d9d0e1e0-c03b-4233-afdf-5e9db963efeb,16.27,2.7,15.6,0.25
instance-ddd0c3bb-c44f-4498-8011-0d411134f499,3.77,2.7,3.45,0.12
instance-dddab4f7-d4f8-45e8-b0f7-bace959535d1,3.54,2.7,2.8,0.27
instance-e18c5ccb-92d8-4b3b-a2f5-06639fbe2b1d,18.45,2.7,16.63,0.67
instance-e25d965b-9ba4-43ce-921e-9c06deb1f1e8,2.37,2.7,2.18,0.07
instance-e5628e60-0846-47cc-bd9b-82654996ebfe,1.75,2.7,1.46,0.11
instance-e90df690-84a7-44a2-9c3c-0fa413274f26,2.86,2.7,2.66,0.07
instance-f3c568f6-0ec4-4f57-bac9-c261bcd4c7eb,1.8,2.7,1.53,0.1
instance-f6709538-c0c0-44ff-ac24-18baefc8f4a0,3.19,2.7,3.05,0.05
instance-fb7ad57b-c5b0-456e-bd9a-463a6840b41b,9.17,2.7,6.06,1.15
instance-0108b362-97fd-4189-a8b8-b3c787818f70,3.84,2.69,3.52,0.12
instance-01d95ce3-c512-4ac1-83a4-0ab0e6f16ce6,3.46,2.69,2.76,0.26
instance-03cb80b8-03dc-4c9a-af89-fb5b7ba7d6d1,10.96,2.69,7.5,1.29
instance-04c7f1c0-5465-4632-89e2-e02226fa0254,10.16,2.69,7.89,0.84
instance-0f24e682-b1b1-418b-a470-70cde1b5276f,0.64,2.69,0.51,0.05
instance-1205ae18-20e1-443c-909f-347551e2d28e,24.49,2.69,14.2,3.82
instance-14a2ad22-2a1d-48eb-901e-82a3b92cabd2,10.0,2.69,8.62,0.51
instance-152c60ca-569d-439a-bd3f-b22d0619314c,3.47,2.69,3.21,0.1
instance-1b228f2e-9817-459e-89a7-54b37bb9b2f0,18.11,2.69,16.34,0.66
instance-2d94e8f9-60e9-4756-b62d-cafef02ab5d8,2.68,2.69,2.07,0.23
instance-318ffbb0-e307-4e88-a54e-ebaeb302ef83,3.97,2.69,2.93,0.39
instance-39324f5c-a43f-43da-87fe-295443d5c1cc,42.38,2.69,40.41,0.73
instance-3e78b850-ec09-4916-a669-a970e2c3680b,11.79,2.69,9.99,0.67
instance-4260d756-0607-43cb-927b-d7a51c392247,4.16,2.69,3.63,0.2
instance-51862994-bbd9-4ee3-933b-0daf27425b4e,5.59,2.69,4.0,0.59
instance-53df0e3a-da07-4fee-a71f-ccc25a8f6e8c,18.1,2.69,17.16,0.35
instance-5754e494-da4d-4031-9689-eb646bc36bcf,2.83,2.69,2.54,0.11
instance-5bb3d4c4-449e-496c-89dc-9a3474f25f45,7.03,2.69,6.47,0.21
instance-5dc52aa8-cab5-4e43-81ac-05211558fd3d,14.01,2.69,10.02,1.49
instance-612d0934-4612-4eec-8b13-59aaca17cc13,7.4,2.69,3.97,1.27
instance-670448dd-03bc-4cf5-b2a6-05213999d130,10.95,2.69,7.27,1.37
instance-715dff09-3941-4d11-bf2c-97da0ae116fb,1.23,2.69,0.96,0.1
instance-72e359ea-b22a-48ff-9afa-008632677901,10.11,2.69,9.1,0.37
instance-7829c51c-5bf1-4fd1-be70-c99fd5fc081e,8.19,2.69,4.9,1.23
instance-792b30be-d078-4335-9f1b-c0041c40c075,16.97,2.69,15.91,0.4
instance-9969b397-e605-4251-a8a0-11a0cfbc03f7,19.19,2.69,18.51,0.25
instance-9acb8af6-16d8-439a-9f09-5e44a35a263c,3.36,2.69,2.51,0.32
instance-9db61032-4a31-42c3-8a04-cd13670bb79f,3.96,2.69,3.39,0.21
instance-9f626f5c-eb6c-4960-87e9-24061d87c22c,12.33,2.69,6.2,2.28
instance-9f6ece22-107e-44cd-b704-00fc531fa240,3.91,2.69,3.66,0.09
instance-a28247db-b66c-4187-826f-8074a5ed4b1d,3.69,2.69,3.58,0.04
instance-a630b4e3-1ccc-4143-a178-c4a29d9f31ed,1.62,2.69,1.33,0.11
instance-a860d344-c93e-4e40-abc7-3db59647e9bc,7.58,2.69,4.64,1.09
instance-aa172732-4182-4f85-9323-23bb07582c69,19.24,2.69,7.75,4.28
instance-b44c7ce6-e329-4440-8eab-885e2f1a3428,6.08,2.69,4.39,0.63
instance-b76d6943-8bd6-4a50-a0b5-bedb7bc612e0,4.0,2.69,2.88,0.42
instance-bcd74571-a5a1-4a5f-a7d3-d89690249cf7,12.73,2.69,11.76,0.36
instance-c1622d9f-5962-495a-a75a-64d9823e1de0,4.74,2.69,2.96,0.66
instance-cd18ba47-bb22-4902-83fd-ae50ae9cc184,3.7,2.69,2.18,0.56
instance-d0382b8a-16e6-45e0-8aa3-8a6509fc7fbb,1.47,2.69,1.29,0.07
instance-dbd0754c-c732-4fc5-8789-71d928d74077,1.85,2.69,1.09,0.28
instance-e07d0e7b-8953-494a-b57e-0390c1a82593,8.2,2.69,4.49,1.38
instance-e45b8343-7709-440d-a6d2-3c14b97c4506,22.01,2.69,14.4,2.83
instance-e58f89c3-894e-4b6e-a6bf-fc786e89810a,31.73,2.69,15.85,5.91
instance-e6afbeb0-9a28-4aa9-be75-8c6a91e0502e,11.4,2.69,6.21,1.93
instance-e731357e-b749-4696-a83b-7f810a2956a3,1.04,2.69,0.8,0.09
instance-ee337246-255a-4561-ab6e-2a3df7d257c8,19.38,2.69,17.87,0.56
instance-f4cd2f88-3112-4076-bf80-5b8e9a07a3c1,3.55,2.69,3.23,0.12
instance-fcd04b5f-1a6b-44f7-bbde-13644ce84978,3.26,2.69,2.4,0.32
instance-fd45715c-316d-415b-9546-c159b0563a7a,0.65,2.69,0.61,0.02
instance-0577bb43-1b02-44d9-882e-6dc4e01d5646,2.45,2.68,1.92,0.2
instance-10faca97-615e-43d0-8959-d6bb1089b44c,1.59,2.68,1.17,0.16
instance-13b41e5d-69c9-4c5f-aa02-2c8ba0b360aa,10.23,2.68,2.94,2.72
instance-220eb61f-ca3e-430a-909a-b0de011e2f3e,4.06,2.68,2.97,0.41
instance-2800f279-4990-462b-a819-a0327a1a6e3b,3.34,2.68,2.07,0.47
instance-29c4b628-0e92-4fdb-9de3-e115b6aaa469,2.28,2.68,1.78,0.19
instance-33e5e285-d354-4d57-92d4-2e83ff9a2ab9,1.88,2.68,1.02,0.32
instance-3624403d-b51c-4503-863d-1eb417536d3f,1.46,2.68,1.35,0.04
instance-385b79d9-b260-4436-b5ac-bcbf4b30f1e3,4.17,2.68,3.1,0.4
instance-3dee9b94-2e5d-4c01-95e3-9fee6e38c202,16.5,2.68,15.24,0.47
instance-3e22bc7d-e871-486b-b0fd-97f340012398,4.1,2.68,2.42,0.63
instance-4ee3d92f-32df-4c16-b23a-cb47ef27a923,30.47,2.68,20.65,3.66
instance-4ef3c393-243d-412a-948b-55c70930fa55,10.87,2.68,10.46,0.15
instance-51f17973-702d-46bd-96a3-fac6576751c1,1.93,2.68,1.46,0.17
instance-6d2c49d8-aa7b-41d4-a83f-be013d7c5ce3,1.52,2.68,1.34,0.07
instance-6ff3e1f8-0933-4ee9-9745-f8bd11b58025,4.29,2.68,3.81,0.18
instance-7499e1d4-9606-4c54-842e-e66690b1487f,14.91,2.68,13.77,0.43
instance-7a87aa8b-ac07-4406-8aa7-dc8046d06422,11.26,2.68,9.56,0.63
instance-8decd490-672b-4221-bded-ceb06c0e7a42,3.9,2.68,2.86,0.39
instance-a23951d6-e88b-4e2f-91e4-e4f6f00ff70d,1.87,2.68,1.51,0.13
instance-a5c53256-6cc1-411e-9784-a6641c9cd391,3.82,2.68,3.54,0.11
instance-a7eaf912-cc37-4410-b051-704cbac45576,3.94,2.68,2.84,0.41
instance-b994775a-4123-43d8-9a0d-6fcc643ad146,17.05,2.68,15.99,0.4
instance-c7b69f2a-416d-4313-8c93-1a3760493e46,4.37,2.68,3.14,0.46
instance-d0ce9df6-54f5-4f7d-b76b-8c8789f91412,2.37,2.68,2.14,0.09
instance-d5abfe3c-220e-4b88-a331-06324d1e4ea2,3.58,2.68,2.84,0.28
instance-d783f26d-814a-4a3e-81c7-ac78d8d73340,10.27,2.68,7.99,0.85
instance-dc95a514-dba1-4b9d-ab8d-e6beffae1fca,5.19,2.68,4.23,0.36
instance-dfb263ac-afb1-4d4d-9f18-a06a8f52ff76,18.41,2.68,17.04,0.51
instance-e340eecc-e5c7-4196-a045-d56704ddc460,17.54,2.68,16.21,0.5
instance-e3ee81df-f390-481f-bd41-89d1cc781a63,5.5,2.68,2.16,1.25
instance-e656cbf5-222f-4122-b1ee-6cf34f3dc5e8,3.54,2.68,3.21,0.12
instance-e96c6e4a-1175-4cbb-94dc-4ec46c4f363c,5.16,2.68,4.76,0.15
instance-e9ae5397-b1dd-4abf-b4f3-d2253898da2f,0.46,2.68,0.42,0.01
instance-edcdf481-716c-4b81-b49e-70e3763ca8b4,3.83,2.68,3.06,0.29
instance-eff34e13-e923-4afd-b358-900d7b266733,3.38,2.68,2.79,0.22
instance-f158251f-90a0-45cf-8a02-631c2506764b,8.45,2.68,7.5,0.36
instance-f6103b2a-172b-4eae-84c7-3d76786f1c18,6.3,2.68,4.92,0.51
instance-f6459537-59f5-49df-b39a-ba27b2d04653,5.72,2.68,5.38,0.13
instance-f8dc8338-601a-4b94-9e13-1d890967be57,0.66,2.68,0.58,0.03
instance-fe2e42ca-d13b-4cc3-a4f1-0d410c728876,16.87,2.68,15.9,0.36
instance-02aa61ed-676e-4792-9701-b1568d9bb181,8.33,2.67,7.69,0.24
instance-0967e5f8-d68c-479b-bd1e-3a10b7fb9f79,9.01,2.67,5.01,1.5
instance-0b385ae2-bef1-42c2-9af5-d9b63c64d1c0,6.59,2.67,5.83,0.28
instance-0f9e857a-82ab-429b-b429-dcb1534cd7e1,8.72,2.67,8.0,0.27
instance-1f32ee35-ae60-4663-9406-56d9e5401835,15.15,2.67,14.15,0.37
instance-236c4aa5-d1bb-40de-9530-dd1fda5514a0,7.67,2.67,6.02,0.62
instance-28e00e27-63d2-429e-9a55-7a79c8d05996,4.0,2.67,3.0,0.37
instance-3226e151-6160-49f5-a8e5-0fb7ba60755a,23.38,2.67,13.42,3.73
instance-352ff78e-2f3e-44b9-a0ff-c73f46b31a1f,2.47,2.67,2.24,0.09
instance-3ad581e7-ca51-4dcb-9839-5019576e7ad4,1.68,2.67,1.35,0.12
instance-3cc0d102-2822-4e0a-bfb5-4a5bf99c56c6,2.63,2.67,2.07,0.21
instance-3e4e119c-e95e-431b-85d7-8680101f02e0,21.58,2.67,19.29,0.86
instance-44f49143-827e-403e-a24d-92294785e502,18.08,2.67,16.67,0.53
instance-46ec4b7a-2724-4c1f-993c-14bde7837329,4.48,2.67,3.46,0.38
instance-47f2664f-cda6-405a-b9f9-d2c8abe2c37a,0.53,2.67,0.51,0.01
instance-4c2402a8-9b20-4c34-9efc-d9c353efa9f2,19.13,2.67,16.38,1.03
instance-4e93ae68-6fba-4d55-a306-a0826f8260fe,16.27,2.67,5.17,4.15
instance-53309c0b-5298-4edb-8d89-c32017d3620c,3.82,2.67,2.82,0.37
instance-5bb122a5-9a6d-4d42-bb5a-602cc265d960,12.64,2.67,11.77,0.33
instance-5f810689-64dc-4ca3-96cb-1d92db19d9cb,0.83,2.67,0.68,0.05
instance-65896c52-496d-4436-9221-1085726bf30d,15.7,2.67,10.35,2.0
instance-6cbcf75b-12c0-41c6-9e08-a5704cab1569,3.31,2.67,2.92,0.15
instance-71bf6e6d-9d26-437d-805d-cd063a77d7a5,0.89,2.67,0.78,0.04
instance-7d1d021d-5c32-47a6-8cc8-e351546d4b15,24.44,2.67,14.93,3.56
instance-821242b1-99b3-43db-85bd-bab4bb257103,3.84,2.67,2.15,0.63
instance-84b36db3-c9e2-4a05-979e-7dbe07cab7a3,4.47,2.67,3.38,0.41
instance-84c820f5-bb56-4ec6-8fd4-186e6cdb7534,6.87,2.67,6.41,0.17
instance-85497726-a62b-4e4d-b53c-fc5e49b6755a,18.95,2.67,16.82,0.8
instance-869186b4-6f02-4e8f-aabf-9001446046ca,3.71,2.67,3.03,0.25
instance-914e31ca-fcf0-45e4-b517-25094483845b,19.32,2.67,15.86,1.29
instance-91cdfe4a-dad8-47ff-9812-79ab969871a3,15.26,2.67,12.41,1.07
instance-91fc07e5-cb2d-4301-a48e-7ec36036e5da,3.67,2.67,2.59,0.4
instance-98c847f9-d5f2-4821-ab25-c11c22aeb27a,14.95,2.67,13.66,0.48
instance-a6778951-c880-4359-a22e-3a8f1f8851df,3.64,2.67,2.7,0.35
instance-a80145c8-e394-4141-8473-f92fa2b4c426,1.27,2.67,0.93,0.13
instance-add3a71b-a93f-4f6a-9e7d-35dfd178bd38,2.01,2.67,1.96,0.02
instance-b207ab6a-d7bb-4b31-a03c-eb454ba45460,1.62,2.67,1.58,0.01
instance-ba4087ec-84da-4717-a9ed-1a95ec04f59e,7.0,2.67,6.55,0.17
instance-bd57dec6-0f34-4c6b-87e9-f00bf5068f90,3.16,2.67,2.9,0.1
instance-bf891ce2-afdf-4958-a302-81ac16b0ef80,3.77,2.67,3.29,0.18
instance-c0391abc-3c58-4253-ae9d-283ee7004b5e,10.23,2.67,9.42,0.3
instance-c45bc584-eb15-4884-be7b-9a6739a3dcd9,14.11,2.67,13.43,0.26
instance-ca205a6b-4193-467b-8f72-6ea81f68e594,3.53,2.67,3.25,0.1
instance-cb747286-f590-45f2-81ad-8752658099f9,4.21,2.67,4.04,0.06
instance-d5270d42-f034-4c3a-937e-5e499629323b,4.54,2.67,4.03,0.19
instance-d751924d-e56d-4b51-a1bb-9350a17a736c,9.99,2.67,9.83,0.06
instance-d7def4c3-3976-4f65-9901-7bd1cde6bb5c,6.89,2.67,3.69,1.2
instance-d852f3af-641d-4bb4-85fe-ef03deb84f11,1.69,2.67,1.4,0.11
instance-dc3dd520-c70c-42e1-87d4-54d11f22eb6a,17.9,2.67,12.82,1.9
instance-ddaac7c4-f4d9-4b8c-adcd-f8f7d3411d22,8.62,2.67,7.28,0.5
instance-e6414f09-38ba-426c-94c6-6d160a13c35c,11.23,2.67,4.45,2.54
instance-f18713fc-00bb-4b5b-bfad-aa9b4bba711b,14.38,2.67,3.26,4.16
instance-f5aca33b-062f-43bc-b656-d516daaee6cc,1.91,2.67,1.37,0.2
instance-038e7abe-b798-430b-bcf6-a1f6e7d6796a,3.09,2.66,2.37,0.27
instance-08361bc3-eb9d-4c97-9c4b-626d91e7b42d,10.5,2.66,9.19,0.49
instance-09370aae-408b-47e0-802a-87586d479349,4.31,2.66,3.94,0.14
instance-0c870416-78f1-4606-981e-935c1b2ed689,3.61,2.66,2.77,0.31
instance-1ed92dd2-d0e8-48de-a1c0-94f922c1df15,2.94,2.66,2.17,0.29
instance-25f808fb-47ec-4320-add3-38e49f0232d2,10.22,2.66,9.21,0.38
instance-290c803b-a514-4079-91f0-3d4fc2033551,21.44,2.66,12.42,3.39
instance-2cab711d-c295-487f-95af-e271a5e57ba0,4.68,2.66,4.21,0.18
instance-38610da4-4412-4dc0-abc4-f574f6a521a5,53.92,2.66,17.94,13.51
instance-3f488c3b-9f54-4bdb-9602-271830b3b891,1.43,2.66,1.12,0.12
instance-47f5bf42-e86f-435f-986b-fcb96413bffd,7.65,2.66,6.16,0.56
instance-50356736-8cc0-4c04-b14a-2c581989a42b,2.13,2.66,1.66,0.18
instance-517ac339-0f7f-486b-bdc3-d93acb749dec,4.74,2.66,3.64,0.41
instance-5444f577-f184-41e9-a8a5-95a99172127e,4.01,2.66,3.13,0.33
instance-6694df74-26e2-47e4-8f09-8403e568d3b9,19.26,2.66,16.59,1.0
instance-6d0bd4ab-913f-4ab3-b5ca-555cb3294596,17.17,2.66,15.84,0.5
instance-73bd6e44-c7db-4334-a21e-268ebb714079,7.58,2.66,7.06,0.2
instance-7413f7ca-a2e8-41f1-8c0b-79094d067057,7.87,2.66,7.07,0.3
instance-75fd6b13-a22d-480b-af78-0a7ae370c8cc,6.74,2.66,5.3,0.54
instance-77c15c3a-fe5f-4280-8b2b-9a479db84fd3,0.84,2.66,0.68,0.06
instance-7d842644-9823-498c-a546-ad93624d3193,9.07,2.66,7.04,0.76
instance-89fb35d7-d84d-42e2-9413-792862862bfd,4.44,2.66,3.18,0.47
instance-8c20e1d1-08c2-4c01-bc3e-dc8498cc3372,3.37,2.66,3.19,0.07
instance-8df81a07-1d4a-4a92-b208-21835889819b,4.37,2.66,3.12,0.47
instance-93c73b82-ade1-4a34-9d8c-dae08c6c3d5c,6.64,2.66,3.47,1.19
instance-9927d686-191d-4648-ae6b-e9047a5636b6,4.98,2.66,3.25,0.65
instance-9cf424c4-fd7b-46d8-9d5d-bed2df8fe207,3.24,2.66,2.25,0.37
instance-aae05106-f6b1-41c8-862d-c4218e296a5c,2.76,2.66,2.46,0.11
instance-b1fad7e6-6c85-47c6-ae23-1158563efa25,49.19,2.66,11.76,14.1
instance-bc97c10b-2f95-4d73-bf02-52fdcb79bfa5,15.24,2.66,13.6,0.62
instance-bd89de14-824d-4491-a2e0-1aa80c0d6c60,14.95,2.66,4.13,4.07
instance-c6cc902a-f667-416d-bde2-eabaeb5092b2,3.68,2.66,2.77,0.34
instance-cb033093-16f4-4a0b-83ed-f38ad6dd571d,0.54,2.66,0.51,0.01
instance-cf650dfe-184c-460a-8698-0a3b5c1ba8cb,5.19,2.66,4.61,0.22
instance-d08196ac-26a2-4fe3-8424-9a2030bc0556,42.12,2.66,23.04,7.17
instance-d1282d8a-d52a-4eae-ad18-04fac9616122,32.98,2.66,31.54,0.54
instance-dd200803-0583-4d88-ad4d-c21e242692e2,6.11,2.66,4.94,0.44
instance-dd2ada32-b9aa-4b8e-9753-5ad9b7c8f2b7,3.23,2.66,2.32,0.34
instance-df2a6138-6370-4d93-bd04-0191eb1ef69c,7.61,2.66,6.07,0.58
instance-e60cdd3d-fab1-42bf-a3f7-7f0352590ec0,1.5,2.66,1.4,0.04
instance-e652b9b2-c083-4ef4-b256-0e1468d419a5,2.34,2.66,2.07,0.1
instance-e8cc0526-98c1-4808-91db-b295ac40cb61,0.67,2.66,0.56,0.04
instance-ed9b96d4-0bf6-4fca-9ec8-860518eae770,0.74,2.66,0.63,0.04
instance-edfe8915-fe03-416d-bd08-5228a4ecb68b,2.82,2.66,2.19,0.24
instance-fb0e0343-8a10-4a9c-8d2a-c3dd13e97013,4.26,2.66,3.11,0.43
instance-fdc58a7c-834c-4436-9a57-b84074c985d2,7.53,2.66,6.2,0.5
instance-fe1d718e-8f73-475b-9801-bf22d459be1e,3.19,2.66,2.07,0.42
instance-08560090-9cea-4e3f-a780-5cb7c9233845,3.63,2.65,2.54,0.41
instance-0aabc93a-c0a7-465b-b8e4-cec68034f837,4.17,2.65,3.19,0.37
instance-1ae32407-8f5d-42ba-9c9e-dc20332c7f7d,10.15,2.65,7.93,0.84
instance-29bbfafc-9938-4c61-8ac7-b4a8f4147ffa,10.71,2.65,10.21,0.19
instance-37561ab3-1bd1-4bc7-9787-1c098e64d2d1,17.87,2.65,15.81,0.78
instance-384d886e-7dd9-4192-b807-5cdb0dd528a9,6.63,2.65,5.5,0.42
instance-3a4d0d80-03b0-4308-8561-b2fbdd92d72e,0.17,2.65,0.16,0.0
instance-3b6f970c-82eb-4acb-80f6-db7205a36b04,18.24,2.65,15.41,1.07
instance-3cd872da-6294-4182-a1a2-724ffcbdef70,9.64,2.65,5.69,1.49
instance-41374a48-5d61-43fc-87f8-e69a4d6e8e45,39.29,2.65,26.13,4.96
instance-43216ddc-1bee-4813-a270-849020899c62,15.88,2.65,15.05,0.31
instance-54b5a5e4-6995-43d0-bbb2-ae8a58f212e8,9.46,2.65,8.48,0.37
instance-561b7dfd-9deb-4f5e-9316-0e8c5f4dbfab,3.25,2.65,2.77,0.18
instance-5675f8ca-50ee-4286-b490-4020906693e3,17.01,2.65,15.65,0.51
instance-5bea3709-2ff1-49a8-b6cf-56a9fa1b5e40,5.02,2.65,2.53,0.94
instance-607fe9bd-6e56-4e44-8848-6c5739605610,8.13,2.65,6.23,0.72
instance-6501ce63-2801-419d-a239-5930ebeb6dc0,2.7,2.65,2.32,0.14
instance-660bf052-a636-4314-9267-7d090acd4728,3.72,2.65,2.75,0.36
instance-683fb302-e755-48be-a7b3-2d6c6cf69f93,0.05,2.65,0.04,0.0
instance-6b75d09a-8b47-4dd4-9aae-38b5fbacc85b,8.07,2.65,6.33,0.66
instance-6d16ac6b-9e1a-4411-b497-95c3e477ff05,60.93,2.65,9.36,19.47
instance-6e06aebf-501e-4f1b-8235-34f34639c966,57.78,2.65,54.81,1.12
instance-72d17b4b-e11d-4eff-8afc-884702fa8d63,9.73,2.65,7.65,0.79
instance-77b1d6fa-056c-48f3-a8fc-15a0eeb46229,12.66,2.65,11.95,0.27
instance-87fe68bd-e83b-404b-a8fc-b8089c0d5578,24.18,2.65,16.44,2.93
instance-88b634d4-62e7-49eb-bd6f-fbbdd64bf211,25.62,2.65,23.15,0.93
instance-8f71aa34-f7ed-46da-9050-2949c6b9838a,9.32,2.65,8.72,0.23
instance-96e644f1-98b5-4c53-9f8c-e502ac1238de,7.62,2.65,4.56,1.16
instance-9ac1b9fd-c48c-45ec-8a4c-d73c1adac559,2.91,2.65,2.61,0.11
instance-9d17c955-9905-4443-b761-f7d1df17188e,3.84,2.65,3.49,0.13
instance-a0fc278c-ace1-4464-b067-46fb5f59880d,6.42,2.65,5.17,0.47
instance-a6236c76-828d-4820-b2a1-36df34beb322,5.5,2.65,4.07,0.54
instance-a8888515-851b-4cde-843b-6565bb839d92,17.01,2.65,15.9,0.42
instance-a9b788d0-56e7-4e13-9675-cef545bd8b5d,5.33,2.65,4.41,0.35
instance-b850ae38-dbdb-4a97-ba1c-ced23bc63690,4.35,2.65,3.91,0.17
instance-bd5a6728-82f1-4641-9207-86eaa47a7ab0,2.21,2.65,1.66,0.21
instance-be73ad12-f543-4de8-8dce-f3c749a0472c,12.59,2.65,11.51,0.41
instance-ca53ff12-9123-45d3-aaa2-2f0994bdf028,0.86,2.65,0.76,0.04
instance-d70fe558-0d8d-43ea-a50a-14589cbca276,17.54,2.65,16.01,0.58
instance-dbdc8e6e-7213-42a9-897f-e62b937802e3,0.12,2.65,0.11,0.0
instance-e5165f4f-1689-4356-8c6d-b73a502d68fb,5.88,2.65,3.73,0.81
instance-e7e3669e-d5f1-4fab-a737-a8c567c2a9fa,4.15,2.65,3.91,0.09
instance-eaa096a4-d8fa-4a6c-8cbd-a02e8adcf295,7.12,2.65,5.07,0.77
instance-eb8b8106-f6c2-4e82-9bb4-648953a8cff7,18.75,2.65,13.66,1.92
instance-f08afacb-8118-4a6c-85d2-3c4ee356cf10,3.5,2.65,2.52,0.37
instance-fb08e05e-f2b5-41e8-8442-bb88a5ca30e1,12.18,2.65,11.23,0.36
instance-febdd90e-6584-4cfc-81b9-a0e136d3db3d,15.11,2.65,8.54,2.48
instance-00655607-7797-4976-9f61-162c951d8966,6.28,2.64,4.6,0.64
instance-018fd34e-8f09-448d-9b67-51eb4596fcce,5.33,2.64,4.38,0.36
instance-1812a108-3e01-435c-a963-cf2cb1535a54,3.41,2.64,2.47,0.36
instance-2bd5a0ca-0adb-4cb1-a1df-775689500135,10.2,2.64,9.46,0.28
instance-2dc7a78a-0e93-461b-9426-700f6685d174,7.58,2.64,5.87,0.65
instance-2fe30551-4657-476f-a70c-d9f80ef69010,1.36,2.64,1.2,0.06
instance-30a47a8b-2de9-40d6-8691-7ec58c7dae88,4.74,2.64,4.07,0.25
instance-33719b09-d201-4acd-8508-9311d4c98d6c,1.31,2.64,1.22,0.04
instance-37777c65-88ba-41d2-a31a-33349a777d34,10.39,2.64,8.27,0.8
instance-3face76b-25f6-433a-814f-7c6fa6211ff6,1.59,2.64,1.36,0.09
instance-434760af-ab4a-4ef0-b170-aeec7519d1b5,7.33,2.64,4.88,0.93
instance-4380ae56-9239-46aa-9704-587869eb970d,2.65,2.64,2.46,0.07
instance-4ca0a39b-c04e-48a1-8b61-08913833fde5,3.72,2.64,2.73,0.37
instance-4f892ba2-1c4c-4bb9-826d-3af862b65412,15.73,2.64,14.76,0.37
instance-5f0351a1-7cf2-44fe-bd71-445b90c4c520,2.62,2.64,2.41,0.08
instance-669ebd47-156c-44da-b16e-f25ec8427958,41.94,2.64,35.02,2.62
instance-670202b7-addb-4962-9f77-51b17a4ba611,3.45,2.64,2.82,0.24
instance-675acab0-8b81-4c7f-bc91-f8bbf47f8dba,3.66,2.64,2.85,0.31
instance-6a072b6a-62f7-4e99-a799-d4d5bf0f3eb0,4.3,2.64,3.33,0.37
instance-715ec59c-25a7-44df-b9b5-a48cf841a9cd,3.75,2.64,3.39,0.14
instance-730c7498-c506-4006-b4b3-6b36b046188d,1.2,2.64,1.1,0.04
instance-77532e1a-11a9-4055-ad7b-49e06438a0d4,3.15,2.64,2.49,0.25
instance-7e773e34-88f3-48fa-bdb8-01f4a3088a9c,1.36,2.64,1.06,0.11
instance-82ca43e8-6bd2-4a8e-a115-2d3ac86b7c60,3.3,2.64,2.55,0.28
instance-873df37f-eac5-45cf-b52a-f0d135faef21,6.28,2.64,5.12,0.44
instance-8b99edd0-d88b-4796-a91d-00e3ea021dff,0.85,2.64,0.73,0.05
instance-8c7b2c2c-b9d9-4c64-865a-77784f076409,2.26,2.64,2.02,0.09
instance-91ba6c67-5309-4e8f-bfbd-d832e47601f6,2.49,2.64,1.93,0.21
instance-99510d42-17c1-4d1c-a2f5-82c7257d5a9f,12.08,2.64,9.74,0.89
instance-99d118f4-d035-4624-9172-70fa950c5746,1.06,2.64,0.81,0.09
instance-9b5d38cd-b30c-4ea5-b513-9095252a0a06,1.93,2.64,1.82,0.04
instance-a0656291-c676-4c5a-a8c4-136d425a7216,26.52,2.64,20.68,2.21
instance-a3ab3440-0274-4c4b-9450-3d7dce79cfe8,1.59,2.64,1.33,0.1
instance-a523af97-d5d1-4fcd-9ead-4a8054a9d252,3.96,2.64,2.76,0.45
instance-af908c51-53a7-4534-8d77-30847dbbd033,4.28,2.64,3.64,0.24
instance-b0494911-71a3-47a6-bd75-801575927e1e,16.59,2.64,13.71,1.09
instance-b0582a5e-c997-4215-89bb-13fd2a043b68,2.53,2.64,2.04,0.19
instance-b8a990f3-db7b-4af9-b5f9-c43c51a59af9,3.8,2.64,2.85,0.36
instance-bbee0ff9-bd3f-407c-9bf4-0921da966a58,4.81,2.64,4.43,0.14
instance-bdaaec15-c95c-4df6-ad6e-14c6185f3ce0,5.44,2.64,5.11,0.13
instance-c222b762-8d52-4317-bca5-4776df50d424,9.46,2.64,5.85,1.37
instance-c28bb676-bfdd-4cdd-85b4-7ff098b416c1,5.61,2.64,5.2,0.16
instance-c6800f60-c8e8-4ea7-b682-e2e5f83168a8,3.79,2.64,2.89,0.34
instance-c754fa9a-1e07-4e8d-89c0-45a878972632,4.21,2.64,3.04,0.44
instance-c85c35f4-09c6-40ba-8a5a-fccd1d6ddeae,14.78,2.64,13.43,0.51
instance-cbc392d9-fbc3-49f4-bf62-324a63e85560,8.98,2.64,8.14,0.32
instance-eba73af9-c314-430c-b2f9-cbddf9b71b8f,16.62,2.64,15.23,0.53
instance-ed2633ae-9436-4aa8-8f0c-5255e6e8b370,10.27,2.64,7.98,0.86
instance-f18cae60-0689-4a41-a985-8839c955a312,19.5,2.64,15.82,1.4
instance-f1ee40a1-3872-46c6-86d4-a9faefca9de1,2.52,2.64,2.1,0.16
instance-f408702b-0411-4e08-b174-1b317e192567,1.38,2.64,1.14,0.09
instance-f5395c39-7d02-4768-a056-2187c48e8f6b,3.59,2.64,3.34,0.09
instance-f668d82d-994a-47bd-9ef3-f44f84b3de19,9.26,2.64,8.66,0.23
instance-f88e4f0c-8260-4672-a1e5-8857a3e18ee1,16.99,2.64,16.16,0.32
instance-fe10ab32-9822-4646-b00d-83967f916efe,17.65,2.64,10.32,2.77
instance-038b9ce8-673f-46ec-a2d7-235eb20b5591,3.91,2.63,2.86,0.4
instance-061b08fc-1db2-4bf8-902f-64e6de967733,6.91,2.63,6.67,0.09
instance-0daa3cff-27f2-4b34-ac1b-e275a1694c39,4.16,2.63,3.18,0.37
instance-0e8e397f-eef4-4c90-9547-34436077bf7b,8.05,2.63,6.06,0.76
instance-0f174071-4bf5-4fbe-b986-844661fd0929,8.85,2.63,8.53,0.12
instance-11434758-5b62-4744-a108-e984e15319ea,4.17,2.63,3.06,0.42
instance-12532bc9-2cdc-4e02-abe9-9cfc09cf5bc5,5.46,2.63,4.1,0.52
instance-1e9632c4-236b-40a9-92d3-f14dfa320ab4,3.94,2.63,3.16,0.3
instance-1fcddc1d-1c14-4a87-bf9a-997aa9ff36b0,5.23,2.63,4.46,0.29
instance-3896cdaa-6c49-4cba-a027-270968f13840,4.95,2.63,3.66,0.49
instance-40085c79-5d75-4fa9-b62f-297dc700d50c,5.93,2.63,4.92,0.38
instance-44b0a586-9f29-49cc-b94c-49e85956225d,5.16,2.63,4.52,0.24
instance-4b028591-68ce-4d3f-9d1d-6c28818f7223,3.25,2.63,1.89,0.52
instance-4b8e9f1c-f285-4c1b-9afc-50c855178014,2.54,2.63,2.03,0.19
instance-50a273b3-1295-48e4-99ba-a0b8fa444ef1,4.54,2.63,3.7,0.32
instance-50ef5afa-1680-4a36-8add-3a3c7472f470,4.04,2.63,3.58,0.18
instance-51186846-ad81-43c7-86c9-69918196427d,5.97,2.63,5.52,0.17
instance-54c906af-58d3-4d59-ab81-756a61152489,1.8,2.63,1.5,0.11
instance-5675fd80-de74-4abe-a70d-0baff398fd3b,16.75,2.63,15.66,0.41
instance-581d0afc-c5ad-401e-a38c-ab92d89ab970,0.54,2.63,0.38,0.06
instance-62d4bec6-8c3a-408a-b812-4106984f1334,1.63,2.63,1.46,0.06
instance-6391f48c-c1b1-450b-a732-a44ca3fb6e90,10.92,2.63,7.28,1.38
instance-6c493728-d401-43f8-bbb5-b73dec64e8fb,11.15,2.63,6.72,1.68
instance-6db17000-a7d0-477c-80e0-1f37e833b6a4,2.02,2.63,1.69,0.13
instance-716f5a5c-b4b8-464e-a216-2f4afc7ba5aa,28.87,2.63,13.57,5.82
instance-770b08e4-9799-4eb3-8e89-b26c34f26afd,4.2,2.63,3.31,0.34
instance-77a682b5-d9bf-4142-8170-f5482597ba07,2.14,2.63,1.61,0.2
instance-899ce1b5-81b3-4d8b-b7ac-76ce8f5ca158,41.0,2.63,17.76,8.82
instance-8ebbe777-6c16-493d-bcf2-aecc9d619ced,3.55,2.63,2.33,0.46
instance-8edbf82a-81e8-42b0-81db-5bc8fa13218b,7.63,2.63,7.07,0.21
instance-8fb36790-b3e1-4e87-b24b-597ff6d3e445,0.65,2.63,0.59,0.02
instance-90ed4faf-7589-49d7-bdb2-3dd24d2cbddc,60.52,2.63,25.15,13.46
instance-96835147-2e7a-46cb-aee6-bed8a7d59d48,1.91,2.63,1.6,0.12
instance-a12c7a0e-e0cc-4871-9f55-4b31c09b01a3,3.66,2.63,2.91,0.28
instance-a400836d-a695-4064-a9d8-2838738b3b5a,8.04,2.63,6.3,0.66
instance-a760b7cb-ebf2-4054-b78b-b5bd4c815e51,4.77,2.63,2.93,0.7
instance-aa1b667b-dc80-42f8-ab62-78cd11622a03,10.7,2.63,6.91,1.44
instance-b3c16358-7070-4542-8547-c48f61c1ca11,10.98,2.63,8.79,0.83
instance-b8f428a3-8927-4c5c-813e-1c4807933a28,7.37,2.63,6.54,0.32
instance-c008756e-a509-4c8f-b26f-c4769eca6f82,21.43,2.63,13.96,2.84
instance-c5fc5dbb-96f1-4a4d-adfe-ed96498dff79,4.43,2.63,3.79,0.24
instance-d10ad15c-ee42-4d6c-8a02-edc371a9ffee,15.69,2.63,10.03,2.15
instance-d3fa92e3-3c2c-4406-ae09-c57c104f6409,7.63,2.63,5.82,0.69
instance-db01e6bc-4e6c-4afa-9283-d8c1e417d6f7,4.52,2.63,1.71,1.07
instance-e3d8087e-0af7-4512-bfe4-0b8365afd489,3.62,2.63,2.81,0.31
instance-ef9adef4-1f20-420a-9090-68dfcdf571ee,18.83,2.63,9.73,3.46
instance-f3d8d282-c415-474b-a1d1-fc07d654c531,4.52,2.63,4.29,0.09
instance-f552c4a0-5aa1-4300-86a1-98a51f05bb7d,3.42,2.63,2.61,0.31
instance-fb4e2097-b15c-4f97-a612-0135839a3574,3.55,2.63,3.3,0.1
instance-01855856-76b1-44d1-acfa-79ac606bebda,11.76,2.62,9.72,0.78
instance-07b15984-197b-4037-b555-5d98922971ad,10.79,2.62,10.25,0.2
instance-08b677db-b479-43c8-a4ae-43f67b2499ba,13.02,2.62,11.7,0.5
instance-1742d51e-6e2d-4662-952a-74f8ee225afc,5.62,2.62,4.6,0.39
instance-199c03cc-f20b-4c36-be59-2fabbaf816dc,3.87,2.62,2.86,0.38
instance-1e43b25d-1dd6-4fd8-aa05-fc6d11919bae,18.63,2.62,16.72,0.73
instance-20b95c94-276e-4f8e-9f6f-2c6c56abef91,4.82,2.62,3.22,0.61
instance-255ffa0c-5bd5-4ecb-8a6a-0207725615d9,11.37,2.62,5.71,2.16
instance-273ad819-9747-46fc-9854-66ec1e0166a5,5.77,2.62,3.46,0.88
instance-298f09d2-72a0-4c73-9387-ad1a1b3726e9,2.8,2.62,1.78,0.39
instance-34c9a05c-b210-4b65-a760-10f08bf5afe0,90.64,2.62,87.02,1.38
instance-365d3e7b-658b-4e88-8764-ee381a4015e4,17.04,2.62,15.42,0.62
instance-3ece89e8-6e10-4d23-86c6-290b0688ce97,3.79,2.62,2.78,0.38
instance-42758240-7e90-4e6f-8956-d08997cae993,3.27,2.62,2.72,0.21
instance-4c95dc03-68ee-4725-a18b-fbfca7ceddc6,6.01,2.62,4.42,0.61
instance-4fee7805-6cd2-4c3f-873c-2dada5e1d009,0.66,2.62,0.57,0.03
instance-53bc1709-307e-4d50-b6c5-92db937cc83f,2.97,2.62,2.34,0.24
instance-65785fdb-4a9c-4841-8644-6e4e7fe207d2,7.34,2.62,6.18,0.44
instance-662c16b1-52c3-4a44-8d44-661079e0bcf0,0.53,2.62,0.51,0.01
instance-6892e104-ca48-409d-bb5b-f62162f34ccd,5.54,2.62,4.88,0.25
instance-68fe9b8d-66ac-408f-b406-01ad73a191f0,14.4,2.62,13.53,0.33
instance-6e5c8dbd-b515-4c2d-b878-feb5f8bf328c,5.86,2.62,2.63,1.23
instance-6fb61da6-72fe-4230-ae96-173f42ffcecb,3.63,2.62,2.38,0.48
instance-710d82a2-ec5e-457c-bfa9-bbfbffea4184,27.37,2.62,11.83,5.93
instance-752a8c86-e22f-4f58-9d8b-4776223fb030,19.3,2.62,18.38,0.35
instance-783bebb0-76f1-4d48-be86-2354f5c528f0,4.29,2.62,3.25,0.4
instance-7f097391-7341-4486-97a8-07dfe98ebbfd,1.37,2.62,1.12,0.1
instance-81b7d371-909f-401c-8ba5-6cd69368ce45,17.47,2.62,13.75,1.42
instance-8794c147-c07c-4fb6-9249-46e6d5bce238,2.72,2.62,2.26,0.18
instance-88def6d1-d185-40b3-bf95-85b0bc0c204b,2.64,2.62,2.31,0.13
instance-8ac05a0a-54c1-4f15-9895-55759a7c0458,10.55,2.62,7.22,1.27
instance-8af8be12-fddb-484d-bf9f-a971da347b9a,2.6,2.62,2.01,0.22
instance-8bed81ea-07b7-4323-a829-a844f80239cc,1.25,2.62,0.49,0.29
instance-908cf290-e8b8-49ef-a650-39d6e4882c92,30.69,2.62,18.48,4.66
instance-923465fc-2e29-42ed-a3a5-80dab89cf4e0,18.73,2.62,17.07,0.63
instance-95875747-ab66-4fb1-abc2-5a277a16b1d9,4.01,2.62,2.27,0.66
instance-9807587d-b77d-412e-b9fb-f33a7e32c33e,1.5,2.62,1.28,0.09
instance-a321235d-48be-4cfb-ab8c-eeb9392c24fd,3.97,2.62,1.9,0.79
instance-a6e5eaa9-c6dd-494d-ae04-9ea187dd217d,17.49,2.62,11.82,2.16
instance-aa198c81-fdbb-4b9e-95aa-38793481a87c,3.71,2.62,1.84,0.71
instance-ac59ff99-cca8-457d-9cbc-1bc5997013ec,7.9,2.62,6.29,0.61
instance-ac81aa50-5779-4732-9ec1-bce42ff413b4,3.09,2.62,2.79,0.11
instance-b01bf7b7-135d-4fcf-aee1-56c9966f7697,2.8,2.62,2.45,0.13
instance-b1645be1-9189-4b99-afae-8ff9b46abdb3,15.59,2.62,14.0,0.61
instance-b1dbeafa-4541-4c90-9081-f8a04b295277,7.55,2.62,6.33,0.47
instance-b2ab3fdb-b9a8-40de-9e81-a584b8e95e34,1.11,2.62,1.01,0.04
instance-b37472bb-fda4-4c00-b1d1-55792d58c3f4,16.29,2.62,14.84,0.55
instance-b4901b08-b60f-4fd2-84d8-018fc4045de6,10.0,2.62,8.16,0.7
instance-b954deb7-65a9-4890-9c7e-1730fa111fa7,6.12,2.62,5.1,0.39
instance-bb5d8f81-4f58-4bb5-88ec-623db06ad95e,4.18,2.62,3.78,0.15
instance-becec68c-c36d-4b69-8351-ba730592cf4c,8.26,2.62,7.79,0.18
instance-c5298597-2cd2-42c5-9330-9e20a3f3958d,3.29,2.62,2.35,0.36
instance-c7582bca-b30f-49f1-b6e4-a12c15682572,17.26,2.62,16.04,0.47
instance-cadc25c6-7dc6-4a0c-bdc2-622b3613c073,0.79,2.62,0.68,0.04
instance-cb74376b-0dd5-4438-9470-8ee5c4ee855a,6.38,2.62,5.16,0.47
instance-cdbe81a2-401a-4625-9a81-450f3dd5e8b4,3.66,2.62,3.42,0.09
instance-cdf59571-db2d-4420-93bc-50335b008239,21.87,2.62,5.81,6.14
instance-d86bcbd0-c645-4120-8bef-3d596d53de39,29.78,2.62,27.7,0.8
instance-de4042c3-45a7-4891-8199-bbb40442eb37,3.69,2.62,2.75,0.36
instance-de7813a5-1718-42ec-9fb5-2da73d44eaa0,2.12,2.62,1.8,0.12
instance-e015107a-4a07-4951-b244-59b79fd1c7c8,2.52,2.62,2.35,0.06
instance-e53eb918-624f-4b5b-88cf-6820e23692a9,5.93,2.62,5.19,0.28
instance-e70cc4ec-b4cb-4b97-a3d4-1aed71ee8d55,2.77,2.62,2.31,0.18
instance-e8c59d0b-e9f8-4bc3-8281-8256a7c0b5d3,18.95,2.62,17.58,0.52
instance-efc1eea5-d16b-456b-947b-9dba84986966,4.39,2.62,3.2,0.46
instance-f1e83292-d882-46e7-a0bd-103f6cdc721a,1.63,2.62,1.42,0.08
instance-f6fba7e3-9dd7-494e-95e2-ba3b16730ecd,1.41,2.62,1.05,0.14
instance-fe9aeb56-04fd-4ae2-b7c0-298682033d0b,0.99,2.62,0.66,0.12
instance-0b0dc032-968d-46f8-9444-46b8cec9d46c,1.49,2.61,0.83,0.25
instance-1d288f9a-124f-4931-a604-b9132c2cef4e,10.63,2.61,4.95,2.18
instance-1fb8e0a2-c0e5-4453-9464-8918433447cc,14.32,2.61,8.54,2.22
instance-21e14e30-17ff-43a7-b412-542c60c637b4,5.04,2.61,3.17,0.72
instance-256ef62e-f257-44f8-9e7e-d685f817b7d2,17.22,2.61,15.96,0.48
instance-2845d0a4-c744-45c3-8095-662cd750d00b,18.97,2.61,18.23,0.28
instance-3bee4c15-4046-42fa-b652-778f017a468d,2.22,2.61,2.03,0.07
instance-43a8c633-445a-4e2f-b1a6-6cf35d29268d,2.53,2.61,2.28,0.1
instance-46317115-30bd-4dbf-89ef-db6610457074,2.47,2.61,2.23,0.09
instance-46da527b-21ba-4186-9b2d-3a44a96d25a0,3.54,2.61,2.84,0.27
instance-48ff1184-ad1c-4440-a234-04f25a8b3bca,1.72,2.61,1.37,0.14
instance-4b009a8f-bc07-4d9c-9b24-25001252936a,11.99,2.61,9.33,1.02
instance-52af4abe-fb26-4ae9-bdc3-fb17890380e7,5.55,2.61,2.05,1.34
instance-52b0a29d-05c4-4c4e-a0f8-7801e5a5786c,96.64,2.61,16.41,30.75
instance-5b4b2831-44a9-4f7c-a3f9-922ca96a1d83,33.74,2.61,21.67,4.62
instance-5b735af9-7feb-45f1-8a2c-e01f55cdd61f,1.58,2.61,1.31,0.1
instance-5f49d9a9-3284-46d5-ad47-3a478585e7f0,14.58,2.61,13.77,0.31
instance-641bb70f-ab89-4e11-babc-ce7a456a1e86,3.39,2.61,3.05,0.13
instance-66bd6629-2319-4758-9aad-9ed8cf7d7976,3.01,2.61,2.71,0.12
instance-6a2b4348-24e8-44c2-9ba6-fb73758adb35,14.08,2.61,9.78,1.65
instance-6c40589a-49ce-4718-8a52-5018e771acfa,7.75,2.61,5.07,1.03
instance-6d19fdf9-9a74-46b2-a11b-3c3e2aa15d5b,16.51,2.61,15.56,0.36
instance-770a05a8-0b8c-4df2-b879-65a9a3868536,2.69,2.61,2.5,0.07
instance-7740df54-d81b-4b45-b749-17866cc925ec,2.52,2.61,1.75,0.3
instance-7c536a0f-3d1b-4207-ad6d-98035a23df68,8.91,2.61,7.32,0.61
instance-81973b3b-528e-477e-8d80-11767fbcfd41,1.98,2.61,1.87,0.04
instance-89205d8f-ed26-4f88-af7a-3437b21c8b1f,21.02,2.61,7.2,5.29
instance-8a203184-ae51-41fd-af2f-0297af49fdbd,4.31,2.61,3.16,0.44
instance-8b27f70c-db14-4009-9884-2e2f84185d56,5.52,2.61,4.15,0.52
instance-9088c6a1-56ad-48db-80f4-65197c84ccfd,2.91,2.61,2.72,0.07
instance-90d2b038-a317-4c5e-9578-59c40198c9a4,5.21,2.61,1.95,1.25
instance-9209d57a-7d2f-4731-8fa1-5db8e5b5b946,3.65,2.61,3.43,0.09
instance-9361496b-db54-473f-bf8c-46ffb7113f13,1.8,2.61,1.42,0.14
instance-97ae674b-8d78-4d6a-9228-08807ce703cf,48.16,2.61,12.37,13.73
instance-9ca3bd13-afe6-4426-8230-652562507949,15.3,2.61,14.02,0.49
instance-a23caa2c-4e69-4642-ba12-7e7b0a628588,7.2,2.61,5.84,0.52
instance-a25d66ae-bb3b-46d6-989e-111a16a55578,8.71,2.61,8.31,0.15
instance-a3f6f58c-95a8-490e-8102-7c0e6e2d0fac,15.33,2.61,14.42,0.35
instance-a7a1deaa-bec9-4d83-aaa2-44b580699392,12.19,2.61,11.84,0.13
instance-a7ad5d44-7d43-4fa0-8946-27cc7aa54a41,1.51,2.61,1.3,0.08
instance-abbeb5a3-8763-439d-b994-866360f95f9d,5.68,2.61,4.54,0.44
instance-c049a310-4fa4-4b7a-b512-2a129a201ade,3.36,2.61,2.5,0.33
instance-cccdba7f-4c29-4a69-9fb3-71f8adb69d6e,3.73,2.61,2.24,0.57
instance-d4d96004-3d33-443a-9417-ed78571c338e,1.49,2.61,1.28,0.08
instance-d657ef69-af6c-447b-aa32-2653fb61c0e1,5.27,2.61,4.3,0.37
instance-d7d6fbc2-c6a3-4b42-a744-74ac2db8003c,1.5,2.61,1.28,0.09
instance-da84ddda-e7a5-45ab-91e5-af93efbcd818,1.29,2.61,1.15,0.05
instance-e1c76e29-67e0-4d1d-b0d7-699a0aeb40f1,8.05,2.61,6.29,0.68
instance-e27228c5-893f-44ef-9038-0a1d1724a9e7,29.23,2.61,26.13,1.19
instance-f2962e16-eca6-4cea-958b-8ed3ca51242c,3.9,2.61,3.22,0.26
instance-f99aa52c-c8eb-42f0-a304-1e68fc3d7b78,40.25,2.61,19.77,7.84
instance-fb544fbd-ad8e-4e84-9d89-98a33e53404a,2.08,2.61,1.06,0.39
instance-fe33a70d-ea4d-48d2-b78b-884e24567ec6,4.55,2.61,2.55,0.76
instance-05abc613-5de7-4421-88e3-408a4784b16a,1.71,2.6,1.45,0.1
instance-0bdc2aa0-bdd2-4b03-9ee4-ca4efa5ec717,3.9,2.6,2.99,0.35
instance-0ed1d85b-786b-439d-9ada-86b4910afcf1,33.37,2.6,23.77,3.69
instance-124b40ae-8f37-4d2c-bd96-a399722bab32,11.09,2.6,7.43,1.41
instance-1c597058-e691-46a0-a76b-f97705be8d3f,13.03,2.6,11.55,0.57
instance-238cdbc3-5ca2-435a-ab2d-dc6c34cc0c0f,2.91,2.6,2.27,0.25
instance-270cb2b9-1a8e-4dc1-86e4-82c372eae180,3.53,2.6,3.04,0.19
instance-2d56042b-11dd-40f5-90a7-272962b2b5c3,5.02,2.6,4.08,0.36
instance-2fb21aed-ecce-4f44-bd82-1a4dc93040c0,2.95,2.6,2.27,0.26
instance-32936ad0-c37f-4d14-a867-7597ab308edc,3.4,2.6,3.03,0.14
instance-32ed9e99-9230-40dd-9888-dc9b6a27d4d0,0.29,2.6,0.24,0.02
instance-357b2ede-5f33-422c-8c14-571e95a6b3b5,3.96,2.6,3.73,0.09
instance-36623de9-51b7-47d3-8829-3c7ce492870b,21.24,2.6,19.64,0.61
instance-3b465529-3d42-4431-bf7e-63c8a1f6ce45,8.05,2.6,6.54,0.58
instance-406fc93e-0a13-4fbf-8d50-2a6faa9e532f,4.07,2.6,2.49,0.61
instance-451e966b-9766-4c43-8e3c-f36690e9d59f,13.33,2.6,5.86,2.87
instance-5115cafd-8da8-4a05-9353-9256f0676620,7.91,2.6,3.16,1.82
instance-57117926-9185-4bab-bf43-d12ba2e4162f,3.77,2.6,3.51,0.1
instance-58a83632-80f1-466d-89da-52a547ac4915,5.7,2.6,4.14,0.6
instance-5a5dfa9a-c00d-4590-bf58-cecc6182982b,29.12,2.6,20.19,3.44
instance-629b5594-ea7f-4f10-abb5-b6b9b6adedcf,10.83,2.6,9.59,0.48
instance-6f4c97c0-ebdf-4e7d-bc9c-a0509d711128,3.73,2.6,3.38,0.13
instance-789875b6-80ea-4568-a8c0-4d8fd9a645ff,0.31,2.6,0.24,0.03
instance-82bd0ca2-7b29-45d5-8409-d8beb1fc63da,3.19,2.6,2.47,0.28
instance-864da304-ca53-4e2e-9ef4-75c5920ed775,1.64,2.6,1.2,0.17
instance-8763d553-f24c-4463-a028-d1e9f37c881e,16.85,2.6,15.47,0.53
instance-8b617b49-f103-45b3-a9ad-d23175acd11b,7.85,2.6,6.23,0.62
instance-915bc045-17c7-4b2a-8047-8941289b62f2,3.97,2.6,2.85,0.43
instance-922d7f86-7db4-428f-8c9f-b5c304521838,23.25,2.6,17.74,2.12
instance-942435cf-4e2f-4a09-bd03-9f7bedb73030,3.35,2.6,2.14,0.46
instance-9ad08d43-0369-4726-9e21-0f1e49c1cbab,10.67,2.6,7.53,1.21
instance-a1d944fa-a1b7-4bdf-8312-e3249a40634a,1.54,2.6,1.31,0.09
instance-a6023864-0a9a-4b9e-b403-8be89717f170,34.13,2.6,12.09,8.48
instance-a6567abd-4b1b-4df2-a1a9-6e891686163e,22.79,2.6,7.26,5.97
instance-a7a0acd5-0d61-43ab-b48a-dd43f35dea42,9.27,2.6,8.29,0.38
instance-a7aae7a1-4295-4601-99b7-b1a40dc50bc4,6.35,2.6,4.98,0.53
instance-aed48a48-a47e-4410-b3e0-4cf2390ee5b6,15.03,2.6,6.02,3.46
instance-b216cadc-30ff-4bd6-b9f9-596d6316f472,5.29,2.6,3.68,0.62
instance-b33455f3-33cf-4376-b4c9-3c92064fc41b,2.28,2.6,1.72,0.22
instance-baab4f3c-5130-483a-a454-d9cedc6555a4,3.78,2.6,3.54,0.09
instance-bd54420b-6e5d-44d9-89d4-27763026c1bc,2.37,2.6,2.14,0.09
instance-c9bcb31d-29b6-4a9f-99e0-d5d43903c895,8.18,2.6,7.62,0.22
instance-cf922881-c38b-4084-b3dc-e65228b317f3,4.57,2.6,3.43,0.44
instance-d240d8f0-fe98-4a8d-984b-ce714c65904b,2.57,2.6,2.41,0.06
instance-ddc542e6-8602-47b5-af20-6b340028466e,9.0,2.6,7.65,0.52
instance-def0e13e-79c0-4042-bda1-2a7b0b729016,7.04,2.6,6.52,0.2
instance-e9e0fb28-90b0-474f-851c-61135199df20,3.09,2.6,2.93,0.06
instance-eb83230e-0d5c-401f-8751-1c1b03b0d5e0,2.97,2.6,2.62,0.14
instance-f4e79ea4-5c4c-4271-8058-1bfcf5dc8bb4,9.47,2.6,7.1,0.91
instance-f7967e52-c3f9-40ac-b3a9-1cec477efbef,2.28,2.6,1.74,0.21
instance-f9638868-17ca-45c8-9803-e0de6fb40b45,2.36,2.6,2.07,0.11
instance-ff1b920f-61c1-4d85-b841-d320556b4627,2.74,2.6,2.53,0.08
instance-06b48fc9-a96e-4ff3-9edb-ac67db83bdd5,9.23,2.59,8.63,0.23
instance-0a5069b9-3af3-490b-afe1-d0875d615a16,3.29,2.59,2.96,0.13
instance-0db3c337-b722-4dce-8df7-78d0e0553d05,16.36,2.59,15.56,0.31
instance-1805bc3d-312f-47dd-8d4d-f3ddaae0881f,16.55,2.59,15.74,0.31
instance-1d77f0bf-c483-40f2-a0f2-03b6f35ebad1,1.81,2.59,1.65,0.06
instance-204f27c5-50d0-493b-9332-fc1dbe7579be,4.06,2.59,3.03,0.4
instance-218887e7-02e1-4cc1-aedd-d523929a713d,3.72,2.59,2.84,0.34
instance-2191f1ce-f3bb-4204-8b01-77de664b5252,2.61,2.59,2.35,0.1
instance-25a3aa70-f63a-46b2-8e1d-a35ecf877ac2,2.57,2.59,1.91,0.25
instance-32141eb0-094a-4935-9cd6-dc09895d5e51,12.82,2.59,7.4,2.09
instance-321a6dd4-57a5-4e1c-8e90-947525c299ae,3.87,2.59,3.13,0.29
instance-36c9fe05-c86e-4013-ab8e-c39bb3622938,17.47,2.59,16.66,0.31
instance-395cfd04-e0a1-41ec-891a-3d20a9657837,13.59,2.59,13.27,0.12
instance-3b5017d0-b061-4106-914c-ee3bf409cab0,1.57,2.59,1.31,0.1
instance-3db1bcec-34c0-4a4a-821c-b1d9c4154821,4.8,2.59,4.12,0.26
instance-416ee3a6-d172-422f-b132-afd20027682b,7.88,2.59,7.4,0.18
instance-424e1973-87ac-4ed3-bb2f-db32b6d97a4b,9.75,2.59,8.04,0.66
instance-4309a76c-a275-4881-bec6-af324650fb91,5.65,2.59,3.56,0.81
instance-4f73650f-8294-4789-b287-f3f05dd0f677,2.76,2.59,2.38,0.15
instance-51f995c9-5893-490c-8d2c-24fdc57d77aa,1.58,2.59,1.47,0.04
instance-594aed20-f2a7-4044-be51-2b0d1da9a068,9.15,2.59,8.44,0.28
instance-5ea5ec1f-aca2-48eb-bd5c-9ecc62ad8863,1.81,2.59,1.65,0.06
instance-5ee88ba3-48df-4907-b137-03baf6689a9f,1.05,2.59,0.96,0.04
instance-68052319-c822-41d6-971f-b659a521c506,3.64,2.59,2.93,0.27
instance-7295b975-7a96-4b39-b021-6a42ad66b745,3.56,2.59,2.85,0.28
instance-7360062c-842c-41a5-ad20-7280f7c97d8c,8.64,2.59,7.28,0.52
instance-76d0ee6c-71e4-4dc7-ae16-9205be334594,1.67,2.59,1.53,0.06
instance-7c9dbb43-4b3e-46da-b521-926cb858240e,0.94,2.59,0.81,0.05
instance-851e2b17-bb3e-49a8-95dd-c389ee4afd75,1.88,2.59,1.21,0.26
instance-8c00a6f8-6266-4057-8f5e-c2e7383c589a,4.53,2.59,2.6,0.75
instance-8e9ef383-1a51-4221-83fb-fd25d97c10ee,3.32,2.59,2.51,0.31
instance-92ae134f-e66b-438a-9115-5def1ca15ed7,2.66,2.59,2.04,0.24
instance-9b6e5804-a266-4e19-afb2-04528489ca7d,3.46,2.59,2.74,0.28
instance-a941f5b8-81ff-4b00-92f9-69845c7b9f61,1.58,2.59,1.45,0.05
instance-ab5f8015-7896-463b-b918-adf9ca62361f,8.14,2.59,6.28,0.72
instance-b0066239-78a5-45cd-93fc-3c665296dfcd,8.06,2.59,7.17,0.34
instance-b2c19914-f9e7-4b58-a3b4-e68ba813c4f5,3.95,2.59,2.95,0.38
instance-beb2e99a-162d-4265-baa3-31412f4aaa28,8.23,2.59,7.84,0.15
instance-c45b4a34-fbac-43d4-b96d-99a916f2853b,3.43,2.59,2.92,0.2
instance-c7b2acbc-37d5-4826-b865-c055d74256dc,18.3,2.59,12.41,2.27
instance-ce987a89-fc8d-4505-8282-3abc8a54b613,1.46,2.59,1.2,0.1
instance-d36b7538-2f9f-4ad3-8056-94479ea6eb6e,1.62,2.59,1.37,0.1
instance-d595e366-104e-4c18-bd01-dfbae63393ca,7.61,2.59,6.51,0.42
instance-db285702-3326-4df8-a26f-bbaac5ffaefa,1.42,2.59,1.23,0.07
instance-e00ae6dd-34e4-4b8b-a734-25d447b3d6d9,2.48,2.59,2.37,0.04
instance-e5a26c2a-bf41-4c3f-97f2-b92b12598f62,1.81,2.59,1.5,0.12
instance-f6131b0c-49cf-4151-8dbc-633e7f4ad5e1,13.45,2.59,9.97,1.34
instance-f90aae83-05ba-4663-812f-2d3952dd27a8,0.7,2.59,0.49,0.08
instance-f92e27c9-8e38-4e46-acab-edbac1f53212,3.26,2.59,2.93,0.13
instance-feaa7c93-6249-4f16-8bd2-f1723ee1169e,30.5,2.59,12.96,6.76
instance-0abd3db0-ccc2-43ad-b277-a054a92c78bc,3.51,2.58,2.72,0.31
instance-0ce6f8cf-9fb4-4ca0-ba11-9f41afa62ed8,3.64,2.58,3.42,0.08
instance-15bf43f8-e8eb-4f55-aed6-f48c56516fd1,3.85,2.58,3.0,0.33
instance-17e91115-458d-4d8a-b48a-96ff06545ead,1.29,2.58,1.24,0.02
instance-213ab40a-4193-4451-9bd8-9d397acc0026,4.12,2.58,1.95,0.84
instance-29a1fa5b-4f3c-492f-8732-ef3218b034f8,6.35,2.58,4.83,0.59
instance-30d27d58-d102-42d3-a07f-98d04ea642bf,17.0,2.58,16.11,0.34
instance-32784b79-83c3-4929-9057-02c56c5408b3,14.49,2.58,13.85,0.25
instance-3303fa45-d767-4928-929d-a435b9334c0a,1.85,2.58,1.65,0.08
instance-37b69f86-f7c4-465b-b5a2-6e09b2d9738a,3.68,2.58,2.43,0.48
instance-37d62e6e-66ed-400f-aad9-11fb9f770165,4.47,2.58,3.34,0.44
instance-3b061bb8-d86f-4fc2-9992-3b2a2868c921,15.94,2.58,15.0,0.37
instance-3cd2c828-fdf9-4d98-8a0b-57947e493d13,2.72,2.58,2.04,0.27
instance-4185ca87-0b76-49de-9072-86685ccde579,22.61,2.58,16.99,2.18
instance-4f865d3f-604c-4a7f-88d8-76f503c45b96,8.03,2.58,4.5,1.36
instance-5176734b-c69e-4ffb-b24a-a670356e7305,1.39,2.58,1.22,0.07
instance-5ef67d60-b30d-4274-a40d-58fa5098f165,16.27,2.58,15.59,0.27
instance-68a68ff9-f833-4660-bf3c-422f50e8f1a5,16.56,2.58,15.75,0.31
instance-76a764be-02d5-4858-96e0-e2ea2bb88c41,14.92,2.58,6.67,3.2
instance-7b6620a4-59eb-47c2-9a84-4bb6ab98e988,3.94,2.58,2.94,0.39
instance-7ba9ceef-190f-454e-ba99-cda84df39c09,7.35,2.58,3.03,1.67
instance-7bdebfef-bd4b-4e24-8094-f0b6f9a1ea2c,2.97,2.58,2.4,0.22
instance-83661fd2-140a-460e-b395-dabd62db5f64,15.37,2.58,14.5,0.34
instance-836deaae-3d76-44ac-8a0f-cbef69b93e47,0.42,2.58,0.38,0.01
instance-8b90fb4e-e8aa-4f95-93ac-e50e65c6d22f,5.02,2.58,4.12,0.35
instance-97dc7405-1879-434f-bfe1-d55126f4b0cb,3.53,2.58,3.18,0.13
instance-99f00e3a-c844-4c89-a49d-3921cbce3bbb,3.9,2.58,3.08,0.32
instance-9e8c701a-77be-466e-bb1f-8336f882c49c,2.67,2.58,1.97,0.27
instance-a0f7fd0d-69a2-4fa1-a7cb-fa1418fefe2b,13.72,2.58,7.5,2.41
instance-a5865e2e-5285-48f3-90c5-399a80cd54a6,4.43,2.58,2.16,0.88
instance-a7576173-37ee-42ad-a837-a4fd069886d9,27.67,2.58,5.62,8.56
instance-a78d57c6-c943-4c72-be50-d4143be0623c,2.39,2.58,1.83,0.22
instance-ad9455b5-284d-4e83-9f4b-0b08caa600e7,16.95,2.58,15.08,0.73
instance-b4101198-0bb8-4c5a-859c-59fe69abd982,16.27,2.58,15.56,0.28
instance-b78fe4c7-1b2c-45f6-b169-a929c0800e65,0.86,2.58,0.7,0.06
instance-bc677f0c-6046-4c2e-b5db-911d87048a6e,2.62,2.58,2.02,0.23
instance-beaedcba-5a40-43df-afc6-23f1425fbf3e,10.76,2.58,8.8,0.76
instance-bf3ad324-7d0f-44a0-bcda-7e9b3f6b6700,19.8,2.58,17.32,0.96
instance-bfe0ae78-8df4-431e-a40e-fa8eebbef98e,16.81,2.58,15.21,0.62
instance-c0e6fba4-e892-4537-ab8c-083910e28967,3.96,2.58,3.63,0.13
instance-c3a65071-0cc2-4c5e-a52d-aba859171d6a,0.61,2.58,0.39,0.09
instance-c3b858d9-8bcd-4ca5-b324-f12c026f4081,13.91,2.58,12.61,0.5
instance-c7547ab7-bf14-454d-9a22-0650f39863f9,3.82,2.58,2.83,0.39
instance-d74daee3-3ff2-492d-8a51-1de3ee2a11c9,5.01,2.58,4.36,0.25
instance-def30e03-ca69-42e0-ae7a-087d6d5b2413,13.19,2.58,12.26,0.36
instance-df957227-8a57-4c4c-af88-20e4a0c9f3df,5.64,2.58,2.53,1.21
instance-e19d4277-31f4-4b7f-8a1d-e9eb9eba86bc,3.29,2.58,1.69,0.62
instance-e90f9d7b-47cb-43a8-b43c-ea9dc452d01b,9.85,2.58,9.14,0.28
instance-f2843b85-066a-4e11-b534-57b628ffe5e3,4.52,2.58,3.4,0.43
instance-f76ab53d-5afa-4244-9c7b-d204ac764b29,31.58,2.58,11.23,7.9
instance-fd6d465d-5dbb-4ef5-8c83-51c398b96c42,15.16,2.58,14.31,0.33
instance-fe6c20ef-430c-44ac-a343-b7772defe28b,3.06,2.58,2.58,0.18
instance-06b37197-863e-4ae5-9b28-b9f986c19b66,19.43,2.57,12.89,2.55
instance-079d7f1d-893e-4f24-a7b6-dd249c0fe9de,12.76,2.57,5.55,2.81
instance-0a0b7985-9ae2-4560-9d73-0cd020465830,3.89,2.57,3.21,0.27
instance-0d78614c-a1b1-402e-b117-443ef2b6a49c,1.33,2.57,1.24,0.04
instance-12500af8-0bcb-431d-8cd5-5c0015a1b288,3.18,2.57,2.77,0.16
instance-1ba167f1-2028-4ecb-89d4-da652e4c49e1,17.43,2.57,16.45,0.38
instance-1c752550-126f-4b00-8e15-6b77d0a9a536,15.2,2.57,10.74,1.73
instance-1ef71ca1-3c1f-43b9-acb7-50d8b89c5b7e,5.58,2.57,5.09,0.19
instance-23546ce0-af2b-4b12-a69b-13a861045ee9,15.36,2.57,9.09,2.44
instance-35d2c617-da75-4a4c-b999-c8e4cce8268a,3.06,2.57,2.54,0.2
instance-39174002-24e8-409e-87d9-f5da66cae24b,3.8,2.57,2.84,0.37
instance-3cb14482-deeb-48a0-9e36-e59e094f429c,2.24,2.57,2.07,0.07
instance-44959606-6a9e-4621-9475-1508d279fdb9,15.37,2.57,9.7,2.21
instance-46d2c370-29ad-4f0c-9def-d65706e22332,4.38,2.57,3.06,0.51
instance-47b972d0-d5ec-463c-8e03-a7131746accf,3.78,2.57,3.21,0.22
instance-48d5b3cd-3854-4b67-ad5d-63d4fa50483b,17.96,2.57,6.41,4.5
instance-4e7279ff-a091-448c-8a40-c069aaf1a813,1.34,2.57,0.89,0.18
instance-515cff34-cc82-4e98-80b1-a5098a1b66d2,8.18,2.57,7.69,0.19
instance-51ccc22a-81d3-40ea-b2c5-4df7f39f7a7b,3.25,2.57,3.02,0.09
instance-5209a903-e37a-42ee-a0ca-c0874b95fa96,3.42,2.57,2.6,0.32
instance-563ca862-85b4-41dd-b45e-f1c780f72900,3.54,2.57,2.96,0.23
instance-601e31be-5f0a-4d95-abeb-c1f92ff6e4ea,0.93,2.57,0.81,0.05
instance-60fb7c74-fc26-4a10-89b2-f792eb4f95fa,4.24,2.57,3.44,0.31
instance-6bac1626-da0b-480c-9738-acbf39b17580,3.66,2.57,3.41,0.1
instance-7c6ef3a3-f169-40ce-b3b7-51d487f2ac94,0.45,2.57,0.38,0.03
instance-7efee950-a55c-4e2a-b8a7-1b7b5d60f384,2.19,2.57,1.94,0.1
instance-8929bcb7-bfb2-4e2c-8f2f-1b26d404aaa4,10.06,2.57,6.52,1.38
instance-8adac61b-f7e1-4ac7-a43d-273b28fe91b1,9.52,2.57,8.28,0.48
instance-8cfe7d62-4da1-414f-99d1-bd8d14c3e97e,2.58,2.57,1.66,0.36
instance-99770065-c8cc-4dd8-a259-edb9efeb3efc,3.18,2.57,2.3,0.34
instance-9c608a64-23a8-4b7f-9bbe-914279f8be67,4.08,2.57,3.06,0.4
instance-aa4431ee-338f-4429-b5b7-349e51fdc3a2,3.95,2.57,3.01,0.36
instance-aa5c27c4-9963-4b64-9a6b-3bc8b9b290d9,1.41,2.57,1.14,0.1
instance-b051af4f-29c9-4adf-85b2-f4e140b23546,3.0,2.57,2.48,0.2
instance-b49bb5ec-ef4e-4846-b834-16287dd4abe1,15.84,2.57,7.24,3.35
instance-b70c5a7d-ff6f-4c4d-b3ea-47c6e881cfe2,5.77,2.57,5.34,0.17
instance-b899e1aa-22bb-4aed-b47d-7c3dfe44b97d,1.1,2.57,0.63,0.18
instance-bdb6f3d0-9106-4667-a992-c85c8c163b24,8.37,2.57,5.13,1.26
instance-c585aa8e-76f6-474d-8094-a1a94bf34e62,0.66,2.57,0.57,0.04
instance-c83e7cef-0960-4075-b067-9d4ccbc31692,10.79,2.57,10.44,0.14
instance-ce32ea1c-df89-43b8-ae95-bf59f8f355a1,4.57,2.57,3.5,0.42
instance-d059e404-29aa-4b1e-add8-9de8c34b46b9,2.53,2.57,1.8,0.28
instance-d38c7d42-56e7-4f63-b0a2-0a36172cd7b6,4.69,2.57,3.94,0.29
instance-e3ebbfb9-c712-4490-a7ca-04dc564743c8,3.59,2.57,1.77,0.71
instance-f0449565-5069-440a-9f3f-2e02f610fb30,18.55,2.57,16.85,0.66
instance-f37d94e8-2d24-4d25-9902-0608aa64a0c4,2.01,2.57,1.71,0.12
instance-011baa3c-ceb2-4460-9b64-4d1b624ca7e9,18.39,2.56,12.94,2.13
instance-01d4d281-fd50-4f3c-95dc-f7ff635ccaf2,2.73,2.56,2.4,0.13
instance-04efb472-b6e1-4483-ae88-8a2c75424d79,0.04,2.56,0.03,0.0
instance-08576a30-a812-4474-a2ce-8415ccc8cf0b,9.09,2.56,8.55,0.21
instance-09beabae-998c-4b76-802e-49c5475196d4,6.97,2.56,4.48,0.97
instance-0c9d864c-2a27-4ff8-923b-430d55bc467f,3.08,2.56,2.63,0.18
instance-0d5e90cb-2a18-481e-a146-ae1f77a614e7,3.82,2.56,3.5,0.12
instance-10442b38-ebb4-4aa7-9b75-1ccc384e229d,2.62,2.56,2.08,0.21
instance-11ad6e73-425a-48de-9d1a-18f36133faec,1.67,2.56,1.44,0.09
instance-13601d0f-13bc-4f1c-b05d-bedbab8ad56f,12.32,2.56,11.62,0.28
instance-167a679d-48b8-4187-ac3b-b577d47d3c2c,1.61,2.56,1.28,0.13
instance-19df82c4-1480-49de-b573-ca40fe0647ad,2.74,2.56,2.59,0.06
instance-39203a7a-559d-41a9-8a53-a68081a98d01,8.02,2.56,6.4,0.63
instance-424baa5e-397c-4443-8b09-56f32ec60ab9,8.46,2.56,6.81,0.64
instance-4398e985-3744-4389-868b-60b941dc59d3,4.11,2.56,3.15,0.38
instance-44634299-19e6-4f86-979a-855f68ead99d,2.11,2.56,1.73,0.15
instance-45c8919d-2bd2-4b22-a237-10429bade973,1.42,2.56,1.28,0.06
instance-4691c763-4cf4-4c1c-b6bc-9841016a3e7a,15.63,2.56,14.75,0.34
instance-4aec4003-3219-4202-8d4b-0bc484742c28,9.55,2.56,8.9,0.26
instance-50d404db-ee9c-494b-bdd7-351fd342d532,2.18,2.56,2.06,0.05
instance-598ec078-df2c-4453-bad9-0f18f8c6f83b,4.54,2.56,4.23,0.12
instance-5bde9509-306a-4e37-984a-7e40e5de618a,0.52,2.56,0.33,0.07
instance-5e4c20bf-b9f8-4e26-aa07-5c8c47a46519,7.95,2.56,2.07,2.3
instance-656a697f-7a4e-40e5-8e54-bd6d46bbbf58,1.14,2.56,0.97,0.07
instance-755c26f4-8ade-4a78-9880-215f2478330c,2.04,2.56,1.58,0.18
instance-78d2ed4e-9990-4cf3-a7ac-1bcbd07e70b8,2.9,2.56,2.05,0.33
instance-7978ca15-ce89-43b7-b3f3-e43cd0cd8d19,2.74,2.56,2.54,0.08
instance-7ba5e3d6-0bf0-49f0-805f-6d6978eb3f93,3.48,2.56,2.56,0.36
instance-7d38108d-9640-443d-828d-b3ba9a72fa70,4.47,2.56,3.49,0.38
instance-7e5255e4-1c7c-44d2-83ce-aa4a01748eaa,7.45,2.56,4.82,1.03
instance-877fae4c-5bcc-4acf-9c6c-999a288e7364,15.73,2.56,10.43,2.07
instance-8c416e5f-eac7-494b-8a27-79adf0051341,3.84,2.56,3.38,0.18
instance-95f8511a-2c8e-4121-9121-bee2a96079ed,2.83,2.56,2.49,0.13
instance-9e8f6ee9-25a3-42eb-9528-a1dd0d07f5ca,2.57,2.56,2.33,0.1
instance-9fd2d342-82cc-4b59-8674-a8f74942fb23,6.14,2.56,5.89,0.1
instance-a235665b-5955-4dad-ad73-b481856cf380,5.0,2.56,3.88,0.44
instance-a3e043b3-7aee-4bca-9530-c2a28dcd49d7,1.73,2.56,1.48,0.1
instance-a944fb0e-c8b8-4bca-b3ce-21a0111d7158,11.94,2.56,11.46,0.19
instance-b1742698-b985-4d61-81eb-fc061e4fb167,21.6,2.56,13.17,3.29
instance-b9e3b79f-dd9d-4152-b326-2b43eb20c844,2.26,2.56,2.18,0.03
instance-ba595313-c6a9-4f23-b5ee-ff4436f90c27,1.66,2.56,1.52,0.05
instance-be30edad-e8fc-419f-bee4-3dfb6c3de969,13.05,2.56,12.23,0.32
instance-ca0b07b4-d8b8-4f60-b729-1cef97c5a5d3,6.12,2.56,4.24,0.74
instance-ce927bbd-0b0e-4d78-b9d0-79653274167b,4.56,2.56,3.31,0.49
instance-d14f0f56-13ea-4e31-b17f-3efd99ad2a1a,7.11,2.56,6.7,0.16
instance-d70ef421-a3d0-4c6c-a4c4-0c48628089de,3.6,2.56,1.06,0.99
instance-dcca8f64-9f23-4bb2-a881-7cfbc19da3ab,7.39,2.56,6.85,0.21
instance-e00c5d06-324f-4c02-bd16-cd2069cdb1b9,9.12,2.56,8.53,0.23
instance-e25e77e5-21ef-4c76-b853-38b9f43de915,24.34,2.56,10.32,5.47
instance-e7d65a2c-7e0e-48f3-be0a-9dc7a11a4e4c,6.52,2.56,5.87,0.25
instance-ec29d4fa-60ce-477e-a2b1-872e234427fd,16.7,2.56,14.53,0.85
instance-eed88d8a-94c5-4c16-a886-272b73602af9,3.67,2.56,2.63,0.41
instance-ef032c0e-21b3-4cbe-bd0b-85a75b9f0384,1.19,2.56,1.1,0.03
instance-fefc060c-d6ce-4d3e-b10f-b2cbb310a771,4.08,2.56,3.73,0.14
instance-0cf4d5e4-23a4-4b42-8bfc-eb6dd92c71ed,1.53,2.55,1.29,0.09
instance-0f66840c-caaa-4aa0-b382-57042fd63032,3.36,2.55,2.65,0.28
instance-12cda6f5-1e26-43ec-8192-e1e699e06686,6.15,2.55,4.35,0.71
instance-1b9999fc-7bc3-49bf-85b4-163794a43dea,3.23,2.55,2.63,0.23
instance-1e6ef264-f888-4f2f-9908-62e184d97f63,8.62,2.55,8.15,0.18
instance-24519264-62d5-4e87-9e6c-79ff042c91b8,11.49,2.55,10.74,0.29
instance-36d92ef9-5460-473f-9834-c309540b7b96,1.75,2.55,1.41,0.13
instance-383aad9b-6305-45bc-9f3b-a054deb01e1c,1.13,2.55,1.02,0.04
instance-4540a38f-7c5e-4aa0-8796-5dc6df2352e8,11.72,2.55,7.98,1.47
instance-47039e99-626d-401d-9ba3-60e656f6ed4e,2.15,2.55,1.97,0.07
instance-4c1f614d-2bb9-424a-b286-b7bbe69a4012,1.07,2.55,0.91,0.06
instance-4c35d6b7-509e-44e7-973e-21a27ad9f990,9.14,2.55,7.36,0.7
instance-4fe92fb1-fa89-47f3-a462-c0c3ee6201bd,6.56,2.55,4.96,0.63
instance-57e8fa75-5cb0-4353-ba10-4d022b9d91ac,11.17,2.55,10.44,0.29
instance-5ef6f35f-933c-43cc-a2ab-c930b9322576,2.43,2.55,1.64,0.31
instance-60bb58cb-ee3f-408b-bc9e-a0939d058c64,13.48,2.55,13.03,0.18
instance-695278fb-bc72-4ca9-8aca-71655f951283,4.98,2.55,3.27,0.67
instance-6c0e9276-c7cd-4bab-9ac0-d00abefffd82,9.4,2.55,8.66,0.29
instance-71dd1dad-4631-4a9a-90d4-ed719c4ecb1f,0.71,2.55,0.65,0.02
instance-72c98ea0-8d7d-4778-94cd-26ab458e40db,1.68,2.55,0.89,0.31
instance-735dcfc3-775d-4bf1-a0ef-db47bb8761c7,8.13,2.55,6.9,0.48
instance-7bc5387e-8106-4532-a145-0cdc63e213f1,4.82,2.55,3.72,0.43
instance-7dc564d7-0563-4f8c-a164-e2bb8a33324f,11.58,2.55,10.75,0.32
instance-80c9a10a-0267-4aa3-a8bb-6d7baf7f220c,1.76,2.55,1.5,0.1
instance-86595d09-27be-4d09-bdaf-383807839d91,0.91,2.55,0.83,0.03
instance-89bfaccc-ef16-4334-ac9a-91dd47bf0330,15.57,2.55,13.75,0.71
instance-90e4813c-4f20-44fd-a323-4b6229eb41db,5.43,2.55,4.33,0.43
instance-9c5d22a9-0ae3-41f3-95f4-ce83aa866838,1.35,2.55,1.16,0.08
instance-a1b8dc0a-2471-4e2c-9e52-69c64fc8ae21,10.69,2.55,5.7,1.95
instance-a21513d0-d370-4f56-b8ca-d4eac1a9d83a,7.91,2.55,6.35,0.61
instance-a9c1f770-ae51-4496-afbb-dc1612524f80,1.19,2.55,0.97,0.09
instance-aa76aa8a-0ca3-4513-965b-18fa0dc88677,4.19,2.55,3.15,0.41
instance-acd88a7f-d891-4686-96bf-e7cd49bc2e00,4.24,2.55,3.23,0.4
instance-af6fa66f-aa20-4867-84e9-ec71d16d0613,0.92,2.55,0.82,0.04
instance-b08d5944-bbd6-4d78-835c-b2670d7aa848,3.88,2.55,1.4,0.97
instance-c9206083-06d6-4223-a36b-f592dbb17150,0.26,2.55,0.23,0.01
instance-cad99bd2-58a2-4e9c-b05e-52b6d3d41765,11.99,2.55,11.01,0.38
instance-d0c99dc5-f077-479e-821e-bc19f2f5a00d,1.8,2.55,1.58,0.09
instance-d646e4d3-013e-49a8-8392-f8dcc688998a,0.64,2.55,0.5,0.05
instance-db531cf7-d7b0-4f8e-9118-830329d2ef84,9.51,2.55,6.64,1.13
instance-dca7d588-e4ff-4176-b5dd-e063dbd28c87,3.06,2.55,2.35,0.28
instance-dfc5fb97-b53c-4887-93d9-ae4562d2af3d,61.03,2.55,10.93,19.64
instance-e2d45d85-724a-4e8e-b501-9508c7778633,32.94,2.55,24.62,3.26
instance-e403b50c-05d9-4904-8337-c76af86ca3c5,3.84,2.55,2.51,0.52
instance-fd0c55ec-ec2f-4ea8-84ae-e00fdda320c8,44.44,2.55,11.16,13.03
instance-00138c8e-6588-46f2-96fc-9326b2757580,10.21,2.54,9.45,0.3
instance-00fecb51-a22f-4ff7-a99f-17826d381c19,1.73,2.54,1.31,0.17
instance-064422f0-9687-40b3-b33d-1a11f4e4807d,4.2,2.54,3.76,0.17
instance-17f8ad1f-87ec-4d12-9b86-f0b05c1eb339,9.54,2.54,8.33,0.48
instance-1f43f712-615a-4492-917f-3f131a69f466,2.89,2.54,2.37,0.21
instance-1fe36908-db91-46c6-b49b-987e7ddef49c,4.75,2.54,4.57,0.07
instance-22fe2557-94aa-43b8-a5ed-b2a2acbed5b8,8.45,2.54,6.99,0.57
instance-246e0c22-d25b-48f5-8e5c-29e147fa3c28,0.7,2.54,0.53,0.07
instance-2f37cbfc-9880-4122-b4cb-f1d922a60016,3.31,2.54,2.52,0.31
instance-3840333f-99ad-4bfa-b5c8-ba1634dd23e1,2.22,2.54,1.83,0.15
instance-388cf271-2fea-4284-b9c3-ab733d716e3e,6.35,2.54,5.29,0.42
instance-3b3a4e7c-6da7-46c2-af6e-40907a35f5d8,15.82,2.54,14.78,0.41
instance-4833fb1c-c9db-4e77-a8fb-abd09adbe567,11.31,2.54,10.64,0.26
instance-4935298b-f3e4-42da-a8fb-02e29aaf7f2d,9.28,2.54,8.73,0.21
instance-5a0a5ff2-8896-4c2e-8e8d-b835544cb629,4.0,2.54,2.37,0.64
instance-5a55f57a-c15f-4bac-83d8-98100ac9ebab,5.36,2.54,4.58,0.31
instance-5f258c3b-e80d-466f-abfa-ee94e2dd7537,2.24,2.54,1.98,0.1
instance-6400cdd0-bd11-4d65-a8cd-00d34ec2d7e8,7.91,2.54,6.27,0.65
instance-678225cd-3216-44ca-8176-819f2f6e36c5,4.24,2.54,2.35,0.74
instance-6a4127ea-bc68-4f20-97fd-0b0b7d9dc0e1,4.07,2.54,3.74,0.13
instance-6e9069df-05ac-4d23-8a93-0efa722600f1,3.84,2.54,2.83,0.4
instance-6f0fabd5-9304-4580-805e-91a081c69b23,9.22,2.54,7.54,0.66
instance-70406155-eb5a-466c-88a7-4f4083ca5ff6,0.72,2.54,0.58,0.05
instance-758d54f2-765a-41de-8b40-5c3a6226b0c3,7.37,2.54,5.82,0.61
instance-79bfac35-8b4a-4a5c-b218-5ad8f29fe908,2.58,2.54,2.43,0.06
instance-7cfb3733-45ce-4f6a-9bc6-a44a9f840613,2.73,2.54,2.21,0.21
instance-7e2c775e-c932-461e-810f-fdaa83b0e169,19.62,2.54,18.6,0.4
instance-7f5f5597-79ec-4215-99db-0cc1b449e46a,1.69,2.54,1.58,0.04
instance-89721d72-a844-45da-8985-78ce88da3e72,7.57,2.54,3.94,1.43
instance-8ff8f9c0-0917-4275-9048-6fef9460f164,9.29,2.54,8.39,0.35
instance-95fcf1b4-eff4-48b2-91fc-f53f78776eaf,4.08,2.54,3.08,0.39
instance-9c3dd9cb-6e0e-4bfc-9288-44e46973e4cc,10.32,2.54,4.63,2.24
instance-a2388c8c-4061-429f-a9ca-d50553d50639,17.33,2.54,16.48,0.33
instance-a41abeb5-447d-4525-b780-ff08c6ae8136,3.15,2.54,2.72,0.17
instance-a7345272-854d-4331-8235-66c64ad7e7d3,0.56,2.54,0.54,0.01
instance-ac8d3370-e494-437e-9b7d-5bbbbf52746b,7.33,2.54,6.72,0.24
instance-bbff87a7-a983-4f9d-982b-7eac9f9fe94f,13.45,2.54,11.54,0.75
instance-bf29b406-a126-49f7-9e43-48e61ae47e2f,8.25,2.54,3.61,1.83
instance-c47cede3-e2db-4796-a13f-7a2871f8f3c4,16.26,2.54,4.84,4.49
instance-d10ce5f4-2278-4e97-a0ec-f6a7b30ee446,1.12,2.54,1.01,0.04
instance-e21588c6-b98d-4ece-aaa7-cab35a494866,1.42,2.54,1.06,0.14
instance-e934f653-fd0a-4494-81a6-4f00895a1866,3.7,2.54,2.96,0.29
instance-ebb1b257-7192-4679-8151-7ca89210d893,3.56,2.54,3.21,0.14
instance-f2d067f5-d79e-490d-9e11-e41bf314c691,8.39,2.54,6.9,0.58
instance-f696dc93-d02b-4a36-aa9b-a20f23ce3cdc,14.99,2.54,14.0,0.39
instance-fa1a6fcf-b7e4-42e3-80db-3c051fe3b893,2.55,2.54,2.39,0.06
instance-fcbe9891-4f05-4c53-b104-e847d0418c48,11.58,2.54,10.28,0.51
instance-061ac700-d7fb-44ae-985e-9a922ff68899,1.47,2.53,0.72,0.3
instance-1061cd84-dec6-4750-adad-dd153953a621,17.33,2.53,13.26,1.61
instance-12c3eb2f-f11b-46c6-b47f-e459f75a1591,4.46,2.53,3.52,0.37
instance-16bff1b1-63ed-4d36-b220-cad21e147a49,1.2,2.53,1.07,0.05
instance-2005794d-a394-427d-8aa2-f3ebb1a60f65,5.35,2.53,4.04,0.52
instance-24bdd6df-5141-4091-9821-c93dcd7fd951,1.05,2.53,0.95,0.04
instance-2759565f-00aa-4672-a937-4b577841056b,54.47,2.53,43.77,4.22
instance-299b7274-f5d4-4cad-a9a1-93cc870ec53d,8.39,2.53,4.88,1.39
instance-33476fb7-7da2-45cd-ac8c-cbb5ecb0e88a,8.32,2.53,4.48,1.52
instance-34bd0904-1352-47c0-89c6-61a6beeed233,1.44,2.53,1.25,0.07
instance-38dda657-6d1b-4e66-bd41-83e34fdb4ff2,5.51,2.53,4.75,0.3
instance-3abc6398-977d-49dd-ac99-9da5aaa12023,6.93,2.53,4.85,0.82
instance-422cf1d2-21a6-458d-9aa7-6023c75c156f,9.11,2.53,5.64,1.37
instance-492c12d7-7833-4268-ac4a-74190ee7e556,19.84,2.53,14.0,2.31
instance-4b77fd3b-d46e-4efb-8828-0516b628f86a,29.54,2.53,22.97,2.6
instance-4bba97dd-948a-45e6-af90-76a4caf40bcf,8.47,2.53,4.72,1.48
instance-4e13a8f5-4b1e-48b3-8909-856b411099e4,9.15,2.53,8.3,0.34
instance-5260cd16-33b5-4699-82a1-34c6bceb9ab9,4.11,2.53,3.25,0.34
instance-52be5c1a-f8d6-4ee0-a0bf-6443f66565f2,4.11,2.53,3.1,0.4
instance-555cf214-fb49-4085-942f-41080dae11d1,28.17,2.53,15.82,4.88
instance-570c23c8-bbd9-4a91-b97d-d85799af29ea,4.17,2.53,3.3,0.34
instance-5c0a40e1-907a-4c66-add1-47564c0e66ba,10.19,2.53,8.78,0.56
instance-5d913d54-1834-45f9-8d3d-03a1cdbb2639,22.01,2.53,8.03,5.52
instance-5fc8d6e3-7a53-4762-ba84-25bd2e5ae551,8.79,2.53,8.08,0.28
instance-6fea4546-7f3a-4c12-97d9-2b15e8d267fa,17.65,2.53,16.07,0.62
instance-7b3a5c38-e517-47c9-8fc6-070b9517fe22,2.51,2.53,2.14,0.15
instance-7bd71378-81a7-4a01-8bef-d7fe1c45510e,17.65,2.53,12.97,1.85
instance-81bf94e8-48b0-4eba-a3ac-db95ecb8886a,3.57,2.53,2.63,0.37
instance-85bd49fd-8e84-41c3-968c-4cd194e2118f,2.36,2.53,1.84,0.21
instance-897eaa19-38ee-4d0f-a4a2-94067f713b55,7.69,2.53,5.9,0.71
instance-96a22480-8b15-42ec-a17a-b2ec14d975c1,1.8,2.53,1.04,0.3
instance-98cbed6a-8275-4cbb-ab01-7e61f65c3f32,2.92,2.53,2.4,0.2
instance-991f47f3-42ca-4a8f-96c6-c74b4cead775,1.81,2.53,1.58,0.09
instance-9f64b473-34d1-4b56-9f2a-6c3340937e48,2.71,2.53,2.33,0.15
instance-a00582ae-c78e-4600-a0a1-0b799a865788,2.38,2.53,1.76,0.25
instance-aa8ac59d-07a5-4432-843b-db064053d629,8.96,2.53,8.17,0.31
instance-ae27a742-fd06-43e2-9c77-5f333bd68ae9,3.01,2.53,2.38,0.25
instance-b3512fb7-464c-48de-88e5-fbf302442a5d,4.57,2.53,2.41,0.86
instance-b3bc7422-0b6b-492c-9a6a-0aa1e2e8074a,18.1,2.53,17.01,0.43
instance-b584eda2-364e-4719-99b3-41bf2f360bee,2.01,2.53,1.9,0.04
instance-bbfc39ab-aaf9-4143-a3db-7de4c74ac633,5.06,2.53,4.02,0.41
instance-c0805f4c-2bd6-409a-b42d-dec51c95a95e,4.07,2.53,3.07,0.4
instance-c3ba4d6a-e467-40a0-90d4-4ed5a902ca80,2.67,2.53,2.1,0.23
instance-c4d3ce3b-9b6f-45bb-990d-278de595fec6,14.71,2.53,12.28,0.96
instance-c8cf1ff0-ed6f-4879-94b9-71f4d02a9ffd,1.78,2.53,1.46,0.13
instance-c9e19917-9c15-42f0-b906-a4b38859e8d8,16.83,2.53,15.98,0.34
instance-c9eded8d-74b5-42ec-a0c5-1cdcd8c65e84,1.93,2.53,1.6,0.13
instance-d21d658b-1212-49a5-b16a-39eed79b048d,4.55,2.53,3.82,0.29
instance-d4100e39-707b-440d-ac65-5cd24295704e,3.63,2.53,3.32,0.12
instance-d6d35245-4306-4937-b3bc-d93131db2c94,0.86,2.53,0.74,0.05
instance-da6e7dce-2908-40ce-9042-0225fbcc4a64,17.88,2.53,13.35,1.79
instance-db1f384e-72fa-4ab7-aa6d-691e614eca13,0.36,2.53,0.35,0.01
instance-eb7c72d6-ebe5-40e0-89f3-a181474127fa,2.3,2.53,1.67,0.25
instance-ec7dd346-683a-467f-a62a-23bd376976ec,3.41,2.53,3.08,0.13
instance-efb35a44-5fb6-4d97-8b5f-35b11d482369,3.74,2.53,3.56,0.07
instance-f01f28ef-eb46-4948-b001-50d2b30c825b,3.58,2.53,2.85,0.29
instance-fb5e9c59-7991-4b94-90e4-f7c93a5622e2,0.88,2.53,0.75,0.05
instance-fb73b149-6548-4af3-b939-586ce4cda75e,11.17,2.53,10.41,0.3
instance-009c72c4-863b-4cc7-b011-823d573816e6,2.95,2.52,2.25,0.28
instance-03c4c62d-d057-4c46-91c9-1ac8627b4f66,2.79,2.52,2.46,0.13
instance-04805f0c-da5e-40be-996c-3c1a27140714,1.85,2.52,1.63,0.09
instance-069521c2-4440-4384-a1c5-f0cfcd2cd301,3.73,2.52,2.97,0.3
instance-07bfd4da-57cf-40b1-a17f-6c0adef2a8f0,3.15,2.52,2.83,0.13
instance-0c05cf9d-75ad-4310-b28e-5c5509e60140,14.8,2.52,14.19,0.24
instance-119048a4-3683-4f73-85c8-dc35b516b1b4,3.68,2.52,3.41,0.11
instance-1883f413-4ce8-4bb9-9005-d76e60cfb369,17.7,2.52,13.7,1.59
instance-2f857ba8-9ae0-4640-b5a4-5544f95951e0,5.49,2.52,3.05,0.97
instance-352cfa2f-552b-489c-9691-d4778583d75c,1.12,2.52,0.92,0.08
instance-354cbb82-f762-48e4-97bb-a2aa594094fe,3.7,2.52,3.63,0.03
instance-37820d46-b4f7-46d0-8754-ac20740b8950,3.05,2.52,2.55,0.2
instance-3a8a60e3-0f81-4cfc-aded-40f306ef6c9f,17.28,2.52,14.99,0.91
instance-3af913e2-4a80-4964-aa44-79d10a6e50ea,8.51,2.52,4.95,1.41
instance-3ee41695-2529-4be2-8a6b-6caa12a3f1c2,1.62,2.52,1.54,0.03
instance-44a29e51-0b70-4b0b-b56c-31798badbe9e,4.63,2.52,3.94,0.27
instance-4bd56d68-3eee-4691-a4e3-c1efe905df3c,15.99,2.52,13.32,1.06
instance-5110bcd0-cc1d-4356-9cba-05ffd261fd19,1.05,2.52,0.9,0.06
instance-5da4c8ab-6d24-4036-af71-dae101a9b9aa,18.25,2.52,16.55,0.67
instance-6533ee10-e2cf-4f86-acb6-98e097385885,2.41,2.52,1.88,0.21
instance-688ecbef-17f8-44bb-a6b7-ae41a938e2df,3.74,2.52,3.51,0.09
instance-7552c98e-7add-4d77-bf52-903ef3b40c53,2.76,2.52,2.41,0.14
instance-7b7d5c54-c913-414d-b05e-4257106d1c9b,3.02,2.52,2.57,0.18
instance-7e5ab4ad-8d88-47fb-8ab9-7afe8eb3c8a4,13.09,2.52,8.71,1.74
instance-84cd083a-e210-4227-a879-f19ca1235b8b,6.02,2.52,4.98,0.41
instance-8715ff3e-83f8-4181-8efb-073054af8072,5.08,2.52,3.16,0.76
instance-89166fc6-8e7e-436e-afd2-c57cbd1d0669,2.03,2.52,1.55,0.19
instance-8c27e30b-68e9-434b-b8af-a0bcfab06d9a,8.82,2.52,8.37,0.18
instance-90eb1db9-b407-427d-9c61-b788307dab75,11.07,2.52,8.94,0.84
instance-91fe9621-2b11-45ca-a1b9-20e6aff5ef3b,26.29,2.52,13.01,5.27
instance-954d7f16-ce4d-4363-b6a5-3b4b9d89081b,16.01,2.52,14.1,0.76
instance-9de69ae7-a9eb-4793-b6ba-cbf00d805b99,7.47,2.52,2.82,1.84
instance-9edebf4d-e343-4e17-8245-595a13974eca,3.27,2.52,2.5,0.31
instance-a4d0f63b-f7d2-489a-9c42-4ef38fb7b5b4,3.68,2.52,2.96,0.29
instance-aa4f4034-3993-4fb8-a514-4395252f0412,13.32,2.52,10.1,1.28
instance-aae75253-f876-4b72-af3b-a7dfd141f56e,4.45,2.52,3.59,0.34
instance-ab8cecfe-de4c-46b0-9618-eba5db7831ae,3.96,2.52,3.2,0.3
instance-b1528b53-374b-43c0-90fa-58da8d804d75,3.88,2.52,3.53,0.14
instance-b2c7fc53-748f-4be8-9d23-c076eff503c0,21.01,2.52,16.6,1.75
instance-bc45d663-f317-455d-8ee0-91857fd46d5e,15.82,2.52,13.24,1.03
instance-bc9def2b-3d60-40ec-bff4-1a229a87058b,6.28,2.52,3.41,1.14
instance-bf27f4aa-1ccb-4051-869c-bd4719d46f9c,2.72,2.52,2.18,0.21
instance-c062990e-a11f-4327-a3f3-d786b9927a6e,1.98,2.52,1.65,0.13
instance-c752d019-73d7-4166-9588-ec94423f8379,15.81,2.52,15.26,0.22
instance-c78f0955-cc4a-4792-aabe-477eb100596b,6.66,2.52,5.54,0.45
instance-ca4f9eeb-635a-484c-abbd-18ec57988661,3.59,2.52,2.87,0.28
instance-cea60448-a617-45dc-91c7-508477732eaf,17.28,2.52,16.36,0.37
instance-cf742336-d584-4405-9d55-dc5f408983f4,2.2,2.52,1.71,0.19
instance-d3ad8b09-0aed-45d1-9634-e812095ac2b8,10.26,2.52,9.48,0.31
instance-d9ead97d-56a2-4082-93fc-b9d73839f64c,0.96,2.52,0.78,0.07
instance-dd32ea28-169f-4105-9be7-4695bb559d17,1.19,2.52,0.67,0.21
instance-f04f065e-fc55-401e-8679-719d47c6a829,3.83,2.52,2.37,0.58
instance-f1e07127-cd84-4c97-a973-5d4139985ff2,24.82,2.52,14.31,4.16
instance-f27c4227-bd5e-469e-b498-72fdbbddd9fb,8.01,2.52,5.4,1.04
instance-f3efc5de-1c77-4c32-9d70-25cdd62dbe4a,0.54,2.52,0.51,0.01
instance-ff8bbd1b-0035-4f14-baf6-6de5f437066e,0.55,2.52,0.43,0.05
instance-026f4775-238f-4acc-8a7f-2a79d1eabd4e,8.17,2.51,6.55,0.65
instance-062af2b5-c7e5-47d1-95e1-44488a074abe,4.79,2.51,4.08,0.28
instance-06df8242-1ca8-48e2-abab-70802dbb2b42,2.72,2.51,2.31,0.16
instance-0965ee3d-ce64-41c1-a22e-e60177fecf93,3.74,2.51,2.89,0.34
instance-0d66472c-7e44-4ee4-b2bc-68e9846584a8,9.76,2.51,7.38,0.95
instance-15774522-3f2f-48cf-8ea4-a88d7eb517ed,25.27,2.51,9.7,6.2
instance-1612f621-c97f-40b5-9896-81dd6a6135f2,3.74,2.51,3.06,0.27
instance-182ca1a8-d69a-4978-98fd-8b7e531a7496,6.6,2.51,5.05,0.62
instance-1d19bb6b-e813-4ddf-ae0e-34af65ee38b5,4.22,2.51,3.23,0.39
instance-28370ae9-685e-4e1a-8b50-89be5eb790e1,35.67,2.51,14.49,8.45
instance-2dff088f-62f0-41f7-917e-87a15095dd42,14.16,2.51,13.41,0.3
instance-30d5aceb-3ca3-4fd3-bff3-f3ad77702a08,7.43,2.51,5.84,0.63
instance-3f7f438a-94bf-4aa0-8552-63a24e5f6bf9,5.28,2.51,4.15,0.45
instance-400444c4-23a4-4b6f-afaf-b6d90c011ee5,3.82,2.51,2.84,0.39
instance-40636943-d7a7-454a-b057-2337f11f4ad7,2.43,2.51,2.18,0.1
instance-43b061ce-a417-4182-8e83-feb07aa4872d,6.46,2.51,5.01,0.58
instance-450ff103-3078-454f-bc9a-61b42bed6818,3.79,2.51,3.08,0.28
instance-4d192eb3-c988-4008-b305-ee3bea8a37f6,11.55,2.51,9.89,0.66
instance-60239757-bc6b-4ea8-a459-60d2bc2e98ba,18.39,2.51,17.27,0.45
instance-6ae4c98e-6434-4ef4-981c-dcd956716f2f,4.86,2.51,3.34,0.61
instance-792a7167-a5e4-4348-b21b-dfc9dfa6099c,9.69,2.51,5.91,1.5
instance-7cd73dc1-d90b-4c2d-8d8f-2fdb590e4bdb,15.24,2.51,8.66,2.63
instance-7e27bad5-76cc-4409-b363-d5cde10a209b,0.44,2.51,0.39,0.02
instance-84982939-5442-4f10-b1a3-228b378bb333,10.56,2.51,10.21,0.14
instance-8845fedb-c521-4733-b78e-cac3f416dccc,7.25,2.51,5.79,0.58
instance-8c71401f-846a-4afd-9108-958473d1acd0,63.53,2.51,56.01,3.0
instance-8e2d8a8d-75d1-44cc-9d5d-0c2ee92e0daf,11.25,2.51,5.06,2.47
instance-8eefc571-8162-4677-9cee-dd4c37577bd9,3.29,2.51,2.52,0.31
instance-971ad24c-97c4-4c57-a2e0-b49486a40526,5.86,2.51,4.2,0.66
instance-9c92ab5d-a195-4b39-9152-29e6e63b7774,1.08,2.51,0.87,0.08
instance-9d21915b-c49c-4657-9393-21ffc703cf28,7.73,2.51,6.4,0.53
instance-9dbb48b1-08ae-413b-b21e-9b1549bc896d,14.75,2.51,13.78,0.39
instance-9eae51a0-07b5-4ae8-a9df-c8281bf6759e,4.24,2.51,2.85,0.55
instance-a3bd1fea-960b-4915-966d-98f5f8c4bfb8,9.92,2.51,4.51,2.16
instance-a5b96da7-1216-45e4-ba35-5a89f26ab7ae,3.09,2.51,2.71,0.15
instance-a7aff359-bc0e-452a-a564-725cb762656e,4.06,2.51,2.92,0.45
instance-a85262bf-f925-4eba-b1ae-4af28987a4ff,11.7,2.51,10.94,0.31
instance-a86dede4-72b5-49cd-8cb2-42158c645967,54.31,2.51,19.34,13.91
instance-aac7738d-6cb0-4d47-bbf0-9e1b08c43d98,4.47,2.51,3.02,0.58
instance-ab041bf6-7a38-4947-aecd-8c9047210fd0,4.8,2.51,3.82,0.39
instance-b1520e88-ea24-4915-8945-7fd831e36025,4.33,2.51,3.34,0.4
instance-b235dbbd-6e92-41aa-bbff-dfdf8b1de9ab,4.43,2.51,3.23,0.48
instance-b5946234-a6a3-4ef2-a90c-2be642818d30,0.7,2.51,0.32,0.15
instance-d863f2ed-aad7-49bc-be9f-995193212836,4.16,2.51,2.81,0.54
instance-dfb00a00-6cd5-46b4-a95c-4d3b87bfc374,0.66,2.51,0.61,0.02
instance-ed03a169-1397-4992-8f1e-2930d7a02bef,17.58,2.51,16.04,0.61
instance-f275eab1-39dc-4fd9-b80a-0f1f46732109,11.79,2.51,4.39,2.95
instance-f426a44a-cf71-4d3e-9aba-1643e61bbdcc,14.51,2.51,5.99,3.4
instance-f6cb5a66-b8fb-403a-b9c9-ba705da95926,2.57,2.51,2.24,0.13
instance-033b2ae8-6346-48a1-be6d-7956a878e0c7,3.08,2.5,2.53,0.22
instance-03583ead-2f4e-4825-9003-e334271a5ce5,7.71,2.5,4.51,1.28
instance-035eb2b2-641a-4ac7-884b-848ca7d0bb6e,2.35,2.5,1.74,0.24
instance-121c4798-5995-4a88-9164-a4bc593a3536,1.82,2.5,1.46,0.14
instance-12ed51bd-2c06-4ae8-a13c-1071fbc41993,14.6,2.5,13.53,0.43
instance-1c2be0cc-3ca4-49b5-a883-16188588e2e6,1.35,2.5,1.19,0.07
instance-2452f1d5-bc80-4457-b4b2-7fd940c15505,1.29,2.5,0.93,0.14
instance-40846e60-1321-4878-b321-914479116422,16.69,2.5,15.54,0.46
instance-4770766f-b7a3-4f8c-a9dd-166e32a19160,7.88,2.5,5.57,0.92
instance-4aaaf875-9346-4fd4-ae30-6afca6941c8a,2.39,2.5,1.46,0.37
instance-55804872-b812-4a3d-83b8-f0498aec244d,1.33,2.5,1.11,0.09
instance-59e1e5b6-d859-4900-89ae-a37c569bfb4b,3.19,2.5,2.55,0.26
instance-6a54dca0-49a3-44ec-9198-f73259b341b8,33.72,2.5,26.48,2.9
instance-6a730299-2e3b-43d9-9c50-c26fdd65f861,6.92,2.5,5.87,0.42
instance-7da5e6d3-b166-443f-9298-fd04bf8f09f8,0.51,2.5,0.45,0.03
instance-941264a8-9f30-424f-beb1-16304cc6795b,8.71,2.5,7.28,0.57
instance-956c26fd-6fae-4a2d-ac9d-8f3fdb606dfe,13.85,2.5,5.18,3.47
instance-9986c97e-835e-4dd8-a864-ebfc4b833473,2.44,2.5,2.16,0.11
instance-a64807a1-e894-4e2c-ae91-dd9c2ebb2ef2,15.78,2.5,15.15,0.25
instance-b805e2eb-2c59-42ad-b90d-a5a8d504f2bd,1.77,2.5,1.48,0.11
instance-bbf7eb69-902f-4458-ae82-e19d23c3dd58,4.47,2.5,3.59,0.35
instance-d1fce5d6-5c72-4e60-8f1e-31bb9af0c2e5,5.13,2.5,3.65,0.59
instance-d44b184e-7b79-439b-a155-b34d949384d8,1.41,2.5,1.18,0.09
instance-da9d167f-bcd6-4ad5-b0b9-be9f14583a26,5.46,2.5,5.26,0.08
instance-db8c95fa-74cf-4822-85c0-3748685f0fec,13.43,2.5,7.17,2.5
instance-f41c1e51-d440-4af8-9d9c-e2a20483c0ff,1.76,2.5,1.49,0.11
